PC1,PC2
0.5656963705900913,-1.6284650436817063
0.8421769313131515,-1.6721141926176575
0.8148515995984486,-1.6939199722504552
1.10572519721388,-1.6358274039669018
1.1021208094939259,-1.6738732358178756
1.0866787439250307,-1.6857474673347599
1.363594592199442,-1.6518980151168647
1.347919005246209,-1.6273927854925851
1.3104141857604914,-1.6660474250329316
1.2717373433772663,-1.6887128580642383
1.1920138424849842,-1.637479970553416
1.1254395357357037,-1.6839619343541117
1.0648665974293927,-1.6618703656253266
1.023430676005374,-1.652669809750707
1.0101173487897672,-1.646078262325339
0.9775375351041166,-1.6435884440730435
0.9355379996686429,-1.6642375359919301
0.9240277003976158,-1.670221590189912
0.8766562154349068,-1.6678024284818067
0.8655653041941064,-1.6779701412529113
0.8625951327704338,-1.6397580902097675
0.8663577937131558,-1.6741567985115142
0.8291943400888465,-0.6860357821439351
0.8455880872807986,-1.6914333772363475
0.8447391611294285,-1.6763437445803455
0.829065570552254,-1.62596428336699
0.7805603857868384,-1.6654314480461423
0.7996984927335917,-1.646236304556407
0.7770559583390537,-1.6635382646656485
0.7497801933034691,-1.698510853051217
0.7753437591391015,-1.6794898280896804
0.7588986961997832,-1.6777408480794929
0.7745278189721889,-1.686144413851201
0.7420010311902662,-1.671330317678353
0.7799889829800584,-1.6309092726967755
0.7806827893245737,-1.6727804502187562
0.7792284954118966,-1.6595135343359286
0.820187055894322,-1.6533466606285219
0.8300911388747927,-1.6860083640643337
0.8324533728197016,-1.65189052439357
0.8819637043703512,-1.6680665731049666
0.8790192404621432,-1.6900081712577557
0.9372833402841919,-1.6447181702675175
0.9489771360453657,-1.6959745354111906
0.9883336010684605,-1.671804179012196
1.0234613262029328,-1.6484343958498664
1.0017749011072088,-1.6525606441715972
1.0242276278532592,-1.6683472607002017
1.026989874096759,-1.6674476523499129
1.0012356006775225,-1.6830766814760105
1.0295244027538666,-1.6448749279403927
1.0245173224942352,-1.6876611203589666
1.0201806408990108,-1.6376098767073646
1.0058812709973604,-1.6536243858141568
0.9784173925441373,-1.6715937881536072
0.992197090025728,-1.691108072870439
0.9901583077396717,-1.6672451026877615
0.9799875173447927,-1.6813949001745156
0.9780702685201065,-1.6524689477113654
0.9726449493055787,-1.669866386617875
0.9779932050434496,-1.6653807577657012
0.950621629337797,-1.681631240753573
0.9741376591514262,-1.6650221849407045
0.9568981455111639,-1.6373734603060244
0.9514062785551635,-1.6530276214293953
0.9657302862902882,-1.6481076853745902
0.9484722549581058,-1.6553123565736945
0.9227146593706436,-1.6771651964460166
0.9092898846112772,-1.653586362438875
0.8736700426434466,0.5256767406680268
0.9154942905475421,-1.1370992081470588
0.9186210967762407,-0.3658022831625285
0.9175765006921859,-1.6613899027404382
0.9178653923234219,-1.6540174971303718
0.9067421919789114,-1.6913409688727237
0.9268828852922028,-1.6589460817265549
0.9525512957683411,-1.6403843098720718
0.9410550743254881,-1.6767129818562472
0.9553325462481794,-1.6633729288427064
0.9481531145700562,0.0010700784146707193
1.0053698082499942,-1.6359587213493192
1.0093310965934972,-1.6701764183226684
1.055277608877705,-1.6669268538057638
1.0798336244473234,-1.6568316475633456
1.0877442172273921,-1.6503386647716878
1.1622645824651678,-1.6390999644862085
1.1772870458605784,-1.6707880871088283
1.2025367593293506,-1.658721663072934
1.2224085595879368,-1.6606917710332478
1.240716232906417,-1.627117071528399
1.2545287308555484,-1.6318409927877149
1.2597821811732588,-1.7026131220464849
1.2796152702218266,-1.6632439448332674
1.29237568398277,-1.6436653473728293
1.3211644804285905,-1.6437827167428765
1.3653893610448842,-1.6413572337758684
1.415135610153962,-1.6716971113186694
1.4113410191346685,-1.6538560538044547
1.4336736378124952,-1.6507996592582477
1.428124394664765,-1.6641981999309359
1.417972064476499,-1.635809099102118
1.4329570482891325,-1.632349562250042
1.4017923638740344,-1.6801127334581163
1.404419476946098,-1.6866082509561848
1.4032878426127242,-1.6559100389165144
1.402701406254133,-1.6668455648629381
1.416766757530941,-1.8206932497304174
1.3709959769649154,-1.680554677508673
1.3698989776131743,-1.1093503021057538
1.3952340122373814,-1.6555503646528649
1.3918555090683313,-1.6366797585374626
1.4008146707466933,-1.6696075302438684
1.3825371768637664,-1.6812469768758123
1.3183874445194623,-1.6588028604087823
1.3313505615282033,-1.6801585594020056
1.2936641846147825,-1.6727773151450063
1.2916678724148427,-1.6357687159838203
1.2936146221104026,-1.652782394703111
1.260735568687264,-1.679694393470458
1.253329660945936,-1.6857759169966222
1.2806592440801143,-1.6565658066178657
1.2520659006725223,-1.6782853582751103
1.2469625309788988,-1.6642580167075214
1.2717893414184986,-1.665455726557186
1.300148681186293,-1.6659879880838815
1.2870802989586416,-1.6823830793761763
1.3206809966694106,-1.6313790160390553
1.3131743300764394,-1.6686924922943975
1.2988188027545875,-1.6286025508389554
1.3192854553381739,-1.6790536784367558
1.3378568013164274,-1.6848914583699692
1.3278980557090523,-1.6437159082108228
1.3224043802831518,-1.6817974380881802
1.3461042019225087,-1.6298804752563063
1.35433665686459,-1.7366539866882842
1.3377604466981006,-1.6651637940395851
1.3094963537396245,-1.675325374966906
1.2894946475369395,-1.6830931665809512
1.2647789801331148,-1.6672156913394325
1.2467092270266964,-1.6488500484552053
1.2845677065766312,-1.6477157389630757
1.332524383320297,-1.8770137924351957
1.2847175877061343,-1.63939942614444
1.3136569017289563,-1.6742840179477245
1.3451638041982223,-1.674482078392213
1.3481839497693204,-1.6574348730109796
1.3934943018646597,-0.4040157688471267
1.4165572681576744,-1.6802555001782002
1.426368783125012,-1.644606450715894
1.4320909600596705,-1.676381932295183
1.4092348257297291,-0.9968625954553376
1.4430134115757642,-1.6518759588717058
1.46387063887632,-1.6748153162500778
1.488085441345144,-1.6774684895052074
1.4888531798244284,-1.6589332658281037
1.5002365891944456,-1.6583361071730909
1.5172023385225935,-1.7652527370375233
1.5084206245175455,-1.6643297195484026
1.543309015461757,-1.6465169665083124
1.5464049961183313,-1.6468733519795036
1.5600501379384992,-1.6328250260582644
1.5701154592549884,-1.6514033722845198
1.5519605936524061,-1.6360810846990435
1.5884503215038193,-1.663708731968517
1.590799577292783,-1.6591726961150544
1.597984374113805,-1.6817124001082215
1.6008867071684454,-1.6761146391982014
1.6316761354358076,-1.6638015124775523
1.6093389512403655,-1.6795373247678989
1.5936194994408097,-1.6215767412536861
1.6301336298660447,-1.6990700844012139
1.5983433661950661,-1.6583928794997957
1.6108163690370172,-1.6577648402234069
1.588781441638931,-1.6474775091837188
1.5452969968508365,-1.645623894935664
1.536148699773588,-1.6761130880664583
1.5258508846110495,-1.6410581517826177
1.5101977604139243,-1.6338601837594935
1.4932497726371388,-1.6902932993238562
1.463378159899699,-1.6773353316444906
1.4415826167793089,-1.650897550751308
1.4405686173767966,-1.6403058380041844
1.4752886712307192,-1.6637638368150995
1.4618795790248404,-1.6560616925635039
1.4865638861952448,-1.6705354576088576
1.4651198029288883,-1.6747439004241356
1.4526201273004111,-1.6936306369965473
1.4841780393249038,-1.652058247106481
1.481057911255728,-1.632687222293347
1.4982651487791911,-1.6585536612034455
1.508282294226595,-1.6388759728846305
1.5045144749953019,-1.675144501046212
1.5534660385991714,-1.6707892389551229
1.5632898270710427,-1.634464849034554
1.5609994994511465,-1.6577572847258246
1.584426591978405,-1.6598357418652732
1.5541802563822162,-1.637153585440386
1.5401230876454648,-0.5825752345523894
1.5972339399039583,-1.6629598196747433
1.5643363794582539,-1.665916327507968
1.6248775556962718,-1.6688621588342407
1.6209291086246762,-1.6780773761467505
1.6249301239498368,-1.6730106570758865
1.6435914611900915,-1.648657718425691
1.694910896130575,-1.7892643910040575
1.6721271095915222,-1.6556555471863061
1.707596080279266,-1.6531691825289425
1.6753851016194252,-1.6909711290703908
1.6978977359037783,-1.6800143007807984
1.6956707103608477,-1.6571749317654414
1.733102433491606,-1.6786612299859252
1.7562704582032707,-1.6952959051905305
1.7777016452555001,-1.6485021454490014
1.8122953468292233,-1.6696622439014563
1.848870450359816,-1.669438560755662
1.8744328520311866,-1.6763268715723507
1.9237881135181485,-1.678600963694919
1.919680238003633,-1.6576509446467653
1.9264295873507076,-1.6387565338743912
1.9332083422727795,-1.669690807447479
1.889330151432391,0.4519128998264942
1.9328785502585675,-1.671252113608042
1.9488802573449404,-1.644472559811724
1.9428068697598957,-1.6770155857664
1.9057096521390253,-1.6796149667005418
1.906355520541583,-1.677998192031732
1.866521400544187,-1.6638329255978739
1.8286374720048864,-0.7598888754104411
1.8553851903695735,-1.6503306451725182
1.8350404691273177,-1.6386166713172685
1.86761019978288,-1.645092873643597
1.8618716994727427,-1.7130617778110933
1.8540323355771053,-1.6753438226778177
1.8463968484554505,-1.6959790818692617
1.854459589853306,-1.66441775673951
1.841773327906686,-1.6867089373919284
1.8270090448132503,-1.660756927498682
1.8254471739460982,-1.8344304823711792
1.786340940095905,-1.640490601436207
1.7922930691994157,-1.660828060510581
1.792097712757466,-1.6680646951497566
1.7832102692045613,-1.6249892050964863
1.76377096630832,-1.6467151135068583
1.784491387944318,-1.6241379943438112
1.7801573657073073,-1.6653932524169495
1.7780589082910854,-1.6595739757867523
1.8031299780243788,-1.659446721701907
1.785154600495799,-1.6606298877973218
1.7885637671923638,-1.6634922496531803
1.7907817341460561,-1.6647660920495577
1.7954306869492467,-1.6646983301502323
1.81787834239964,-1.6549806369234594
1.8286482723156712,-1.6441816167718664
1.8218963192191608,-1.6961438137708271
1.8238394892974474,-1.6777487933734314
1.7901803033112549,0.47194042768906314
1.8255116754270866,-1.676165419614226
1.8512604638973325,-1.6603401380540381
1.8647531689446843,-1.6532249917766724
1.8959176226812497,-1.657708105278095
1.9210940678328867,-1.6571093894921516
1.9086906329853435,-1.691434651684073
1.9381270687848957,-1.7813973294892644
1.9318413819036349,-1.6412835917950774
1.917697782517802,-1.6828341524167
1.9512816853152966,-1.682490688622457
1.931776643285547,-1.666492212920877
1.9111359405168533,-1.6681146660289878
1.9249018744372308,-1.6873559460485734
1.8966183583858802,-1.6599781168955074
1.9153682388015527,-1.6899349430843635
1.911439387364561,-1.6425348187093125
1.9236097336371316,-1.6845394219457446
1.94393200480135,-1.6460731610946933
1.9654183887172116,-1.6808351753311528
2.0005790077049914,-1.652448423565739
2.0102317174091695,-1.6325924424128828
2.038332315831019,-1.6469663302618538
2.048693213279375,-1.650527533888901
2.048404058128894,-1.6656077656002357
2.0690747384403405,-1.6770957257780785
2.0869940250709575,-1.6704983089264014
2.095286360974241,-1.6499971764871115
2.1059951287639325,-1.6505771644963951
2.140290718506915,-1.6784233711250052
2.128938310507611,-1.6862888981275244
2.1623753195878024,-1.6483058853989325
2.182136788133737,-1.6742680349490506
2.1895148548495493,-1.0202344811649953
2.2190481180405865,-1.6365700372049614
2.246156626522857,-1.6861499694111526
2.2590741450939658,-1.6497173008176678
2.292924610869678,-1.6695214537862395
2.31205482922737,-1.684545696248937
2.3175767592746532,-1.6584471252883473
2.3190947895574405,-1.636194937709872
2.334510873905308,-1.6780379872186728
2.298784597320577,-1.6626653826070823
2.2717664671197624,-1.650631939704971
2.2604889410131324,-1.6763873328747694
2.237472329295402,-1.665453400687598
2.2350396816054405,-1.686555268575344
2.1996555062183876,-1.661573049634087
2.205937175077203,-1.6747546751168707
2.2129233221379745,-1.6527976979777412
2.200545740244178,-1.65343785184847
2.234149660762483,-1.6544291487479332
2.2450665371163687,-1.6605176327892583
2.2725816965528294,-1.62497033934419
2.3305390166569393,-1.6813851369299149
2.3481847227489454,-1.6793046683441735
2.4060268200812716,-1.6773757883939504
2.4106876706572242,-1.6454880749156877
2.4279865064938106,-1.6458153232333972
2.488434628915555,-1.6799937719019662
2.5114644403486683,-1.6698783737859482
2.530078915496609,-1.6658270254138001
2.5391031594499514,-1.657731834502651
2.5375577397411297,-1.6605364724665996
2.5339678036601727,-0.45077930641359093
2.5607489843397597,-1.658717507129892
2.5852894768601127,-1.6621686495923025
2.5573253125407613,-1.6806865721725317
2.5565947881661546,-1.6660945632262916
2.542899409695382,-1.6855218973938604
2.549213612671519,-0.7134180168512192
2.5522583988787275,-1.6614400733056744
2.5465638392955667,-1.6355085170236292
2.537048611428396,-1.6476879857781652
2.5180875136479086,-1.6885923063470052
2.512423081046065,-1.6439067865304313
2.557054952186231,-1.6834792244024148
2.572628604078726,-1.662888458812352
2.589595911556721,-1.656374096761319
2.5851722737846967,-1.6774971756213826
2.615030600526126,-1.6558655969115326
2.587019046334497,-1.6875054689804956
2.6324515298518034,-1.6531465849888665
2.665250417302081,-1.6918047872975217
2.652563410707817,-1.6700747743746465
2.639477844756099,-1.6509764089055687
2.644394900867791,-1.6443225086305129
2.7020488857260534,-1.8164206758749133
2.6868591222075247,-1.7022863276185753
2.7287295733736943,-1.6579919811134751
2.7616374315715255,-1.6482217767032723
2.758746850787956,-1.6456111204415613
2.804314142077261,-1.6734862208690036
2.8578136061525035,-1.6988500599362257
2.878716830210106,-1.6691375654186775
2.93147323431792,-1.678911596496861
2.9770843587798184,-1.6456578270300846
2.9956853508009487,-1.6330826874234132
3.055252993311457,-1.661583800503409
3.1011508412920192,-1.637920111722075
3.1170006372403707,-1.6472613217926255
3.1668316430392403,-1.653019937288677
3.2447900098741442,-1.6663426159604269
3.2645220502968457,-1.6901214434925884
3.3063995964333484,-1.652828159546573
3.339720536304454,-1.67565289119038
3.3246025714004555,-1.6618917482292215
3.3511927199945193,-1.683262215491758
3.3553207987723,-1.65991368285483
3.3908412677438493,-1.662816291986426
3.4026952810045454,-1.6462589935995957
3.4120756241588657,-1.6621315884866246
3.416501999538936,-1.6592199353719188
3.4353151244008955,-1.6361619481792298
3.4923765838591256,-1.6412212167015168
3.508843717569666,-1.6958458341627323
3.5344868521566686,-1.6956600902938335
3.537027645448882,-1.6700020423917532
3.570859932778541,-1.6636272201535316
3.647160012870269,-1.6543920065979323
3.6627337584574504,-1.6622655914559952
3.7031088822392064,-1.6816740632289948
3.689546611824104,-1.648802418338231
3.712328719248597,-1.6783781696100706
3.7410392389311404,-1.7003653480797667
3.7445083447293683,-1.69144139479226
3.7518899457144665,-1.643392013673604
3.7334301941954013,-1.666828081564729
3.7267433952683477,-1.6641518450470518
3.7204933171374273,0.023620664859684063
3.7458256431669126,-1.6747618062559164
3.741273481051162,-1.697694433608827
3.748531251361454,-1.6465193083040242
3.7470869793571064,-1.6474892182944307
3.7556922610442656,-1.6655042805384657
3.769958780782964,-1.6921676048414183
3.7586655310101182,-1.680132559428486
3.751358491226914,-1.6769713843432221
3.7667195841412404,-1.7012304200311472
3.7509685630865106,-1.6771280274008844
3.750385491655849,-1.669675153504343
3.7468516842546893,-1.6604483749235945
3.749376164862931,-1.654762147345113
3.743795062305373,-1.6681908562451904
3.765983793987558,-1.6828655461301019
3.7801776449412285,-1.6804133969466608
3.745245931482906,-1.6518196434464874
3.7608676643938828,-1.6608470324639724
3.7831142564659177,-1.656238586224902
3.7933135174672534,-1.6846545651236633
3.809389414477481,-1.6777733676774682
3.800815825834374,-1.693496450021118
3.780435204121586,-1.6675870068146768
3.812726633111886,-1.8055586157492056
3.8199120751979905,-1.6216295090859032
3.8488024510789636,-1.6649256450740628
3.836640758523512,-1.6665937595092193
3.854708089552023,-1.6865816730585763
3.8604460142677053,-1.6669030002794956
3.877725147006032,-1.6876597560190325
3.9096097856688847,-0.8789357239072569
3.912610045633431,-1.670634942476872
3.8940957663172804,-1.6615022982658545
3.8408177408776805,-0.944965460100765
3.8653688107552466,-1.6974688664861075
3.8543500552975134,-1.6719034439466558
3.867941158472729,-1.6714618634471061
3.841926640599813,-1.6731998010839475
3.8103069046938973,-1.6746405638318702
3.800178170298413,-1.6543971232144554
3.7951344615354565,-1.676570121116445
3.7900534886721218,-1.6659853650131877
3.8156805406612184,-1.6925767597242425
3.793830330231578,-1.6617701490320405
3.7624007530128787,-1.6818310983218243
3.7809659616863165,-1.637945513465023
3.7855301217345745,-1.6511590968452625
3.8059299656193346,-1.6816441020518678
3.8092236247174736,-1.6516847495977163
3.772748473481539,-1.6512662894264791
3.742620618228286,-1.0590287495164152
3.7429341533021616,-1.6645376659116384
3.759648086921103,-1.628422205047771
3.7389484573658667,-1.651807741419708
3.705758561035775,-1.0760751876242582
3.665173702827047,-1.6596551276642666
3.668420960537967,-1.6599146991740126
3.673692009975758,-1.63275398519147
3.690871530244296,-1.65583911070848
3.703611465363036,-1.6473334893736484
3.7214989888795835,-1.6553785391989124
3.722795353239662,-1.6498127963236067
3.7555964324814513,-1.6597995859683474
3.817047948144656,-1.6668917736044293
3.7892708515546096,-1.6647504587909958
3.8270712782172422,-1.6715622231744742
3.8413088499219747,-1.6696891266439498
3.842212693316923,-1.8227835649766513
3.8688610910531867,-1.6715506310667312
3.859338776165589,-1.6817034183405855
3.871480524672256,-1.660008505128425
3.8878143775806233,-1.6845401455680498
3.8759102767004565,-0.9482804685614514
3.8742430026132326,-1.6697249335210973
3.8557643210915034,-1.6999611097190526
3.866670434786292,-1.6299901492121238
3.8603508769148935,-1.6821033201414997
3.8554694184052534,-1.6815289677722656
3.870289209473822,-1.6446612650572014
3.8587539838121687,-1.6505033804149258
3.876266873512108,-1.6502118969683137
3.8786007547933514,-1.6585597679494348
3.8874339780237914,-1.652162472081323
3.9063369482436516,-1.6925319757226611
3.8981225075116366,-1.6750438065970081
3.940452000385398,-1.6787083369832385
3.930526152009719,-1.6740868672453093
3.9527583063390836,-1.6532340040344478
3.950488051908437,-1.6585223544644225
3.972849647394397,-1.6290620402014067
4.00104522888605,-1.675423128101025
4.004126848481459,-1.6828958793369355
3.998237329877927,-1.6973736739826906
4.003278956746895,-1.6903436662401357
3.9782508248517274,-1.6950179882348841
3.982414713823805,-1.674042806629046
3.9972228166681587,-1.6624138742684293
4.005251959837893,-1.6390097699665853
3.9837908989730413,-1.6379100948387888
4.014896298798348,-1.6542355217737865
4.005568887976325,-1.6240699525473679
4.0558055131602275,-1.7168022588475875
4.038188581987974,-1.66101844438891
4.047320679285629,-1.706921461595568
4.057726677042868,-1.685035150442598
4.0444654099262936,-1.6580625850191908
4.101609555253032,-1.6679253232015516
4.092505091461401,-1.6854553683129878
4.108942381492712,-1.6643573067318234
4.096901104628716,-1.6821742644853999
4.089775722932869,-1.6537122511356952
4.066126771324416,-1.665844310935491
4.065086156059384,-0.9987165429411357
4.0743288291743465,-1.6832916239784972
4.067545839499606,-1.675068454779263
4.06564483345505,-1.65236206622196
4.080914359568983,-1.6466639298920869
4.060888076459201,-1.6438463818957771
4.02892974564217,0.2279094603058281
4.07665300054106,-1.641612314956361
4.0825462155604,-1.685372731743459
4.091190142847817,-1.648287526487664
4.08386668528467,-1.6526556940885568
4.055060893199041,-1.6651611131804571
4.035813212069165,-1.6534433991420876
4.043377684417933,-1.6697453974676781
4.036411590860019,-1.6898750211892202
4.025160553443102,-1.6422655540026085
4.038747157325919,-1.660534472325475
4.0427869883593415,-1.6656079071655718
4.018046466155648,-1.6671149169917017
4.030455821550054,-1.6913634077062414
4.004698899032945,-1.6775966931947932
4.024661344028522,-1.668882189010103
4.020152790756914,-1.6598124375630396
4.02541768091029,-1.6617250576412723
4.051543682632753,-1.671629615765046
4.036650950995255,-1.662239381165706
4.039623007071202,-1.6454077867893666
4.003191739815111,-1.6568232811584014
3.9844049316652805,-1.6738355127914435
3.9997671884373647,-1.675323562873627
3.990050485592037,-1.6914416238820622
4.012063250998165,-1.660788741939846
4.009073076761524,-1.6869107953984668
4.002977633209484,-1.696379218639266
4.032664627104387,-1.6758954540719118
4.036946125509527,-1.6827309571627966
4.047206593490546,-1.6616696512332914
4.057935272594251,-1.6577705556184361
4.101626754738995,-1.6652750653604775
4.130769951688892,-1.6946899645407854
4.173966648369517,-1.6638989621881208
4.201101333322589,-0.8994278854374502
4.2111290042469935,-1.6680357595032649
4.201230257589013,-1.6853532432575713
4.195302467953444,-1.6552082538467758
4.221782960287999,-1.7027381763714393
4.208455024147895,-1.6676955284359112
4.197558413793683,-1.6862191980932661
4.198389570562022,-1.6615625653808967
4.161556185127466,-1.6992797364735863
4.159711928726869,-1.684948408389756
4.125916537734578,-1.659071751697738
4.1123885975448875,-1.6567156117607968
4.097208718957528,-1.657688850945124
4.106222928342642,-1.6525774053176345
4.110773683691186,-1.6748935379652867
4.090777002071945,-1.6615395838647804
4.093223158494648,-1.6640952214530549
4.100176120933513,-1.6694110414873038
4.101305344831368,-1.6610772786283443
4.134198164570718,-1.6881818609318608
4.140919385095311,-1.6624809084133485
4.157524268669123,-1.6878893478899388
4.217908759009437,-1.6813572729788877
4.2194045409094905,-1.691615599199621
4.1932228572551224,-1.6742289572019047
4.159389147067791,-1.6297112180054698
4.150498673002694,-1.6545841693745862
4.140774253696262,-1.6689047190506054
4.138402322278507,-1.6815458093076256
4.143504107746492,-1.6625502946273798
4.091138354865311,-1.6793646282914847
4.08059150726484,-1.6712322570392852
4.054954901177341,-1.6576880279695598
4.076150004139534,-1.6670236436853059
4.07082558600743,-1.6401303347256022
4.098260664960547,-1.6559216537221575
4.107105316925163,-1.6679494228735776
4.10059310193625,-1.6651041796898072
4.115671724733144,-1.6687884491836884
4.127203213180059,-1.6542394271301464
4.102922940579536,-1.6635672027306134
4.129695147271674,-1.654177354678855
4.11779802704167,-1.6533884018683875
4.082617265779883,-1.630394604680697
4.070967939131363,-1.6537129206446088
4.086730510799441,-1.6655962036695655
4.042316983875148,-1.6831212722175697
4.031917952598504,-1.6638796069652466
4.0150876005754474,-1.6614582669735916
4.013935462799691,-1.6572500817877056
3.9713092321476884,-0.3219615169771131
3.991788126434082,-1.6854333757064728
4.0331815380935625,-1.837274322780246
4.03598466813215,-1.679017485495915
4.045347248134785,-1.6674309785609114
4.101859617885982,-1.6945694066505181
4.096742196021844,-1.6734095762751489
4.125788766722981,-1.6634735029669838
4.139379210128687,-1.603710007081754
4.134250583009699,-1.7023893023337886
4.161452119269277,-1.7008568510160167
4.154901958563071,-1.6609644640979477
4.142064429191649,-1.6899862974593562
4.144955290999014,-1.652251569964395
4.129977611271163,-1.681230191619029
4.092425323785319,-1.6729556125544456
4.117011522409336,-1.6786876398206527
4.074527587166924,-0.8039721609274828
4.057779336568182,-1.6730239799184359
4.025355510510435,0.30641769911448424
4.05697140547503,-1.6270876281453581
4.08288213849753,-1.6707804121294323
4.132132407789359,-1.6566140895862742
4.162062737476014,-1.6415513143897056
4.176608955633946,-1.6876031234660105
4.191762050387789,-1.648261087035091
4.23433835483556,-1.6559825268502284
4.254402182903983,-1.6769608147035642
4.284993496857053,-1.6727150224481395
4.3031655639695865,-1.678755551221878
4.296614089649577,-1.6133906320308937
4.334942505144654,-1.6900415245513025
4.36863050526249,-1.6643565356457302
4.360959327741202,-1.6772054453551661
4.385380591415135,-1.7761070955642901
4.385780993793187,-1.6822640190989908
4.364969204796191,-1.6512794727290416
4.381028615676388,-1.6618350176531704
4.388222837126176,-1.6317226637476827
4.367688212487614,-1.6962080503005794
4.341525990180442,-1.6462299239539475
4.304762225006981,-1.6702540688919285
4.28785614873629,-1.6758183014899595
4.260674751251177,-1.6830120115644163
4.230642660855306,-1.6470801104406447
4.223805464520784,-1.6458704260725965
4.238774677057358,-1.6359565716500444
4.249839582184574,-1.6363367280803904
4.257721541298014,-1.6776343712731174
4.271777662738373,-1.6383851467757515
4.244719635927573,-1.6664044817642578
4.243408088464589,-0.18082041613755673
4.2890454027903235,-1.64374644778386
4.3023964975100295,-1.663764119243945
4.2858439413945,-1.6920584309469462
4.285342189076888,-1.6820265741696456
4.297811463833245,-1.637102087515438
4.277331389969033,-1.6257259928987366
4.3140395178489115,-1.6904131489279592
4.326454661530997,-1.6726243780876582
4.3317133370264145,-1.6837319764736554
4.358429245518519,-1.6930474455187978
4.351526453725053,-1.6880056886932946
4.363677249779113,-1.679946382035396
4.3747204895795075,-1.6334542951863182
4.36307192721478,-1.677350386101492
4.3575706629788975,-1.6666523040689467
4.3540832180901745,-1.6459318838305232
4.37489172589204,-1.677155586391475
4.376527496010042,-1.6973987646230215
4.363212260997849,-1.5978646487180395
4.347554677257785,-1.6830209138137127
4.304098093427991,-1.6366788346405117
4.291986741906704,-1.6395554245998454
4.263368000649552,-1.6565289100727323
4.290758209916417,-1.6534340054710246
4.257630982901799,-1.6566888445318417
4.210305321669109,-1.6716521949732268
4.224789154182228,-1.6792102857078268
4.21252125501177,-1.6533985764232697
4.2316709952810685,-1.690611593027297
4.266283531917464,-1.648681616673578
4.281140018718371,-1.6580971384715542
4.313145152630602,-1.653579375359147
4.33902163336868,-1.6752385762527002
4.355026146420698,-1.6363282305234126
4.403463901767787,-1.6787895541414755
4.446165162970935,-1.6744509857433267
4.438191019504394,-1.6319416743425756
4.458832069920777,-1.6778637559429193
4.491833092734333,-1.6673749920211076
4.526379605011458,-1.6489498745451767
4.507828401721398,-1.6485191657808476
4.549327800255505,-1.6837078258021059
4.555781574816217,-1.6821629591106007
4.557760742628892,-1.6822720325846479
4.615318568673831,-1.658453919056072
4.621843532109245,-1.7326474499856375
4.6367868652118736,-1.6730974768070832
4.647025266347165,-1.657987879423768
4.690715291569451,-1.6522620529851972
4.722289379571115,-1.6385285028508174
4.749171708928245,-1.699199970466677
4.773199040399461,-1.6377068830273418
4.787960731588349,-1.6760979526714357
4.825511990933393,-1.6720022962275434
4.825863061628041,-1.6806061272877317
4.817632677168616,-1.6100528504404201
4.825556215671798,-1.6914417088522387
4.85239464852458,-1.6803645540333652
4.854975634914999,-1.6308097280540874
4.8914955319142654,-1.6658531222457813
4.923314790598241,-1.6886962657934443
4.914339035250968,-1.6610672623565297
4.947905823549587,-1.6796664129528984
4.946200254410404,-1.6555047101385325
4.970449310420717,-1.6612746678013404
4.9889628752512944,-1.6781138974064802
4.987472545672064,-1.669066271741651
5.00559821350239,-1.686028814669102
5.0002835915871415,-1.69215876950756
5.016446923188718,-1.6641726114641733
4.998841938235938,-1.6856123247235684
5.000430450189454,-1.6730986910733447
4.997010344017019,-1.6763674499910295
5.011369049464015,-1.6527600018619282
5.030806523942267,-1.6455003668386514
5.070568686077363,-1.671789099935677
5.089195226221486,-1.6295048394703713
5.123536613138757,-1.705808951760196
5.154226114481397,-1.6700160511007587
5.184037995900619,-1.678927587182634
5.208028587657606,-1.6707098155547067
5.209031688114049,-1.6727589571903256
5.223694118194179,-1.6639907379512973
5.223065676415643,-1.6674153171500865
5.200272235013288,-1.6817536674303701
5.222924466244044,-1.654057882345415
5.154280569115871,-1.66476118328336
5.115309792571047,-1.6617293058794957
5.117688082087545,-1.6766814869480302
5.066419743333156,-1.6555233390495872
5.068471019112498,-1.6429024597601312
5.064918280884183,-1.7055844514901197
5.050373073688424,-1.640029668884921
5.060065339072024,-1.6753333273395081
5.066007300146103,-1.6502165877158599
5.080278009941196,-1.6428371993141213
5.097464210588787,-1.647056594938171
5.094175745811583,-1.6394625796679283
5.138518775345164,-1.6790318473537607
5.155087637527629,-1.664584883116745
5.168050043137496,-1.677626999332853
5.184287844997773,-1.683505110115701
5.194856088942696,-1.6627283376991628
5.196332662920158,-1.6476600937102823
5.224651351407777,-1.6701760281100708
5.216205453471241,0.16165774412919737
5.248086797935992,-1.6486793409075506
5.261700401861877,-1.6847518464196707
5.267633604086673,-1.6719141810682134
5.263852854664132,-1.655230236440817
5.311598114821104,-1.6744654810206503
5.3557260997673195,-1.6372427378472416
5.3618788838021105,-1.6343802644251226
5.398848296150693,-1.6700971210488575
5.451606028704402,-1.684528400951032
5.475946719879683,-1.6634925798010947
5.523486757653878,-1.6748301881132748
5.5223214915336785,-0.30336399285535837
5.574732184989953,-1.6825106025886845
5.599263831048885,-1.6672794166154759
5.6255107341509705,-1.6733139452603871
5.656867834202009,-1.6854969708085688
5.6079185883282205,-0.29854468951271923
5.672955222737481,-1.6828298194140132
5.678460824243469,-1.65983920707046
5.665392388414611,-1.6663674792827303
5.7024754894105145,-1.6520157465786482
5.689973358849649,-1.6600535884598835
5.6654230596930555,-1.6818950008108453
5.701085726185487,-1.6683046588134978
5.691989829232584,-1.6550661729760443
5.70611598539747,-1.6680151605668037
5.709718891248936,-1.6603716606416703
5.727973773678072,-1.7021237620525933
5.723535590071644,-1.6800910269603135
5.77908442791859,-1.6674118449817383
5.81242473506869,-1.7002802015675342
5.805378626733483,-1.671470499291259
5.827835982100404,-1.7018276974552469
5.836907967728163,-1.6454244786280123
5.80901784380476,-1.6673019758142675
5.812593942312157,-1.6844660121982464
5.821790857247172,-1.6748377430464392
5.824148915014208,-1.6596579995332503
5.8147385843709785,-1.660341168260447
5.820047520489929,-1.6662566624974842
5.78764170427462,-1.6862901126704988
5.736419325434811,0.4171143278688641
5.811439702774559,-1.8222081101920111
5.772069474882298,-1.6896751787470716
5.723795621377639,-1.641316815099351
5.652777658990974,-1.6762947120604257
5.586923337770519,0.08025637721696098
5.574958722983056,-1.6758129171920721
5.515150372293949,-1.682930714941152
5.490908023639035,-1.6779117340284821
5.423948098947769,-1.6842021485790442
5.389433859119178,-1.6579679958942246
5.34405261668567,-1.6524672933005304
5.319842491804511,-1.6750641326957356
5.300092742376601,-1.6728920858083867
5.268171122848081,-1.6766719055180683
5.222245988168672,-1.6882643957153152
5.174849099232607,-1.6944772812126567
5.160350907287457,-1.6300182103286451
5.1386211265466235,-1.6662429586274128
5.138283445551344,-1.6473502969042577
5.13287566194211,-1.6432390152579566
5.117572057475791,-1.661487529309052
5.064551503386376,-0.8722520333567925
5.076650919372304,-1.8306587379137962
5.048787150343968,-1.6523207757189775
5.030847678412126,-1.691209383729738
5.0502984353623965,-1.6598826029518796
5.000792051793972,-1.6636994213941068
5.016770322622914,-1.6766397047649073
4.965216274682952,-0.34820890451760017
4.973988735502391,-1.6977943353041658
4.970384755983002,-0.8731607794991789
4.959811534933576,-1.6843826527561918
4.962776961091402,-1.7040073365350652
4.9310823190090165,-1.6932465075270073
4.930928974313249,-1.686883475036238
4.939300227401854,-1.651745591411545
4.930056856543522,-1.6766315731691221
4.919916944056792,-1.696094153626766
4.937932737893449,-1.652569368829304
4.95618760406726,-1.6655101427132732
4.919265044384707,-1.6516754853603592
4.9718518421676965,-1.6675202206398103
4.959541223836894,-1.6593765645809158
4.95414349672169,-1.6722234793900759
4.9610596402712615,-1.6533066939508465
4.937318300480278,-1.643565653373315
4.948076245032106,-1.659545212384315
4.95039074849263,-1.6684230684067143
4.9407620113969966,-1.6407613096793459
4.978091614091482,-1.6624428948739955
4.981854301443251,-1.6729729699849367
4.911656851027289,-0.18772357502028542
4.964309720619941,-1.6795351875238589
4.955044674563725,-1.6712941889697193
4.924348007382447,-1.6528984416852965
4.9524222619862455,-1.674204775639669
4.941793711488943,-1.6703706280417723
4.940997741893556,-1.711328372231392
4.976781890654377,-1.6922817822975489
4.949433481499577,-1.6805772281209987
5.01349165445942,-1.6689174932302904
5.041207112623333,-1.6549446429370702
5.07990759251853,-1.6575179058495142
5.136184932144465,-1.6882840594010038
5.1776047018891,-1.6754458828122647
5.215693985516804,-1.6705686822636987
5.2730850078868166,-1.6912385555698846
5.3336354898507885,-1.6756298808393497
5.354906410372379,-1.7011888202414773
5.385117082529562,-1.6720472531317956
5.4069350516663315,-1.6457972160727428
5.402818804609516,-1.661727712547553
5.411333910807081,-1.662164979395188
5.329792231502749,-1.6326305688977318
5.2901589306616845,-1.673982972815494
5.2876017627658385,-1.6642369722645953
5.208893942276672,-1.6729935010548909
5.180649395570358,-1.6744766083633538
5.139751813259947,-1.658431746858471
5.075684038171608,-1.666963246604615
5.071244253440031,-1.6924964517883794
5.069724047931527,-1.6762529870907994
5.048171378633195,-1.6611634792021621
5.046056917889171,-1.6764035924756195
5.01606711227979,-1.687578905719766
5.028152560259148,-1.6697557608021814
5.035628628796431,-1.8561413973571026
5.023710647422538,-1.6474923562670367
5.010462745837244,-1.659461566905958
5.025296460426528,-1.6880478080662493
5.023077201476205,-1.680932366646094
5.01289865168135,-1.6514267464875885
5.024425101993096,-1.669785308146085
5.016340090599508,-1.6496117887328174
4.978879753943591,-1.6381103482924189
4.959253060927635,-1.6606341726726568
4.953145607090519,-1.6562574469720552
4.944880396837229,-1.6685854558891218
4.9418177949392055,-1.6559860986391663
4.965100198932573,-1.6426171905828266
4.9461747918115995,-1.693728966870332
4.918550763463038,-1.63988811829385
4.9138441587786055,-1.6560231770067004
4.9085086693231155,-1.6730084650999728
4.920286941431095,-1.6591370158860752
4.906743432879277,-1.6642353340827662
4.901182007338026,-1.648941674019092
4.897397504125087,-1.6709979011137064
4.911837729785965,-1.6879997566791745
4.927594301289515,-1.6653117576757173
4.9169527107020015,-1.6731046612853602
4.930571240792485,-1.6981937911995775
4.920495436355715,-1.6425178969567764
4.9459279621019725,-1.6525593380136958
4.9164057816000915,-1.6589177933845876
4.924009681107609,-1.6660047809987477
4.921942176556322,-1.6711963738313549
4.9212290613078205,-1.6511571979180517
4.9521534113994665,-1.6632594463823365
4.959959379181814,-1.6772326143916365
4.955429143903142,-1.6380674634612962
4.980089578956036,-1.6927458825790063
5.01305419873221,-1.691370859468426
5.0434204076145654,-1.6799490749251358
5.035643593245505,-1.6698202891791167
5.042082418408716,-1.6772696083657401
5.055918124787542,-1.640323066342232
5.073183955757936,-1.6603877531498619
5.084682339497575,-1.6761334533286403
5.103803317267263,-1.6718939401543658
5.123888214948165,-1.7797460858151923
5.103228920416726,-1.6706707773104275
5.106150429407105,-1.6723148756428774
5.072874604506395,-1.6785500927325296
5.060970932085333,-1.6762946741836526
5.074625562624355,-1.670066819017876
5.059005354394531,-1.6600875149274674
5.070254319415034,-1.6487653332782652
5.043430613795586,-1.6531037255175185
5.050560315982749,-1.6626550790121244
5.013508505568412,-1.6521101597811962
5.022892467738801,-1.6795857633523579
5.004071428914282,-1.6567874137690122
5.003546139973696,-1.6768014870746788
4.998197839219816,-1.674250594480643
5.02477148007551,-1.6570799827512852
5.043905424191185,-1.652179598132436
5.056805396186763,-1.694447131306979
5.063471130255104,-1.6881288664350207
5.072188384769512,-1.6892438052016294
5.036478454278765,-1.124151821836193
5.066284743515536,-1.6856834151639009
5.092000183818778,-1.706234076658927
5.070481769867449,-1.6968149486099315
5.058213266433852,-1.674906381329759
5.035881471765854,-1.6629428699198867
4.996179873264775,-1.6479662550418688
4.995900022330279,-1.6687758736973406
4.981797678029318,-0.05058122488434877
4.98885887586022,-1.6875521519608199
4.998994575854775,-1.6732159878779396
5.000066932639372,-1.6625292304330614
5.0145163574810265,-1.621974851918537
5.019345687923594,-1.6673457177765043
5.074460467685778,-1.6425285536614234
5.101971748183679,-1.6483935467784678
5.147050943814328,-1.6623126804216348
5.2299977988679505,-1.6482754027288324
5.225773185220351,-1.6643777662290877
5.272987605198118,-1.6780421286995981
5.319024132609821,-1.689978528336311
5.265781508071703,-1.6342375954539818
5.330242864546114,-1.673058087190516
5.299510958291407,-1.659584187590385
5.3183828621670415,-1.6807591968389055
5.3195920582265765,-1.6337706057303265
5.336003909974464,-1.8137823061982288
5.306317717274124,-1.6689211308864824
5.3048371594318695,-1.6961508957692928
5.3216291240685925,-1.6481568845332248
5.3594233632040185,-1.6712826230027746
5.353806481089262,-1.6350521233476443
5.34463110159103,-1.6408549202290916
5.383756420182972,-1.663451796970115
5.400642467053958,-1.677759245459624
5.389965389378307,-1.6769458479064214
5.42189914746274,-1.7124678200788266
5.413454063817456,-1.6771757521249278
5.390197746893411,-1.6581668056240408
5.427280610568486,-1.672031700733854
5.391173059509448,-1.640301178529933
5.37716849328354,-1.693562319345498
5.373980273687595,-1.6285737996869916
5.337116874972287,-1.7128570697246714
5.352160854173001,-1.6721653487433665
5.360577603963778,-1.666943358033119
5.349177755155635,-1.6617851989094214
5.39272981686458,-1.6623542714130388
5.390302824008388,-1.655922079574457
5.383715692410429,-1.690223608465209
5.423906218156637,-1.6533685527918889
5.437267684371574,-1.6379388540904707
5.429170454256663,-1.6831869489309241
5.423817790562795,-1.691849487101339
5.402114399761267,-1.6785892119895784
5.407282845636063,-1.679930372934507
5.402855541998035,-1.6822790868384567
5.388622409569275,-1.6674197283820644
5.361281009500207,-1.6967682059423297
5.342675786469448,-1.692190132217712
5.369665431753136,-1.658482539257306
5.394962396040178,-1.6551740212629944
5.386980429242263,-1.7015657727951417
5.402470253132473,-1.666157878554478
5.364502535967823,-1.661858947946158
5.360707992325291,-1.6732673973438408
5.369208357651508,-1.6647549178027305
5.362177486121663,-1.6733432971467646
5.376409246225102,-1.6669038148507895
5.3458322682075945,-1.691148719882574
5.357836427203797,-1.671915725397398
5.381271161648535,-1.652513704282457
5.3875309297893335,-1.6866679929499324
5.37887714083586,-1.6749873672762292
5.38175546418248,-1.6755776726958445
5.355694356320218,-1.6669658560530332
5.304422771870151,-1.6752825906046553
5.335357024298112,-1.65951955375612
5.317860327885809,-1.703005924731961
5.281655514630609,-1.667015266624656
5.28516838521367,-1.666990285197
5.274074695200384,-1.6384780395234506
5.282207066903827,-1.6495607527319096
5.28395802711475,-1.6750914294101586
5.278592581142304,-1.6639100986407374
5.298304732565864,-1.670199151888958
5.288982410414631,-1.680458633052696
5.307807525374628,-1.652023984697108
5.302374221024494,-1.6749480926061584
5.296830606420863,-1.6915518227624429
5.309056543886526,-1.674879272417918
5.301783298014776,-1.6708394403051359
5.32959127163575,-1.6829596996396166
5.33802165880502,-1.679165654653455
5.298464850832884,-1.6744652707078629
5.314394657181125,-1.6536143725220631
5.312541977277803,-1.696983823813577
5.290992330160862,-1.6895609502796323
5.304921233336974,-1.6804485717814057
5.286759554355877,-1.6778696620851294
5.286373338586929,-1.689592784810498
5.323137013227119,-1.641092632574361
5.3543012875780756,-1.6553409973001934
5.379157829947746,-1.6864023239831596
5.354015630945379,-1.6918948684620738
5.364493514342588,-1.6787905503322653
5.428686023058895,-1.6692536848973436
5.428819486142484,-1.6661832023873087
5.457255635402911,-1.6655365458128923
5.444578627955217,-1.6825730091023383
5.469649399732503,-1.6552777553108902
5.48869272415812,-1.6792274794456714
5.490162509842164,-1.6393248250096746
5.472341123150651,-1.6782696970941597
5.465897686410067,-1.700842444746194
5.488098146355591,-1.774061652007262
5.483661597958622,-1.6867537339192835
5.454929084851784,-1.632542508360873
5.411513571202141,-1.642412252645637
5.400192760517005,-1.6959354147474401
5.404756023826213,-1.6794720750226224
5.375427901764446,-1.646090859281349
5.385648485784337,-1.6531099711847947
5.382694188257939,-1.6164080239440595
5.334749733900501,-1.670907161899109
5.333584688040246,-1.680026713653115
5.331741833996725,-1.7074907217769486
5.315236330465435,-1.670028434946564
5.325022036992316,-1.6863317899877501
5.301518112284986,-1.7093127089027258
5.301234683345438,-0.42405363509386734
5.352672896626129,-1.6896245006141615
5.362524819194172,0.34421338481061153
5.413073343642183,-1.6597906053812297
5.443654789684566,-1.6815467265383357
5.4482416007037555,-1.704141989742243
5.488256260578297,-1.6443994530062662
5.517273784524978,-1.688157166391735
5.527660631126172,-1.6524798613308629
5.562750952178085,-1.6571133101126136
5.565375954739245,-0.8606099981985991
5.600421032319557,-1.6420580300911505
5.613962524211372,-1.66175691802809
5.576922199804641,-1.688290223083603
5.5147468995420645,-1.72516996706467
5.526152642851173,-1.6670536776367284
5.496255385679465,-1.6779001947930925
5.487549615565959,-1.6575130223774825
5.486981134031326,-1.6650214614778682
5.450513221437849,-1.6669415548944904
5.42253394699571,-1.6825715481667631
5.458101796102162,-1.6726821695954008
5.429611802421073,-1.6901685225864407
5.43969576564207,-1.6572433597131282
5.405100296108989,-0.6167762151935852
5.396492675763632,-1.7142585495280236
5.414501290218986,-1.6597058140878524
5.435746653782232,-1.6723005054616702
5.4115523115610324,-1.668817593880668
5.424864349025442,-1.6647570292582912
5.40626175419861,-1.689192943196301
5.373462905234127,-1.6839404058592669
5.3894267159131735,-1.647250528197748
5.385501313788692,-1.8094943779122858
5.362420775599211,-1.6985617216373503
5.331283166768656,-1.6818635232361083
5.314119166410767,-1.668318344656784
5.3177099670939,-1.673488937919996
5.3164053665449185,-1.6641170487228063
5.30477978958783,-1.7053396832483003
5.319860691996543,-1.6738532059998668
5.338527958046817,-1.6618023577858911
5.347271412492012,-1.6881112010671342
5.345481007234868,-1.6819801437282191
5.321477511238745,-1.6229599456153385
5.326899424338411,-1.686012356535401
5.339844952039184,-1.6527793339249859
5.331816666137345,-1.6715211454012422
5.335477733683622,-1.6638126512997289
5.349265539468228,-1.6665589922015436
5.3333236913419375,-1.652769946345194
5.342730714727649,-1.6495762665109721
5.326915513451149,-1.6845493328509595
5.279455136408468,-1.6809292056149834
5.308409449377535,-1.6417053837895221
5.284069288470708,-1.663506323748082
5.25628381045046,-1.6867471701347623
5.270712443625625,-1.6728531773527213
5.232690867427129,-1.6953287469777472
5.234750600768965,-1.672345211115741
5.198004524858827,-1.6279774240244165
5.161193313078933,-1.6799570740970673
5.160825303422783,-1.766850742741759
5.143310079360521,-1.6792221346719975
5.107267109728346,-1.65978652341124
5.090214906012696,-1.700824578344944
5.065448960696401,-1.6334215834155015
5.097134115838466,-1.6768891799156116
5.083756425696009,-1.6307493836769122
5.101960841837556,-1.6868361889196377
5.110557597079145,-1.6521822027494841
5.116352165964404,-1.6693933394576417
5.147650846028973,-1.6301526987452128
5.170860838935746,-1.6377421937222902
5.21236691884381,-1.6569504787995788
5.214292283208255,-1.6854114208499338
5.247451540013355,-1.6566172193364785
5.2406759388413535,-1.674772290403799
5.25575175247068,-1.6880733775665195
5.271853044647188,-1.7108564824371955
5.215130087690898,-1.6598675351244176
5.2000867686207455,-1.6651777076061227
5.220871602291915,-1.6877710421572354
5.2061011912769235,-1.641927883754109
5.226457815759806,-1.6940153874195614
5.229460353676547,-1.6494303236781367
5.215577977505163,-1.683694759134404
5.2084222225387045,-1.632974174940826
5.229994108727862,-1.6570394985938515
5.2479828094823056,-1.6892220671981686
5.233269775222667,-1.6856493921306235
5.248652587587554,-1.6731115976825466
5.262950672242256,-1.693493918902454
5.239437978644396,-1.6839999622418738
5.245831160920253,-1.650198071839307
5.273698908841121,-1.6927292602657529
5.243786959686255,-1.6708611319270201
5.257264716554929,-1.6750332803570283
5.252652534731015,-1.1522305890246074
5.249817039824841,-1.7228607188339742
5.239618399344423,-1.6781285653319207
5.2249464107547166,-1.6916164069288064
5.227301675975363,-1.6854285314089898
5.213065486982502,-1.6674177067403193
5.202571902441324,-1.673572047554042
5.192498077523861,-1.7065862357938717
5.154924788966596,-1.6500714986958251
5.136367407928435,-1.6831892999170306
5.102844384492856,-1.6686776352748918
5.084547172813678,-1.6875398480668238
5.0384058401764324,-1.6797580248482646
5.025121475128821,-1.7527218621727714
5.018166149865452,-1.6345970118742967
4.998971976478985,-1.6701831277293684
5.004171918531047,-1.8087318316010796
4.98685546995736,-1.6818620191183604
5.015190454582676,-1.6958675466583104
5.019988707236785,-1.6605527779189106
4.99018875858137,-1.6656229248914276
5.0021705078273415,-1.6740438422637502
4.9766859457270485,-1.6566378395647041
5.023648041368593,-1.668352306143282
5.043431705884544,-1.6420317503192279
5.055868176265679,-1.6640113163258516
5.036230126944804,-1.678633467802787
5.041126662099946,-1.6313741298476199
5.036304273980806,-1.6696071633605747
5.011016930647889,-1.6689824618493765
5.025598305576708,-1.6750052979841432
5.014887457204018,-1.6693803614463205
4.96997372412287,-0.775318538067802
4.999261528915243,-1.6678794682049598
4.9933136612809825,-1.6706051499424017
5.002810240253624,-1.5982665876298308
5.0108484406831115,-1.6688548555649731
5.0446976612235925,-1.6694153961334128
5.080594945849733,-1.692450941982722
5.087548579684509,-1.6779417935383643
5.047419603948299,-1.6788227645642533
5.033388732225108,-1.6853109751036779
5.015966746452527,-1.6652851964816369
4.988971969189475,-1.6426699349148157
4.969572457360649,-1.6761813513392851
4.939019827014013,-1.7012823834117572
4.8636268132086,-1.6760107690020396
4.838636882511006,-1.6674809856517339
4.830952899116757,-1.7125561715381745
4.815929383988301,-1.6492431278912578
4.804501736036814,-1.6771938037644458
4.800007596208779,-1.6086615934254227
4.789445402608965,-1.6482525811645248
4.821559329343444,-1.6768675877591017
4.821611229174966,-1.6732351062141815
4.851475448844423,-1.672529212994019
4.8751740090110225,-1.678508692837523
4.870802414379838,-1.6606511299946107
4.847075792932101,-1.6378934939540235
4.8325830619847,-1.6539620766279806
4.835562220211937,-1.708042870662873
4.822705848368107,-1.7012477544273106
4.818284513763174,-1.629471380145962
4.84621016721417,-1.6593360928374763
4.827646624449836,-1.6661075997520167
4.7966506026552995,-1.6659552766865782
4.760439995222905,-1.6207508602244312
4.716949541199924,-1.676298790865923
4.650812432146632,0.4750024260150848
4.632127418162837,-1.6789594215982417
4.6216814818689524,-1.67853031796953
4.599364603888535,-1.65299444804695
4.580611112095148,-1.658893604406014
4.58265454863886,-1.6620606105435682
4.571648124756631,-1.6907040605716928
4.555099688872151,-1.6764018179511473
4.534820358533592,-1.651415645027048
4.5284231361350145,-1.6705963403946904
4.526307892431971,-1.6287179215229304
4.540044334340728,-1.6805568500929637
4.533005883677904,-1.6626995515313268
4.533194270318388,-1.6887789675249392
4.524852516144265,-1.6751622417998384
4.494251048076107,-1.6416609615274191
4.441958455717112,-1.7153830021631824
4.4687661568946195,-1.7266994996970246
4.409769229119994,-1.6556289798546124
4.414531235073785,-1.6717241031187156
4.443014723651539,-1.8178189495968533
4.390737002201596,-1.6745226686546288
4.411436324870597,-1.6761414356044528
4.399870531322205,-1.6686604388888657
4.396599798693994,-1.6942896373256262
4.4237127367959586,-1.6996250581722896
4.465937050591925,-1.6594247363507288
4.455371173954349,-1.6692801893412235
4.458913070274321,-1.6184886434255148
4.483745795414243,-1.6905360745791098
4.462606996344047,-1.6730106684261474
4.494217065273626,-1.6612915423123558
4.512424860089492,-1.6674798300963678
4.466525360472606,-1.6574356393049494
4.493846703971021,-1.6809487025327856
4.477783816995701,-1.6586201650173078
4.484312363717507,-1.6681151494915536
4.466276439109185,-1.6473929739596902
4.431120700775552,-1.6888441224043949
4.443767728992732,-1.6378216898580138
4.412949890637965,-1.6798610307051702
4.4027332327151125,-1.6559091094200595
4.410176952702838,-1.6850996100819058
4.358879063895668,-1.7102687586459828
4.364687282057555,-0.9430152472417935
4.413640459408113,-1.6702295799590912
4.387451874727915,0.03584314835142432
4.412703760374704,-1.6759489192925972
4.400113212825159,-1.6687103546777373
4.477415057570009,-1.678524692972995
4.52834926113198,-1.6625858296720775
4.509656607964834,-1.668950902237646
4.552456353801944,-1.6870516636536075
4.545162446463704,-1.6921715240491426
4.547182868437796,-1.6518811440436383
4.573061137691318,-1.6516317512988314
4.60250769264573,-1.683995588622849
4.61363185262936,-1.6976169846479103
4.614195176751747,-1.658109503729384
4.659987253742385,-1.6858925867013757
4.656178773085641,-1.6854614540204382
4.648006821700514,-1.6674630642904198
4.661786879706045,-1.650964396950475
4.656060729281775,-1.6676948160892628
4.64500610095652,-1.6621982124902368
4.6460164991622275,-1.637219799477114
4.645138062738538,-1.650531037209059
4.662539692724352,-1.6793170919894445
4.652310360883694,-1.6997636096171391
4.678364178294571,-1.6761788140117786
4.681720920878366,-1.6630621598993296
4.680760071818405,-1.6865044112372833
4.663624986160362,-1.7023351713622574
4.659392627729275,-1.6586233532542296
4.659569596355255,-1.6913323941448597
4.66327312202148,-1.6717484471395965
4.673961800611155,-1.6891676718010045
4.694691489440592,-1.660045618470434
4.697983756321325,-1.7010307127320372
4.701524840828046,-1.6444816539539326
4.754119826623918,-1.62886757523026
4.738157278679962,-0.689303199323908
4.786797495251797,-1.6741190498201992
4.777297965472609,-1.6596844581058345
4.777415861103579,-1.6730327879844478
4.795704912450533,-1.68598051822843
4.801734250619041,-1.692654850814285
4.807593345855517,-1.6430259591131924
4.800465863187512,-1.699188698681619
4.825937690801197,-1.6608734639189413
4.824656288751685,-1.6590997714707538
4.78619564620632,-1.6533544992965994
4.772012412818042,-1.6477870334309437
4.774907528278654,-1.6917509156784056
4.76629246640893,-1.6651874269013938
4.797923064972103,-1.6723421159381096
4.748766467258306,-1.6749221181437288
4.749453959778998,-1.6787423956334389
4.74336478217786,-1.6942919363011086
4.750377888004707,-1.6689739114386941
4.7676171343429665,-1.6907531301541319
4.800090306139559,-1.6905651309149032
4.783595823185108,-1.6738210655910073
4.809943586391019,-1.699309433853641
4.798420929977578,-1.6628519748015862
4.776257467382266,-1.6793993166238608
4.795705298622249,-1.702574978955008
4.804777152743966,-1.6579719544789586
4.8119917501116625,-1.6737630143071975
4.8134753072345,-1.6781213825871741
4.800053290221039,-1.6696854313636227
4.799467478703225,-1.6884483183365462
4.7997545737199045,-1.631693054705324
4.806958584150231,-1.669793771896611
4.800388163346191,-1.696418754823049
4.7797340328327085,-1.6937810494618837
4.759202272827505,-1.6758233503703308
4.775027900673164,-1.6716011000458348
4.768559093496561,-1.6663390582585322
4.781575106144446,-1.6730283642632846
4.779720131350428,-1.6489663926994544
4.785124101578469,-1.6693093749738301
4.809436640850565,-1.6472550483966828
4.793489015063333,-1.677055124499502
4.809241149604641,-1.6775673584773543
4.822572710843869,-1.6765141949779099
4.782299522396331,-1.671654104695517
4.751885303501595,-1.7002206152381973
4.750617953222907,-1.6868914378280835
4.75183925047871,-1.6494697214990912
4.701642046640277,-1.6550941661188077
4.714455301192434,-1.6558258466636522
4.709036221709801,-1.6896055294043164
4.7234501308385495,-1.6711369699630934
4.742345808748234,-1.6614750103451768
4.782093921969431,-1.8128848975375007
4.8142218728014186,-1.6827096716059509
4.820021430377618,-1.6523108787166965
4.841554577739906,-1.6859378790487005
4.8466879252039385,-1.689913923166954
4.841258877530564,-1.7113331431894498
4.872816662804199,-1.672594088064097
4.857947268889293,-1.6681440702074073
4.87594891942142,-1.6347039713048797
4.863090108699671,-1.684103559947477
4.873728712620897,-1.643876630412268
4.881717536449868,-1.6978562058131053
4.903012643215555,-1.6424785379711964
4.953569324690998,-1.689669498658832
4.9768163007650355,-1.6919713908064644
5.014942532746673,-0.975618257364544
5.057544143434931,-1.6363854888390001
5.0922202939576335,-1.6710461922903705
5.111947666846918,-1.659709920226864
5.156406844549287,-1.689712798302778
5.184276268487985,-1.6865699532874117
5.214819889514759,-1.6592833346004912
5.245909103500452,-1.6772631657051378
5.279610630100758,-1.6810622855236395
5.2758902276874915,-1.6592983204388962
5.257277819440138,-1.6884034040145934
5.2929888994582965,-1.6739643806337923
5.3142548282445725,-1.6794909394363207
5.2960834980871265,-1.6925514321871555
5.333979375559451,-1.6554891969152434
5.3522679990792446,-1.6445039093709486
5.350136277506505,-1.6771145826749656
5.378405775046262,-1.67100716488045
5.424003352077943,-1.6481799272003024
5.414386353660584,-1.688978542046246
5.442155253632438,-1.6710154092694836
5.477476713592208,-1.6751892245555575
5.500005639677147,-1.678233341143386
5.515893637935192,-1.6864602042589034
5.532037360854047,-1.637280831761246
5.523206404282923,-1.6430602192647052
5.538804688286322,-1.656163745418839
5.540135646993849,-0.4057925251750547
5.5619377309765134,-1.661707052539581
5.555798558594679,-1.6706577315260462
5.536869763601691,-1.6563142974155651
5.5380002755021005,-1.6328603303471159
5.518529047028169,-1.6600423246880585
5.525389679463806,-1.6608494874599102
5.499139575482254,-1.6539314421727265
5.491625906560493,-1.6737002917953012
5.501035517680775,-1.6829335627223716
5.493760250533312,-1.6638987269539047
5.502016740658607,-1.6595231837368674
5.491280684849032,-1.666864148850097
5.486655960180164,-1.6807512175698631
5.504465951756455,-1.6456939425303108
5.506524511999434,-1.6835403643567899
5.529078507390344,-1.6738924215554156
5.542774306953529,-1.6796973541200628
5.536563359860758,-1.10885078858751
5.542355863211228,-1.6682029917742125
5.571216889875207,-1.697594751480351
5.5769146756326515,-1.6248180279412892
5.588984320936961,-1.6756534825652232
5.599679780733315,0.41447055363485563
5.624107534896492,-1.6636172922484864
5.641787015303481,-1.7064361359819606
5.660581430618794,-1.6963960921449046
5.654076949998988,-1.6864378949792231
5.632223214805285,-1.6689282289520968
5.620874233855113,-1.6558402828760235
5.623597073763998,-1.6956626561679915
5.625826417264638,-1.7036315106495359
5.633354994718408,-1.6896932291633626
5.625610674395045,-1.668779100978187
5.630253278808647,-1.6721421105046468
5.577119958494165,-1.6867510606119456
5.567369635410831,-1.7117099104877462
5.543851380609422,-1.6901597289184793
5.513904016719463,-1.6313501613206778
5.52437167441602,-1.6576219764322204
5.5068698776648075,-1.685223581545395
5.52605040343143,-1.6764959088885403
5.5388014118431625,-1.6794490472360588
5.563669997577335,-1.863026623133527
5.597345128676367,-1.6855272405267936
5.620348437022469,-1.6342665268969037
5.646164225915529,-1.6913850338684924
5.698571790757263,-1.6854577247435325
5.749812063555347,-1.6473742076776579
5.7824602884372185,-1.677680160800208
5.783406894117746,-1.669717942051599
5.796915203100918,-1.6627027871688183
5.828490893814146,-1.6839136112071778
5.818895592539341,-1.6937738116958945
5.79167088601939,-1.6445223939259475
5.7895828167392045,-1.672106717646215
5.7920331869776485,-1.6630482932869295
5.8077565171040355,-1.6492479005341274
5.854505268435469,-1.6815231218940898
5.848638957657275,-1.6618673696211106
5.843943893560912,0.3865605783296926
5.859611820516481,0.37107520431930807
5.870481430075989,-1.6781825573255533
5.866746841064885,-1.6326961279692929
5.864374098343237,-1.6723510723714676
5.847931125696467,-1.6633254118826681
5.870305529803342,-1.6801470156834422
5.857089401714491,-1.6552890215871108
5.843597931452744,-1.6582586643994077
5.816902600495555,-1.6814130234338358
5.816136477667861,-1.6625785046215251
5.852292053996243,-1.6429018063370797
5.830863785227992,-1.675995676187234
5.877234702096779,-1.7061134962600373
5.886750503322497,-1.6700378170015946
5.853374831591996,-1.6594666616077098
5.889528920242863,-1.6896539107373243
5.90468259215405,-1.632180063977961
5.914863811643145,-1.6668967907125258
5.92753969235052,-1.7396701553866982
5.954223348889896,-1.6589183026257075
5.954405437245864,-1.6906895251655762
5.967526340709693,-1.6752539112602036
5.9617242003940625,-1.6671330724130546
5.979995406340602,-1.6724257915305643
6.0072725457447556,-1.646905315535095
6.0091615121859645,-1.6461753649145952
6.006836017728859,-1.656089857779436
5.994643248523028,-1.6946357763653812
5.981199615104115,-1.6649488165486306
5.9934642637712665,-1.6662357712426683
5.969845842653231,-1.6872595483699604
5.941805040837871,-1.6383615685140709
5.949046736844717,-0.804950949815639
5.90956758293564,-1.6623196631229873
5.906025501005877,-1.675454286461203
5.924167812603208,-1.6574012581515303
5.905911601710705,-1.7036305764230217
5.9216515498813695,-1.6764715390805711
5.952732637523022,-1.6825758407391156
5.899591523986214,-1.6723369570983946
5.9329327361086985,-1.681171703718992
5.905482365480598,-1.6249991561084818
5.890260921632991,-1.6832145072068883
5.895229621584074,-1.7217594465793786
5.870313171103,-1.6524297010338242
5.873215076678679,-1.6380683624618348
5.863953877756627,-1.6923849446930164
5.835198870665099,-1.6691024180176048
5.8881253377025455,-1.6822227535850507
5.876047233778185,-1.6656454859866747
5.880457884801855,-1.6442865613965305
5.865296785972167,-1.6457739949487342
5.905741983953721,-1.651956162817868
5.941431124632481,-1.678012139276691
5.930294646952852,-1.6668004799188396
5.9608035890225235,-1.6994557221421573
5.949152821354033,-1.6779831967127046
5.925149097027915,-1.6676379974237503
5.942371318074021,-1.6626837398124823
5.936960931894274,-1.6829938992868536
5.929050892831249,-1.6611426882488032
5.917031224932505,-1.681184366040764
5.920502828280929,-1.6505304685223559
5.934092004675501,-1.6937846922419149
5.944582977625116,-1.6806583597368243
5.961773037491999,-1.6523058157106205
5.976167722153987,-1.6677003236116394
5.9945262129766945,-1.6766836413234025
6.014293792807878,-1.6153972167244397
6.001178072669859,-1.678257753114847
6.030587301387233,-1.6559019066866052
6.062390336302314,-1.666793140817584
6.081704217742892,-1.6961410204245677
6.124343394545712,-1.6475697079377218
6.126439281959355,-1.6692762054145724
6.164743519201892,-1.6690075048513124
6.188789534676431,-1.67579625987155
6.2371649465998225,-1.7808982253425647
6.271208717943846,-1.6887179353859094
6.286173666916943,-1.6767060348918643
6.310417806265348,-1.6569314009972058
6.327987943896415,-1.6751353256011103
6.321903550334713,-1.7053132182236228
6.3292015515682065,-1.6482028180715347
6.32826492205669,-1.6701782502869942
6.3393090940216,-1.6672905836850305
6.318010260712411,-1.6565521495485738
6.270566417543298,-1.6719976166795645
6.252165626708299,-1.6582845199156804
6.23569442919111,-1.6184966688144717
6.214824075374337,-1.7062059953982556
6.2199328389809905,-1.6852573428050235
6.148031456402902,-1.692876044124242
6.0656463952553485,-1.697055319686054
6.033178379401461,-1.659658523648708
5.986142215778607,-1.656088608858431
5.9659078452076635,-1.6473647542000653
5.893406022416689,-1.671800987699233
5.794624616508728,-1.679492962448171
5.789894968293969,-1.670020008110916
5.74840246476701,-1.6547837411342905
-0.21780823538908212,-0.33358108628902716
-0.38561494529282836,-0.3369001637277305
-0.38544013871257804,-0.34562925818109225
-0.5164318386725928,-0.338196748066366
-0.5272226024583766,-0.36182586003077033
-0.5221420005698172,-0.3295148850505363
-0.6917475021783221,-0.3477992922604428
-0.7007095350048727,-0.3180156929360935
-0.6803549951422576,-0.3685396414782064
-0.6832638743020362,-0.31375406074196094
-0.7551469384292828,-0.3542935534585288
-0.8578436086001126,-0.3372628018255646
-0.9597799461220667,-0.34983997718494164
-1.1228157136226167,-0.35275456955798573
-1.2330846156507624,-0.33649192578932213
-1.3744417142121315,-0.33298958499432973
-1.514142823020103,-0.33923225637106597
-1.5612894770398138,-0.3295461120074123
-1.6934883637750222,-0.3193577397834063
-1.7475436925662953,-0.3442732310834769
-1.810122392896328,-0.34131794886831035
-1.8575222414872392,-0.3327935492974915
-1.8880392399864392,-0.3343550829646793
-1.9258500125055549,-0.35409066342968226
-1.9400340632670603,-0.3328423419672608
-1.9323690517692638,-0.3678846364056766
-1.9300867070629057,-0.3491017461275151
-1.9461559829463155,-0.33774081643449516
-1.9747256632536598,-0.3416192831773467
-2.0195782864225453,-0.31961813695514385
-2.0227005451670466,-0.36428184063304636
-2.0692794387466087,-0.3481033839239659
-2.098768741341638,-0.3302329820087229
-2.077744307302597,-0.33423712470924377
-2.1480228106796306,1.187073547582255
-2.1045766737375287,-0.34383074368328254
-2.0757747306618337,-0.34491864982110343
-2.101318242425263,-0.3375962426987573
-2.060798993916306,-0.32145218042802454
-2.049130440965224,-0.4386908467702974
-2.0470081899076327,-0.3241316079530608
-2.046094970475409,-0.3494257332528357
-2.0234063235590316,-0.35903296750213953
-2.018628341233702,-0.3638860690883759
-2.021080018108115,-0.34289192854653955
-1.9871620452186498,-0.31705815486786276
-2.030807227560335,1.4090291957785153
-1.999973102120424,-0.3433318959413408
-1.9505224302109623,-0.3770830639811906
-1.9597687354599307,-0.3792090449417816
-1.926606987465052,-0.3067073420563319
-1.8798419181611818,-0.32598306199588695
-1.8922673129925494,-0.3101336728393717
-1.8745324224517952,-0.3390846102150911
-1.8841170689316964,-0.31113119430379893
-1.9123800989616422,-0.3670717623604872
-1.9222221429249624,-0.3567792870061037
-1.9222854121574928,-0.3481982258993933
-1.9643532269282917,-0.3416467541311564
-1.9479703084761744,-0.3437271918132103
-1.941153412057206,-0.31256659884798965
-1.934040277279189,-0.359513819760575
-1.9129712908937513,-0.3387762694132963
-1.8832760995047717,-0.35065127788231576
-1.862467620096823,-0.3470913932053435
-1.8715785630530035,-0.35328633536510085
-1.8708461149704814,-0.31548168957159206
-1.89443978723697,-0.3524651830121035
-1.8908025166912406,-0.3249374337166523
-1.9073540140781382,-0.3553934435391769
-1.890263064447977,-0.35332230492962774
-1.8854346906825643,-0.3556786832517119
-1.849174127321851,-0.36077484170244356
-1.8795271277276406,1.3044485636538934
-1.8149191618044038,-0.3380135188291398
-1.8006231118738787,-0.3575950662149128
-1.7780713433147168,-0.36351875731560074
-1.754308584832392,-0.3688822712075392
-1.7433028545836675,-0.3442778653587014
-1.7234170862814997,-0.36720321356179136
-1.6637157601513965,-0.33320733684113807
-1.6653171748281332,-0.31709527282584354
-1.627321298509456,-0.3274611767898844
-1.619451111063891,-0.3485293210455674
-1.6243362788269806,-0.3230296312480269
-1.5747102052706905,-0.35281773476477474
-1.56174624946852,-0.3495786956471505
-1.541488061504035,-0.3498967290836952
-1.5199433424178086,-0.3388415546411525
-1.5092215488617307,-0.3131836741791543
-1.5112321915227955,-0.339025770876785
-1.5024515573625898,-0.35766694488244904
-1.486704223160813,-0.3234317779830247
-1.4681724503567921,-0.3248464451135442
-1.4703319627915759,-0.35223572438188333
-1.4590281442869153,-0.33530551713881424
-1.4643033839930313,-0.3353097399163388
-1.4632064423108124,-0.352128881122588
-1.4717731313761453,-0.33916221947891106
-1.471017763525868,-0.3542011384334981
-1.4626250989683167,-0.3524238712861389
-1.4227735399180403,-0.33348351948848476
-1.4080022897751234,0.8470317146697774
-1.3857081013569301,-0.340862501377811
-1.3393078425949343,-0.5095875687381565
-1.3343017498010927,-0.5028981024269544
-1.3220319242928265,-0.3194311432141129
-1.2986678643745397,-0.36533457039699846
-1.3008144842722236,-0.3296685451980762
-1.2793516708257706,-0.34856733214060814
-1.2490488660531769,-0.33209899544389787
-1.2126952783368998,-0.3340284603446979
-1.1793345683650107,-0.2844147979678914
-1.2192847083195983,-0.34526619553960886
-1.236133808637245,-0.3235053380551773
-1.2625010907826073,-0.3492050318393324
-1.2987711753497924,-0.3632032458714153
-1.3036904339564432,-0.3753009397513645
-1.325334801973828,-0.3029795203209511
-1.3715497205069502,-0.34886028885746995
-1.4039360542926351,-0.32931396452648376
-1.4036348659428606,-0.34051532862211115
-1.4110107860198384,-0.341098541257612
-1.40946259373005,-0.34744620872690857
-1.420625382578429,0.15606383701011878
-1.4363432126214224,-0.37994761431244173
-1.431599940955343,-0.3240079644432584
-1.4543456323140023,-0.34876222498195436
-1.4714708064438613,0.8019780218236131
-1.434594882563057,-0.34363879809668
-1.4460437880957142,-0.35070353418425554
-1.421972310466382,-0.3487490947930777
-1.4311928006674415,-0.3377402400658296
-1.3801637932072344,-0.34275131679100734
-1.4009369417629698,-0.3217782376938598
-1.4159344211557872,-0.3797496721542679
-1.4200648639256066,-0.3611358108543422
-1.3949357149182786,-0.310836700424955
-1.4428490880900222,1.3528191086603407
-1.430678105296344,1.283296861266773
-1.387915921733906,-0.3420366903033336
-1.4119321277461006,-0.34881714795147617
-1.411641656003164,-0.34891932907187945
-1.3844929070765755,-0.3580776537437321
-1.4245995572251868,-0.315415863307231
-1.4230152694995326,-0.34096784397686236
-1.4050552836403247,-0.34083114195674696
-1.3822583058322004,-0.3336750495013485
-1.3727229937131558,-0.3543423717700494
-1.3679144297843278,-0.36474893632280403
-1.3473168702138472,-0.3221829908550206
-1.3350396893007797,-0.28859855710440807
-1.3299486755760657,-0.3637430195023364
-1.2939760739905461,-0.3342950338641784
-1.3310897400128965,-0.31916761476956207
-1.3571624412742243,-0.3758706923022501
-1.3443027529330975,-0.33024809952588424
-1.3881480489826636,-0.3424642130197512
-1.374939287027866,-0.3255102682468221
-1.3435903651587688,-0.3332024729667094
-1.3484411768470626,-0.34713541625956534
-1.3469330343193726,-0.3482146334348982
-1.360605674783173,-0.3160796268193467
-1.3756191156885267,0.5788668794311785
-1.3841184744332242,-0.35286444681521884
-1.3617079619640948,-0.34579264088625594
-1.3820046753652846,-0.33598346772343396
-1.3773419327608745,-0.4845714474032833
-1.3537281613761434,-0.3491465932496449
-1.3593500404587455,-0.3408590665015292
-1.3171445737001448,-0.3378871533410042
-1.2981800505487746,-0.3467780219964723
-1.2791156576319427,-0.3710740526018996
-1.2463356566500812,-0.3351138039623557
-1.1928220886152796,-0.3323744606466434
-1.1835999079745454,-0.32821658047758345
-1.164728583932567,-0.3460449223466029
-1.1340740679560706,-0.3356700271630332
-1.1505028585544517,-0.33823207193305055
-1.123993608443457,-0.3206582116234766
-1.1059198749476609,-0.3359654225174111
-1.1031970749782534,-0.31546719903341114
-1.0961257282874852,-0.3299272717648496
-1.107713306637613,-0.3146483605575586
-1.0885192673246584,-0.3337133879164331
-1.061166719606928,-0.3573356102723631
-1.0163725362420801,-0.34123124459452414
-0.9865898354503738,-0.3078210944972429
-0.9607876507089171,-0.31503470407458206
-0.9069192071836798,-0.362546925175956
-0.9183245622537528,-0.2997607993601373
-0.8999074039883986,-0.35693404918886645
-0.8758271255820087,-0.3494599555308106
-0.8684063158380421,-0.3100704180301893
-0.8598502568052966,-0.3403753552164704
-0.8588848406707292,-0.3542843545774585
-0.8743290798912954,-0.3390801526484171
-0.8524230643339294,-0.33099614573860503
-0.8899999768812779,-0.30823922021194194
-0.8805353654730813,-0.32305783342442784
-0.8671667754497285,-0.4745281214657307
-0.8966524744092669,-0.334083572324822
-0.8889558454985791,-0.380720225441982
-0.8908377711641621,-0.32292993149861393
-0.9198077455983275,-0.3803109751571577
-0.9252645332781193,-0.33698710260997083
-0.9293082711636201,-0.34987856598918643
-0.9169708809736856,-0.3356488197960106
-0.9264092744228225,-0.31928940795208943
-0.9010705726879802,-0.3524883267064152
-0.9126693507204778,0.8423960252845704
-0.8756557154598639,-0.3755637490018775
-0.8550675855068385,-0.3504079967956614
-0.8660787274194264,-0.3303874408285522
-0.8334683178341991,-0.3269026985480151
-0.8366521291101828,-0.33272010089905574
-0.8035478116473894,-0.34233608292153445
-0.7980496851468297,-0.33045213273551294
-0.8056026532065557,-0.34025535929633133
-0.8097947710303195,-0.3396952057758595
-0.8046283505295171,-0.33539977467944737
-0.8044796987756422,-0.31255006231260635
-0.8160644938493354,-0.34797775070125186
-0.8296201129416522,-0.36233591161931233
-0.8332971930673884,-0.31604308223664673
-0.8652606857717967,-0.31980149240891614
-0.8145934922866344,-0.348232146826476
-0.8185075157474309,0.4169504449747523
-0.826738608812293,-0.3334550172145613
-0.8067980154001982,-0.3195951567449916
-0.7796217474363426,-0.33786134374930865
-0.8001714533931623,-0.3337981062566613
-0.7839956605812697,-0.3310405980022709
-0.777269687434183,-0.36805340024887556
-0.7961758501649397,-0.32025670502283865
-0.7851616042237624,-0.33398819097694366
-0.7707029179329661,-0.3301984201487818
-0.7545949976412683,-0.34942684119101547
-0.7526426336980786,-0.3397896779900268
-0.7452296116100093,-0.3380169995204323
-0.7394445943347028,-0.3365384698162889
-0.7520446267757497,0.480666216414851
-0.759942938104753,-0.34085829932364625
-0.7659404680268521,-0.36520354337151323
-0.7512899720746863,-0.33995071785503883
-0.745843828577466,-0.3380494885496999
-0.7678770943049913,-0.3457919546905531
-0.7694956355129206,-0.3232830945167037
-0.7705575065720308,-0.3359602529508582
-0.7623697793727681,-0.3450890521858312
-0.7287123902913565,-0.3272451567282172
-0.713942006381489,-0.36236150381536236
-0.7052077516971489,-0.35247072486905134
-0.6865649174218621,-0.30729199761407977
-0.697260145142313,-0.3269804789336464
-0.6646707402495251,-0.35340815083127125
-0.65881287465647,-0.3057404533896963
-0.6683557527943231,-0.3428299188069338
-0.6706352555170842,-0.35794058758837893
-0.6867668906148796,-0.35113294440463727
-0.6756789439835994,-0.3293596074426746
-0.6539227948453444,-0.32768024103285215
-0.6684622522480101,-0.37799587099927084
-0.650797253390047,-0.34304029348109716
-0.6754953983502084,-0.3455185180042404
-0.6814213655554284,-0.3588271488307626
-0.66477736422576,-0.3215035429380664
-0.6956908134120624,-0.3609210218095771
-0.6938739418664828,-0.3550563967068848
-0.7014929870638612,-0.34914196998159236
-0.7128064696944884,-0.36153954791097814
-0.7017599048807117,-0.33495639232616886
-0.7361384816993248,-0.3291307677279207
-0.7546773084020824,-0.3269566230292404
-0.7537661624869041,-0.35876083023126726
-0.7957999479148493,-0.3449084295606646
-0.7986858363238684,-0.33311327476300995
-0.7815009382209941,-0.31903520885543735
-0.8034656609437214,-0.31726958362872343
-0.7887143607945423,-0.3700849960957262
-0.7706938145572008,-0.32755998318925544
-0.7876826857639098,-0.3293024376799306
-0.7958740955794449,-0.364592651824562
-0.8006985293619364,-0.3504617911611476
-0.7968528536444824,-0.3141979681055087
-0.7751038852453304,-0.3226372639040849
-0.7546747905369194,-0.333574341181649
-0.7371074261894374,-0.40485399076650214
-0.7952811684664194,-0.30591339025603353
-0.8249208602348023,-0.3345856462622047
-0.7867086667503772,-0.3408559831405333
-0.7859657040592485,-0.33543111904537004
-0.7410734289827292,-0.3250580989860665
-0.7115568565993925,-0.3440093175744733
-0.7518850335574238,-0.31896287299951886
-0.7441274669772658,-0.3411777353795723
-0.7501487668031365,-0.32802744805447664
-0.7429860601997336,-0.31026514510736664
-0.7398695228076225,-0.3316365125328805
-0.7417623888194995,-0.3404450911821399
-0.7451940955215656,-0.352749795628711
-0.7413598521990272,-0.3457971768126871
-0.7328347245617391,-0.33382773282283723
-0.7011649402784645,-0.3482565804703197
-0.702740365388068,-0.34047392343431154
-0.7162263800945136,-0.353356505557081
-0.6920141971564789,-0.3081592112889928
-0.6744538736488621,-0.3576698170193657
-0.691435471057123,-0.3483658126631975
-0.6648679861431035,-0.3642198024189502
-0.6703452107013473,-0.37904406965763354
-0.6584279246160986,-0.3308052259260192
-0.6587410925963206,-0.3651702422418157
-0.6218232496322521,-0.33134671229029994
-0.630524712795902,-0.32545810419848764
-0.6075716642615436,-0.3555380639443932
-0.6039765159036572,-0.2735560333456781
-0.5734571231168196,-0.35596454000276556
-0.5269421027996568,-0.3480921406951344
-0.5643682445995969,-0.29819902835144985
-0.5301398898392795,-0.3639174740039764
-0.5438898876611772,-0.36984752357954254
-0.5623090493508555,-0.33912652275383687
-0.6034118755167088,-0.3421660369827597
-0.5981536431619648,-0.33261132052999415
-0.664272981497187,-0.3526162686930235
-0.6749960193356418,-0.30238957071936273
-0.7098698879724334,-0.3614513793483793
-0.7015623976463891,-0.34506873204863847
-0.7336304260664095,-0.37559601682395877
-0.7675153681254065,-0.3476450221757287
-0.7807776549020037,-0.32368025340924206
-0.7838729660332068,-0.3556636445024662
-0.805707654715186,-0.34267254810707326
-0.8122578562052235,-0.3454047788903463
-0.8193597883289006,-0.3124636269324842
-0.8296450395798526,-0.32563686382820356
-0.8815993492592648,-0.3157730556913818
-0.8861245903330535,-0.3432999504492957
-0.9110260585512592,-0.3450346747472311
-0.9707224254037506,0.8037385939870441
-1.003919560366099,0.9261129515829978
-0.9770792978656958,-0.33790125454146464
-1.0132333059766754,-0.3332482583271579
-1.007333333380361,-0.36610241601328136
-0.9800283877651939,-0.4567295512512836
-0.9756116632644035,-0.356566371689626
-0.945686666307199,-0.3548385495144332
-0.9428988096948213,-0.3569101247814677
-0.9059759045715544,-0.33361577069284354
-0.892021137649081,-0.37602405700431174
-0.9095315864457469,-0.3341022920911115
-0.8694961003107998,-0.36015254981503125
-0.8667054215560579,-0.3561012289447131
-0.8609387519923789,-0.33278168907473027
-0.8324677161281869,-0.34687465375713117
-0.815832729432983,-0.3188709445249783
-0.7868764219396706,-0.35983604992805757
-0.7733630823428257,-0.3611352044794806
-0.7372023280929215,-0.3508188060898009
-0.7581492229095353,-0.3682593766071964
-0.7559828588651026,-0.3422424137409258
-0.7103034975507824,-0.3376434402332201
-0.7252473753206243,-0.3434702847753798
-0.7067821025548093,-0.3296688918430609
-0.6920494899310562,-0.3294798180535634
-0.7239016850897793,1.374991309380302
-0.7229971927855354,0.4881374819387996
-0.6932733487999012,-0.3434149749127802
-0.7412308972430734,-0.33891275011425637
-0.7298528505022001,-0.34385686430619533
-0.7163178222632242,-0.3442764173863188
-0.7220388790615971,-0.3468516612533084
-0.739644887272602,-0.33533825524956257
-0.719206373161063,-0.32213056092114384
-0.7167779141584282,-0.3628743396385188
-0.6933876665075909,-0.3581859381191953
-0.7158885562768413,-0.33467644171943356
-0.7314766931506143,-0.314167311110072
-0.7340452536583146,-0.3601038174542418
-0.760967649280853,-0.3298567633775168
-0.7853243804864063,-0.3668129383749916
-0.759461977195414,-0.33856860540666844
-0.813945432459429,-0.33666680871317206
-0.7984732904748203,-0.3523153466498505
-0.7952793459023205,-0.3381236248094411
-0.8143843976146092,0.03216104749186908
-0.8071544479206153,-0.33310735780148
-0.8167564946060887,-0.3212128974508879
-0.8328215437629709,-0.36025794949228607
-0.8320131721469184,-0.33743523787358765
-0.809124999854007,-0.38129875261644114
-0.7884740873438175,-0.38191538784062284
-0.797688379403676,-0.31391579351944277
-0.7815544495036663,-0.3395994917997411
-0.8152443484917165,-0.35317702232736825
-0.8233727281706992,-0.32292239331835404
-0.818374527993494,-0.34825504423004444
-0.8518097477708005,-0.3112820441799473
-0.8298858305496977,-0.3229969976295614
-0.827878617298253,-0.34779836586152507
-0.8598347946174903,-0.3650614277884031
-0.8756976282657847,-0.36191829635471207
-0.9259837441083585,-0.35932194496983433
-0.9443033658916224,-0.3375842657532881
-0.9404828178149008,-0.3339353030367254
-0.9903622924107398,-0.43406538369937475
-0.9498428277232818,-0.3466733115331693
-0.9449729567970232,-0.36934761859433973
-0.9602083634416615,-0.35571105428842076
-0.9386424412440998,-0.3613203673584691
-0.915226806275613,-0.3632710163964015
-0.9176409080742681,-0.3342041316014204
-0.8832935723941419,-0.3251952951453745
-0.8222349249189751,-0.32162197316662744
-0.8960818183868162,1.2587247122962388
-0.8225997749250338,-0.3580449187841864
-0.8133790207936553,-0.35502797020078225
-0.8191984843626223,-0.33603322686053705
-0.8117858782952365,-0.3405466369951046
-0.8168943030802389,-0.3293113031966971
-0.8030326653543606,-0.3175007368894494
-0.7652131740734992,-0.3665699821301721
-0.7618533188244709,-0.32855664993941586
-0.7366620178736265,-0.31752474542522624
-0.7274052386693391,-0.32759481670210583
-0.669538101187899,-0.35804075304130584
-0.6441033213604035,-0.3400737797723214
-0.6264412057967054,-0.3146237023568929
-0.5978666463938711,-0.3273852770572893
-0.5783731015614016,-0.34314729234428204
-0.5345404351602305,-0.37287479347959684
-0.5035985031645104,-0.32220866005814136
-0.4860367977844765,-0.3600238109500173
-0.4776960629831294,2.0514026014252034
-0.44698218639693604,-0.33524041507952707
-0.437406957515934,-0.35683028652131793
-0.4129002384726126,-0.32987149403972893
-0.4114118342311578,-0.3527412011725022
-0.4067991588031582,-0.3609948402408469
-0.39813920011005893,-0.3297717735695081
-0.3639016466962881,-0.35831976550275896
-0.36143206915015985,-0.3629114070819381
-0.3481092466590505,-0.3539512342601402
-0.32964245296206596,-0.3643595609310509
-0.30824506534994117,-0.3472764262163291
-0.2687258833211597,-0.38792140137511466
-0.22945314674172876,-0.3375351715691881
-0.19995072743034714,-0.3652417842885494
-0.19050124018013392,-0.3580380144380663
-0.160383277530297,-0.34954840007796534
-0.14561308367142548,-0.3668685459392597
-0.1061493888890796,-0.3558897232748927
-0.07414374232205181,-0.33838132831190504
-0.08565444886883908,-0.34408632680138435
-0.10380162480577611,-0.3407151413371835
-0.10512387157173075,-0.3473596443338951
-0.09022073662638486,-0.3445098557169352
-0.071725882483189,-0.3479342355573169
-0.048885954646131755,-0.3172268882872489
-0.06937417795039583,-0.35941079066149495
-0.08411010245607485,-0.46426866081548357
-0.08238772998689786,-0.3168931161359644
-0.09847731394082354,-0.32252766053391574
-0.0687158964686933,-0.35490565243212263
-0.0862985031724442,-0.4456403076463637
-0.10725304880621864,-0.3102431134132788
-0.09813733639033356,-0.3578442601988863
-0.12874221103311603,-0.32140625689067
-0.10823306047370695,-0.36352293278675873
-0.15637594562361137,-0.3096892729662327
-0.1841944276689938,-0.36288104185894715
-0.14218850217778736,-0.3292188444825807
-0.13739259750258198,-0.3272297863208507
-0.14032185085005533,-0.35990594527398484
-0.09728363704147569,-0.3315273957614237
-0.059436114010519445,-0.3257916033152177
0.04332685204520887,-0.32554373889703214
0.08310621872560892,-0.32363239566004637
0.12465976602238449,-0.34063821458210036
0.1502004715443145,-0.30559480654471843
0.1576151174483753,-0.35212859369636745
0.23976388542754282,-0.34977007580125224
0.29194256685347797,-0.3666489670870324
0.31322802565354446,-0.35025299809683713
0.330280734174481,-0.313196153986893
0.36313824706627346,-0.3704047709710803
0.34596451452955984,-0.3211106316092634
0.35543308970568926,-0.362404626982628
0.3998463662561686,-0.37613315035017747
0.3846451951193112,-0.34337736226902915
0.4024329527893108,-0.3231182257491795
0.41749761245261086,-0.3283627788261962
0.3756888329546155,-0.3713221123770619
0.3837654968337629,-0.337027620561406
0.42034281575041266,-0.3622488722823989
0.4193322486263323,-0.3760641826802499
0.41286490104357754,-0.3493749061402605
0.38550341515269093,0.38935879863908074
0.4322950582951464,-0.32800056277373524
0.4420984971280686,-0.3456083571626165
0.43453437303230313,-0.3498752537000555
0.4390290181892894,-0.3488273213130739
0.4465418711682861,-0.3309200062083114
0.4205442724326893,-0.3333461074283151
0.4461611058828688,-0.31600534319094803
0.4932325111906549,-0.3340281967583559
0.46202006678638285,-0.3866103355810858
0.4977421188740679,-0.32572723953040944
0.5374017427525174,-0.3375682035886894
0.5438682095126176,-0.3599560302460535
0.5785800074164321,-0.32960486273854384
0.616538282058092,-0.33601296213471654
0.6137583084183168,-0.4046484111061474
0.6204856516586289,-0.35168973794885594
0.6564907160054481,-0.3564884086974438
0.6438600360126231,-0.3185867041813471
0.6706258626409984,-0.3382326802665783
0.6789442842036368,-0.35906910179779905
0.6329396782881547,-0.3548599550253729
0.6126067449107864,-0.34717202053017704
0.6065064469110147,-0.3522463850085279
0.5941106181866882,-0.31100593243458285
0.5436784202494951,1.31145640759468
0.566200051529515,-0.35190361375282403
0.5521977051043389,-0.33547245191182706
0.5586349116009565,-0.33823274684081817
0.563220243192011,-0.3529984659489653
0.5631088279581217,-0.3259377536103926
0.534417979223726,-0.3358627502816878
0.5328739748925813,-0.36078472595133704
0.5362706545774485,-0.3467157209524405
0.527706446528898,-0.35613716763143716
0.541285078150912,-0.3244214740466213
0.5915555274770499,-0.37606321362212686
0.5532340726070157,0.44943800578662446
0.6102072076935124,-0.3511709849997398
0.6434276010302855,-0.3579568654495636
0.6467357405677323,-0.3379229797523583
0.689261276473864,-0.3197367821481173
0.6969630469454392,-0.37000053948107614
0.6761775472408016,-0.31008020160353106
0.6917662819355409,-0.357915008741795
0.7072150396771494,-0.3576997808978261
0.7258286548748424,-0.3468437875375643
0.7499559476354717,-0.34232869488713547
0.7521371248676393,-0.3567094953910162
0.7546135552828436,-0.36392488442847926
0.8151262088553377,-0.33617711022055474
0.8421503421262699,-0.3326124219126367
0.8792741255382915,-0.3368321309604041
0.9063842425412755,-0.3116268098000082
0.9400278138854887,-0.36422778783431536
0.940527564788159,-0.38121938425404406
0.9884261553482047,-0.337188167682339
0.9469022889267755,2.028491760211002
0.9853070687953579,-0.31213675199751667
0.9990333545612083,-0.34319855319295633
0.9987285994311138,-0.35792187503317374
1.0180699070138914,-0.3371913465972752
1.0037634537845588,-0.36813141696054474
0.9884140754029966,-0.3687215534163075
1.0052494308308413,-0.3155938857854435
0.9745084961933478,-0.36862903060891233
0.9595257750689397,-0.3188131155668145
0.9895965003851995,-0.37262435995068804
0.9577431979147748,-0.3177281187054822
0.9515432641825313,-0.3430306348331861
0.95089938322321,-0.3659913396366999
0.9424035427752522,-0.3427127254322644
0.9363720095424751,-0.33411176360927597
0.9441447483455638,-0.33589473069183395
0.932792452756047,-0.3631271965286807
0.9280995651605476,-0.3481960645801154
0.9214931569489591,-0.37413357860471474
0.9353269715068109,-0.3387134229230675
0.9457636256089785,-0.3477582810021572
0.9497165202626193,-0.3774025093702029
0.9820211845978745,-0.3277562718659234
0.9862634416323124,-0.35400904841253844
0.9775561950207137,-0.33916066018020485
0.9913776882797108,-0.34540995221313325
0.982787643416769,-0.3261750103226446
1.0079668669482018,-0.32601026277349887
1.0407090501081815,-0.3534636132736529
1.0299786337166537,-0.3348641857916144
1.0412209309792977,-0.332559236663636
1.0276764314470586,-0.34583802633643784
1.0169921492760892,-0.3624786829988693
0.9871531904462351,0.5507446644670959
0.9685013753948198,-0.3257354958718381
0.9571048275717333,-0.3528109403058357
0.911292060491315,1.7917983662205628
0.9373223210533447,-0.3648138050278524
0.9255337718018609,-0.36619855574631144
0.9251657769549457,-0.3695595573794759
0.9567804732576615,-0.33244439008839816
1.0038163685591401,-0.5436463648311526
0.9717742390271336,-0.3274811773699256
0.982706418281672,-0.313128505763447
1.0155481809289137,-0.34877120720384186
1.0289351068927965,-0.35118454770438956
1.0537374409190474,-0.3186852630158016
1.0558445227389863,-0.346471370129207
1.0181583247521158,-0.3167643011777414
1.0280508435480293,-0.32162247453705395
1.0506850385311302,-0.3520654931637172
1.0289610659150774,-0.33442056497321815
1.0517156790089115,-0.37304538179534147
1.0369767350446426,-0.34306420348531674
1.0109922278025862,-0.3391893725105223
1.0294280523493855,-0.35362077850059476
1.0088786129123857,-0.3721349189920094
0.9961129106884041,-0.33249558844622357
0.9895243255743711,-0.35666124323853216
0.9607704333203886,1.2863069422138513
0.9787384434840343,-0.35098180789615013
0.9871629498747878,-0.34063864128407206
0.9416130980496604,1.6028735115143216
0.9904113894601085,-0.3292563608688278
1.0068619494971078,-0.32719107324569163
1.0014607691910657,-0.3453672980472083
0.9931609320263719,-0.32501005157196583
1.0151693086808617,-0.35991542526103354
1.048488839802184,-0.5529578652973139
1.0678424016097563,-0.33766929632823245
1.0714083231991522,-0.33745385568117
1.102256804468563,-0.3645451722904233
1.0953345887571617,-0.3349053433612833
1.0948298295047296,-0.3255878840683072
1.1146268639157366,-0.36225830870692605
1.1190053033448568,-0.3864626179791397
1.137480618646374,-0.35623602634124973
1.1491751013860025,-0.3197151312375483
1.1705446889593738,-0.32978099935365923
1.1555029589262822,-0.37473831060975377
1.187812453069809,-0.3813998855122224
1.2182495782262464,-0.3399734241005437
1.2000423375993008,-0.3574217552586355
1.2368844437216293,-0.33490564138554596
1.2380744410183666,-0.3354810366591897
1.2580544437838848,-0.346907578305023
1.2887966937580564,-0.3429975135531495
1.297394078760742,-0.3503721462704963
1.3245983764444074,-0.34474650648512795
1.3051020637959758,-0.32868216483488266
1.268114900430256,-0.36343419247378134
1.283604211989232,-0.3397756505818676
1.2517089029441066,-0.3650707917222094
1.2354366532312,-0.3514033400491738
1.2054201728212357,-0.37328198674981894
1.1943037604026787,-0.32024573782916693
1.225980438459573,-0.3271634971696781
1.2504009182922067,-0.3279626848735266
1.259498552055547,-0.3627790744253896
1.2507364026276704,0.7749591737090982
1.2894749759305355,-0.369714768361661
1.2807610516498842,-0.32883204079724637
1.3312586591810411,-0.3431485611727041
1.3661317978723828,-0.3448262017730949
1.3088123162721195,-0.37599671431816284
1.3373991186314087,-0.3488740200675276
1.3519956744752175,-0.3508946743133721
1.3543712780123365,-0.3371212922428462
1.408297990432399,-0.3287771407380213
1.4238051352216308,-0.31969698552036246
1.451928339497623,-0.35576037970540014
1.4537637424063496,-0.37617004878588184
1.460083562592664,-0.3387047958114655
1.5012824914281664,-0.34820942300621255
1.4925471415125307,-0.33959206355464944
1.5285845269054503,-0.33485639532625444
1.539276302452806,-0.35412205415128145
1.524457495682173,-0.34691018168627846
1.539383505335849,-0.3517746316608963
1.5586893600716132,-0.3495294086306806
1.5613670027530633,-0.3436943967613547
1.5766650604628505,-0.3704046759802889
1.561712241753457,-0.34383176602513155
1.5511062532134041,-0.3552419494329769
1.5412605984179444,1.2347091004739006
1.5422460573536199,-0.3401986717901638
1.5305554982736536,0.3289239183916831
1.539931148871395,-0.35162871841412696
1.505162102402329,-0.3526070601930468
1.5112181291453466,-0.31596641952808413
1.514502002490475,-0.3615391666646063
1.4919580192928543,-0.35911869596584783
1.4946360247375343,-0.3489581673539718
1.52041402995741,-0.3390767965028736
1.5020527215822501,-0.4661476022757471
1.49379523411024,-0.3451236461660257
1.4827554959233844,-0.3653344774853224
1.488087653591108,-0.3670125578085198
1.458696397681962,-0.34180356972406134
1.43682117291463,-0.3300195099303377
1.4434056915208575,-0.3644988992124774
1.4129446011883018,-0.33228578305841666
1.4276784873707444,-0.3388181582232061
1.4536439497229687,-0.3517472503858441
1.4498171705486587,-0.35758140901400665
1.474770199277802,-0.34665218523412566
1.4919116147037916,-0.34295368862986875
1.4839600750721156,0.46606187151461453
1.5175487572134836,-0.3680795753514467
1.5168938190371237,-0.3411260710759209
1.571058615024273,-0.3479303155853616
1.5881503096261709,-0.3501801148827827
1.6002564721467192,-0.340396773670464
1.6617819748197569,-0.3296665367027222
1.7221897843436595,-0.396501006960671
1.7842379263094053,-0.33794081275144633
1.8390701089653105,-0.36403840574954216
1.8579378972781992,-0.35289283712041003
1.894740360136639,-0.34917737463548565
1.9098223719978709,-0.31212382508088976
1.9515237820554492,-0.3474745201012804
1.990305125702908,-0.3383572870383687
1.9712795091180837,-0.3837296643996264
2.026712878336781,-0.34914754596355485
2.01621390110037,-0.3393765049925717
2.017152773547281,-0.37685003233955405
2.0394275026241933,-0.3385652803398343
2.0375709730776115,-0.31783763506678786
1.9705340056261333,-0.36838749711360885
1.9802753903558918,-0.3682260552493312
1.935400597123624,-0.31310121453496637
1.8908606900398153,-0.3350286148743909
1.8568423669786314,-0.3554416907272095
1.808091383918939,-0.3713679002806166
1.7192684057722325,-0.3523016139644044
1.7271257308498298,-0.3389455433166701
1.7172181821215742,-0.35396507844863967
1.6809408010894076,-0.37159982972615346
1.7094958341908182,0.7600696476676165
1.7350704321674146,-0.3733134526684181
1.7587437045732703,-0.3413449632938481
1.8038513860893572,-0.4624358101900933
1.8039520153612323,-0.3275939852624613
1.8525320558795617,-0.36677184768471166
1.8746494088199734,-0.383071195765198
1.8888861906987848,0.779841664345251
1.909141280123465,-0.3188942243425159
1.9103756433864765,-0.36028620517118903
1.8762586934278942,-0.3662968976227158
1.842007653615538,-0.349748649243355
1.8240872585070895,-0.3463399522330509
1.81091446649503,0.0013928394809740853
1.8369387621981426,-0.32061235088317014
1.8298467940648222,-0.34126321107981306
1.7966852631487684,1.145247645096061
1.8363002732211875,-0.3720098163405489
1.8290004116216632,-0.3317871115237414
1.843256156149448,-0.34174079332830326
1.8237778342790787,-0.3549881930836619
1.756517139521783,-0.3344083478698778
1.7703815377128282,-0.3206371399676203
1.7489491142295106,-0.35275061650036044
1.7247099406560809,-0.3661778020984042
1.7386689818537022,-0.3099989583589082
1.7137703145383172,-0.325591729545405
1.6487028700992974,-0.35258386081000753
1.6211808025311463,-0.32125156970665153
1.6182524167302337,-0.34000209790144603
1.5607174673133035,1.7447648563435576
1.5873282099842916,-0.36345488280471233
1.561711047374912,-0.35640782563148043
1.5354764739649749,-0.3494375648897279
1.573057595255477,-0.3467247039399353
1.5770477140535786,-0.34278088149491204
1.5933478745335148,-0.3289650080345329
1.6067703117466894,-0.34748571971979253
1.6332660730043873,-0.33991528989946224
1.678305995931119,-0.3267227315946757
1.7122342694300323,-0.3750039526405379
1.7456769169629516,-0.33749068493096707
1.7614593928024198,-0.3302156598504063
1.7695348197263048,-0.36746140748626227
1.7538763818124796,-0.33362495462528763
1.7739345636759292,-0.3613395359097843
1.781043313516096,-0.3581124294717944
1.7381190108764901,-0.33528323419240047
1.7278972013698517,-0.3449071635285467
1.7370472265750898,-0.5374902518051035
1.6930032314085743,-0.3547228999078587
1.7076120277449667,-0.3585445866461882
1.6824347220401874,1.765447950145431
1.7309785444183337,-0.3161028296192222
1.729665662691915,-0.3281581476927171
1.7409623436109833,-0.36276364770526953
1.7632936171924345,-0.3731953372822549
1.7414841543992519,-0.35964014813859896
1.7403626246760269,-0.3464674966898584
1.7524354156684154,-0.34763862364257453
1.7271413598663723,-0.35822722764788617
1.7278168056282608,-0.3457854252809449
1.7011131029082411,-0.33229292568980906
1.6527268555113144,-0.3414501406188472
1.6420224132345331,-0.3393968159053958
1.6293025818225486,-0.3353896248127335
1.591556995019703,-0.35491615419661227
1.591007120546686,-0.37438073303421954
1.5942403510863365,-0.3298396754903203
1.6233748945680349,-0.3397770150597349
1.6164633523066418,-0.3772580706653851
1.6256486430917736,-0.36180135992146983
1.6497917437093197,-0.33745990678700677
1.6315815512213794,1.7488373164876543
1.682797045730169,0.9442733665912807
1.7266702893561212,-0.3312459044649942
1.746076330903231,-0.3257916100884847
1.7666919104022742,-0.3388835361258638
1.8076350888143793,-0.3342665817361736
1.8139593476697085,-0.37023973724036807
1.8360013235588641,-0.3463412750896686
1.885520680833169,-0.341603316730679
1.900785102381051,-0.34330087869764503
1.9373987382157205,-0.3316770984981386
1.9700485933877554,-0.3546979341590564
1.9923593861401816,-0.3361256876573148
2.027658510420142,-0.3336362543431976
2.0547148499093884,-0.381828821200182
2.080478596138238,-0.3657617432017822
2.0800729018668815,-0.36651203993187215
2.087966285508975,-0.3737545517244257
2.1081377064023585,-0.3553970357076072
2.1250967631534894,-0.33136576587162025
2.122793435245102,-0.38550106926150823
2.121237896747396,-0.36147478334842925
2.134702312865347,-0.3508796527226042
2.1525483681166886,-0.34362974043982214
2.1998786552515472,-0.3064961955346078
2.218083298764549,-0.33882959576280824
2.21181858889307,-0.3501105211004463
2.2425761885289743,-0.3578509554889383
2.2644964803468386,-0.370417816295816
2.263362592183777,-0.3542804514103777
2.2859717202941465,-0.39160314388816825
2.280366240881807,-0.3468768504974685
2.2454031743687994,-0.35745091759649616
2.22924364847662,-0.349858842441585
2.2102151737943165,-0.3366345853393014
2.1924666060237454,-0.3382192170110205
2.1728937046510826,-0.3631666716550757
2.1427967919187796,-0.36808536079832244
2.120858397225571,-0.34111481429452933
2.108140499549492,-0.33361495416559145
2.0889314575763227,-0.36078104517647835
2.0828530634034697,-0.3801439664796425
2.046253522213371,-0.3368268166829836
2.051358746158248,-0.3181225535606142
2.016551876356101,-0.3618497636232089
2.0291353785189017,-0.3757597881796345
2.036230921748775,-0.3409212976300783
2.015835618001834,-0.333572706204139
1.9651215179745307,-0.3381615031744676
1.942831531602573,-0.3462203733239143
1.9340028751482181,-0.3623058412650006
1.9168535351621803,-0.3580745554271926
1.9192644167101738,-0.3159410809122735
1.8941165428570719,-0.3406624415127603
1.8214900050513871,2.0128862573703388
1.821310991765177,-0.3828010381437274
1.8142757782355357,-0.37879705323704266
1.7570775170336943,1.7068111378412592
1.7826255940289744,-0.35382770513053297
1.7879542769296297,-0.34340073742258304
1.7756236838471817,-0.36847037354476386
1.7781118573793824,-0.36438143881518104
1.8044382203516738,-0.34263011838758906
1.8227597886389653,-0.34142017680291914
1.840572259666845,-0.3574864001186706
1.8517365729750799,-0.35750908541865123
1.8446465339379394,-0.3324555135331175
1.8241398809365665,1.211168392072064
1.86492931641865,-0.35703182672807365
1.8775317011670671,-0.3573677650814646
1.8990073518087462,-0.3228564236660879
1.9335037710033198,-0.33951511580347804
1.9781746057221432,-0.33685553161866116
2.000101984589072,-0.3603177272121833
2.044368272696402,-0.33536561745321536
2.026132413177443,-0.34744792010895054
2.0468728591386776,-0.31667469640655843
2.087721336139739,-0.48084019592374705
2.0675851336858955,-0.3215436099376847
2.0946800437276876,-0.3148149697112406
2.042701600021233,-0.2766667503331309
2.00705062768904,-0.3733953751317683
2.0084960412404973,-0.3426172226388464
1.9761016025681442,-0.3321161813791478
2.0014491565430097,-0.35256708578956314
1.9872392632620757,-0.3769127055718778
1.9502683042783415,-0.3532209779569512
1.9715884573376954,-0.3756400936209878
1.9588043932200254,-0.3452795173553234
2.0003000337590278,-0.4486468106543784
1.9798755365026453,-0.36111637250907036
1.97633104127282,-0.3352302964358814
1.980530027900412,-0.34575514357565224
1.9905011007847444,-0.3313800510129284
1.997419254660485,-0.3311436050964921
1.980324701003026,-0.32650834124127903
1.9960292758944596,-0.355488419108091
1.9870658563663393,-0.33699365969404316
1.972520919160061,-0.3288509457389111
1.9943160234781938,-0.3535847064105541
2.015401303418568,-0.32585854754514365
2.0377788607301905,-0.3683807267202764
2.0491090677371573,-0.31900283690418096
2.0234917098592122,-0.3559981425089806
2.020127676603337,-0.37667027203857883
2.0159146174926015,-0.334538445456358
2.0318028213900003,-0.32000762049004794
2.041046950402057,-0.3292753092432146
2.042866438885968,-0.340689467164645
2.05308205462209,-0.3290939839172365
2.044411135843813,-0.3495931061096244
2.051436210809656,-0.3379673990819608
2.0613725972202066,-0.3086763991213346
2.0666126709058927,-0.333285347962499
2.0832227835920727,-0.32525443485948063
2.1327931629338615,-0.33640135475547395
2.146278831308599,-0.3569507670857561
2.173923349818299,-0.37822744870598984
2.1902018829831738,-0.3307935207939171
2.1796867217163096,-0.31883983674341076
2.1737223866820217,-0.3140972820411173
2.1748034546522583,-0.34138571806787915
2.181453929096293,-0.3338561528421282
2.168720550969685,-0.36468319878523525
2.1268855887613864,2.106441432041279
2.1783993147102994,-0.36395956907317045
2.1712565530771544,-0.3786079773242318
2.2003675289932723,-0.32308259853238425
2.2038921064761823,-0.33791368303133573
2.195008927826325,-0.34769796073117976
2.2029250262486593,-0.38152788806903604
2.2191335541404875,-0.3517851582446012
2.226920621199697,-0.37127640139262175
2.24847754202788,-0.3581434360457041
2.25292849530865,-0.3198166926058967
2.237492128971772,-0.34687803038758636
2.2310966234242726,-0.34957935646209776
2.2559583092212647,-0.3164626175620034
2.232549816182503,-0.37321493354523655
2.2333937133907,-0.35580048339022313
2.235653757614749,-0.3620314010236294
2.2509840667306387,-0.3387613178494476
2.2312003552253152,0.9771406868203049
2.2963431995338466,-0.3445702867074361
2.3209135495787034,-0.3495243623078511
2.32287099686559,-0.3790574087579219
2.3616266995200776,-0.34392603035338387
2.397556130974208,-0.3721236747788555
2.390944466154779,-0.37180112527138337
2.405851221358121,-0.38160671100584403
2.423438853844778,-0.3361738492763124
2.418648671100396,-0.3273889333787665
2.39735375701494,-0.30777114569549097
2.396452466087357,-0.3846892613274224
2.419706899045118,-0.3431401731785353
2.4180776420089627,-0.3408146520859862
2.4409927372921025,-0.34674307114000286
2.4509586558747505,-0.35780074559294384
2.466640058791295,-0.34087254621226465
2.487238381508,-0.3284786105855741
2.543971363903963,-0.34431352897744383
2.5562100301178914,-0.3261842612066624
2.5696942922817305,-0.32470597358518877
2.5711535475747027,-0.34468074944203775
2.604126597295639,-0.35263784591164055
2.5995434572753715,-0.3639591960592674
2.613367838669304,-0.3472539366860074
2.6472734338649024,-0.3736282954354089
2.672757633113645,-0.32871176938202146
2.6727146551582854,-0.3518936759966319
2.6580720726018856,-0.35790486339406014
2.645263765591449,-0.34480651165067655
2.6730222481204415,-0.3471640411645133
2.6455032282681543,-0.3566658850097568
2.686173754526885,-0.36481230010702886
2.68460206642953,-0.36904313171670516
2.6966558175136615,-0.37217208721356115
2.727184608320655,-0.35373006788678163
2.7575574897959303,-0.3288862617084694
2.7627677397080026,-0.330513332741759
2.7840413527590377,-0.3678154680632224
2.8127845527814266,-0.3428036907867336
2.811161243734248,-0.3669034556956637
2.805621102418816,-0.3671950066403981
2.803077656845023,-0.34474698296422085
2.8146270353109903,-0.3456126289097662
2.812288462361205,-0.3286830587680047
2.792295422327838,-0.356072591392253
2.795239814920244,1.7397427544707134
2.855547061997346,-0.3509006274086468
2.8643580552003507,-0.34894165343775363
2.8742695533048264,-0.35289107014438276
2.9030329513362823,-0.3672128044909406
2.8706477504737093,-0.35360411993169044
2.9419691049281793,-0.31850244072579037
2.983068188992577,-0.3532587195980623
2.985078164308048,-0.3413045502895869
3.019650236710077,-0.3379212514694615
3.0104106755250317,-0.3577284044258845
2.992896159659473,-0.2932054236403794
3.0068165883611675,-0.3299550925452352
3.0390722090255466,-0.36281347052552027
3.0393198753447317,-0.3420739180075098
3.065749011469307,-0.3739336943527779
3.0732700926394134,-0.3440720643480215
3.041267592048398,-0.3377336582744966
3.066927696975131,-0.37097111537027705
3.0645276879292775,-0.37964858467358287
3.0930393053405454,-0.3799123303058719
3.078150129571246,-0.357270315592402
3.089726708987291,-0.3803776739146215
3.112506389361527,-0.32984740631832093
3.1062042834359582,-0.33248668112083785
3.0913854072397737,-0.3334789814311662
3.116256866200476,-0.3654899171961118
3.0792699139820745,-0.39048979339686335
3.0409221479483195,-0.3567685711262282
3.035220563428852,-0.33731561940619054
3.0153405269638562,-0.33438112385602137
3.045629682681181,-0.3302708361495953
3.0990569920312994,-0.3329176525028177
3.1188369220590197,-0.3675643717497007
3.119012621847353,-0.3886366574850053
3.1433270841052323,-0.36777762364944044
3.161768738487415,-0.34110866109568316
3.163845679324517,-0.3795941196542424
3.1771945975657876,-0.3210622918124868
3.1325396058849826,1.1832842214500683
3.1538408799978583,-0.3348139723655605
3.143335203338277,-0.3753666490790864
3.122723258134561,-0.3551577025718922
3.1035164114720786,-0.35173725811581247
3.1085552555505997,-0.32149944313245904
3.1049633802612204,-0.38943855960452656
3.071830024101963,1.3618609058462945
3.094212050060214,-0.37920100216230845
3.0333929507475688,1.303079744457503
3.0921820196531575,-0.3571696949183265
3.121377588172311,-0.3249252815173863
3.0969672408086333,-0.3257889044386954
3.087127325444287,-0.33259016838404853
3.0846790846251877,-0.34782205044997594
3.090236425986839,-0.34951262675253547
3.137009201495107,-0.3423536812736412
3.120823377282386,-0.34936695286566044
3.1316524837409907,-0.3672537219683495
3.12363304565088,-0.33553819989094696
3.1376379662667557,-0.3555993991574048
3.1764192434769147,-0.3180273161500028
3.1738509110737128,-0.32686132609042773
3.149912226605489,-0.3543387635870408
3.1545627131645992,-0.34412727775616936
3.16249143413811,-0.37036501459722226
3.136213164526689,-0.35930451608616537
3.1486290746072587,-0.3809825261918568
3.137910753341073,-0.3843639792298495
3.095200943882744,-0.35632645423082066
3.1228308221144845,-0.3590263268680931
3.149204375603585,-0.35574071590861833
3.1364350659057463,-0.3615976804846863
3.1579470619779735,-0.36065977534222426
3.1726084349496526,-0.3359053337008361
3.179868155909726,-0.3525374662714593
3.1958682071415296,-0.3576328278591292
3.198107486119478,-0.3557441332642526
3.192091806201982,1.1893219477003452
3.2118738924672585,-0.37700613714803943
3.24694621390347,-0.35707627944331827
3.222421287413094,-0.3818029076910667
3.1860626867897013,-0.36717723840648575
3.2012548689593534,-0.35778274875542687
3.207222292500136,-0.34728332791822464
3.2106247645469295,-0.366003005169441
3.1953773277529463,-0.3728727933491086
3.141052642519875,-0.3220652107291557
3.0805554542765887,-0.3623971763970253
3.0665598988197247,-0.3669183553209536
3.02722032770141,-0.3585811465731025
3.035295387724845,-0.3416691839981376
2.973937930130329,1.1533423001229495
2.9841249296626082,-0.3292160590789979
2.9902916632091987,0.37842407200191136
3.0280133222982872,-0.34921003010554524
3.048065153409843,-0.35026953290970325
3.0408881117493647,-0.3110735785216142
3.032260936069632,-0.38317005412417887
3.056284162675151,-0.3554790726585496
3.080272289543002,-0.3467986852447439
3.1021765285732075,-0.35472602365921374
3.103661258242404,0.8114448921682496
3.1059583607481223,-0.33966724100645207
3.0870990210655003,-0.32967654246012834
3.1236887030686398,-0.3400234509710134
3.1492914021816922,-0.349005944513064
3.174022772707264,-0.5448359876316534
3.1503138158653483,-0.35241265910667113
3.172514604355011,-0.3844281950453878
3.1575636246690166,-0.35006075626809585
3.2128266805404273,-0.2982303859269876
3.27358588633683,-0.3528899902584688
3.2814493783065846,-0.3907793650899968
3.32980521647972,-0.34464416848804025
3.360889446323658,-0.3706162051443437
3.3797659227569645,-0.3346153606952635
3.4248971013954166,-0.37736774238357856
3.422031947421635,-0.3413108336752582
3.4501544835571987,-0.32668723941832706
3.471887141933787,-0.3646694044904673
3.4574452645680336,-0.3413013693536494
3.49183980545972,-0.3485202507734511
3.489929495540499,-0.3730275698847971
3.4900179999151466,-0.34688426013189294
3.496049479395819,-0.3574051068342401
3.4901268999745976,-0.3059403224302978
3.4638692725636346,-0.36221286906946193
3.4266320217486657,-0.33888887771163284
3.4235662154755926,-0.3491859861575989
3.4458986005493752,-0.345727619791077
3.420784388163631,-0.31813162396147676
3.4286363603876864,-0.3573695551838303
3.4244846066199575,-0.35161558416815
3.428837251275188,-0.36086555094679407
3.4555518612754548,-0.368593143661591
3.486091081923897,-0.3379096457968638
3.473074499942808,-0.3532086596215391
3.4841439810480197,-0.3336404417840244
3.4930408420165047,-0.3720596206001827
3.4909107679609153,-0.3806827928192832
3.5101256748603893,-0.35633895794584247
3.503056181624795,-0.33988263545146136
3.512990730010862,-0.35270139239178355
3.533110768538517,-0.345018981620163
3.5155345528531923,-0.36595667611683197
3.551726370407775,-0.35050106655189284
3.5608715881673083,-0.32885483040417324
3.5567184899163404,-0.3608756279593357
3.510753294051878,1.7974397277340786
3.5120579367305567,1.2013924850059707
3.5242140470422054,-0.37987773583067314
3.566780573334251,-0.36621534109640835
3.574663465841337,-0.33064865497286566
3.5475698398421374,-0.31931038673801576
3.513149186945372,-0.3728628348594916
3.5277639466567443,-0.37537044937644903
3.5133255735838573,-0.3597965783670055
3.538079474636758,-0.34556325353048534
3.580958462029831,-0.3448559042424095
3.546830480200441,-0.3697102200483376
3.579768789353802,0.1466955560500076
3.6076011972297155,-0.38077307525815035
3.6215775950167997,-0.34498531145635175
3.672776751488795,-0.3569495016270197
3.656866969143636,-0.37002814199427936
3.6734721181848116,-0.34122911102836617
3.679012072746183,-0.34688350920199207
3.679759629133622,-0.3226777043525111
3.665899985554817,-0.31538393396969144
3.670585444413595,-0.3819286321276037
3.714717164148361,-0.3709773767605234
3.683423882663886,-0.3479565210492028
3.6918989696110924,-0.33491447084549
3.689138948214527,-0.33623030185628483
3.6631997037593735,-0.3718995228846323
3.6767065550904103,-0.3623757601683265
3.65063093373731,-0.37679752607746253
3.653162130131506,-0.3658137378989642
3.6407594971390806,-0.36276245913712246
3.5868566961845,0.9560464953918855
3.6089085400867007,-0.3383469595595363
3.5927138239354046,-0.34114341910506585
3.576530193284267,-0.36295580146730566
3.5758346174045856,-0.34966285453515017
3.5358169032164852,-0.32775951956910626
3.5180470581922756,-0.32789420418716575
3.521951998839647,-0.339954722361412
3.480881801645849,-0.379986779549601
3.49843535526134,-0.32338881372548717
3.506058836804567,-0.3131205055327173
3.4941066751609244,-0.32649388676129254
3.525342278881414,-0.3488240451637679
3.5406388531422146,-0.3612808232086962
3.546635945062584,-0.3491744390354531
3.5105564222510934,-0.3159459682375179
3.481368294996815,-0.3792724937816379
3.4722262432374387,-0.5186574750453776
3.4303926710613135,-0.3464483261098108
3.425208992137233,-0.3380562350815707
3.4298967350648604,-0.3760408957436847
3.4290712308996043,-0.3690009469310165
3.409497726572435,-0.36816404672851333
3.390959785335894,-0.36296592535274774
3.4149748847718877,-0.3414931568110436
3.40871551796273,-0.3345333508238717
3.406946713298872,-0.34199652051594853
3.3835076298946087,-0.34799356617647836
3.3593354322547495,-0.3735224835923262
3.3408638491069627,-0.33559123490710324
3.3291451890970665,-0.36488541901474103
3.3133062925064456,-0.3633638090117306
3.313113165889657,-0.3532100179746087
3.287335488339864,-0.37187537654417885
3.2421506281584214,-0.005147971925171257
3.2687598284566612,-0.3741998933790023
3.271613146325424,-0.3570147041082554
3.2431431179537835,-0.36248456147028174
3.263284271928585,-0.33288612632488607
3.222981647360473,-0.37234952816667305
3.2077707426216455,-0.3295502918166517
3.208362810485457,-0.3659161457773719
3.2212612131111955,-0.341241991431475
3.2252796492017444,-0.3223497607079628
3.2125023141577342,-0.3189032792130133
3.1965442422138723,-0.3388383058469133
3.1824696559796033,-0.37137546589509174
3.1538670788183762,-0.3377834240554522
3.131737659004399,-0.32973120803459677
3.1120896545545595,-0.32096309349174845
3.0839156780915458,-0.33916035630450647
3.1258335145738476,-0.32950303786330976
3.1280840328383688,-0.3619676847321301
3.107923428037452,-0.33030919914678974
3.152894575184475,-0.3891820622965762
3.1362505247734607,-0.33420410395507016
3.1476755300965022,-0.3267558482284332
3.1461386423028066,-0.36169980500443294
3.145986666779853,-0.33872324255443037
3.1006295669693933,-0.3661337170324114
3.080930587252302,-0.33883327073320146
3.0843111803067704,-0.36951920398175997
3.033840029550519,-0.3785961755129535
3.03623049183892,-0.3841141492406912
3.0054503863967197,1.303146960969818
2.9831946044035362,-0.34184065706623284
2.956222437508041,-0.32467534477440413
2.9493894011682644,-0.35669133077359866
2.9221915021316813,-0.3316274173810776
2.91725571058661,-0.3449373453043325
2.9253783687417694,-0.36204321960293323
2.9223195523276435,-0.326284551766428
2.899372012648949,-0.3428210777452168
2.861669302473191,1.9818195569932209
2.91695715432609,-0.3712139908892213
2.9125911743751236,-0.3326102415754137
2.924472156117869,-0.339191576237771
2.9871281160861236,-0.32954263949643886
3.0513241688488257,-0.37113097083234065
3.0779382682144187,-0.3373041129534499
3.102337253173031,-0.3488681643656271
3.137471663482053,-0.5697684962294478
3.140671072014089,-0.3229093562496838
3.1889762718618,-0.3325172073998778
3.213275429914302,-0.3361979523531925
3.222995746193901,-0.3435174041974288
3.244243720298096,-0.36514778728990516
3.217667987601862,-0.36443465291460786
3.2304452775210244,-0.3319875606044576
3.278144150682775,-0.34323022112800794
3.314696600831861,-0.33435547570721796
3.3303031693248015,-0.3868529319635023
3.3327739429471497,-0.3345349221145952
3.348052980660431,-0.32230418123518967
3.321921005428658,-0.32724084468272785
3.302448180682449,-0.33208844334856386
3.288407207962523,-0.3342791958392477
3.2672073573486218,-0.3681763602142068
3.2422068762011738,-0.3389336930632031
3.23321250087161,-0.3483069824992343
3.2414872558442633,-0.38851472734640746
3.1624572803824513,1.7590918835902485
3.1638546943435104,-0.36710154170391884
3.128366190638067,-0.337400102523791
3.1387513388234987,-0.36939440389171974
3.134312565459963,-0.3188959696881135
3.1133672909920835,-0.36590551359686424
3.1063332181135483,-0.37450821625956704
3.1031091944735336,-0.33826851550729775
3.1158612544632707,-0.3316498025333377
3.1369955641830445,-0.3613766299601278
3.136347726960463,-0.3328943234108482
3.1453315481956996,0.5499820448967134
3.171574597474395,-0.5218498063494676
3.152721953247554,-0.3316916894680401
3.18746373070457,-0.3148456583174794
3.235782549012002,-0.3672256400873416
3.2532538036170684,-0.3616147235854897
3.2831066076231035,-0.339145938681529
3.3177401962838977,-0.35731884478155335
3.3763185446948514,-0.38104990316585524
3.4045924684491733,-0.33398385129057684
3.410280391634273,-0.3553112852915841
3.4658423045237177,-0.35092190657805655
3.4734636601056437,-0.38176833346082467
3.502229503652732,-0.34687033022461344
3.51108013736579,0.9160933733774191
3.527958494525691,-0.331322906231959
3.5293546391022677,-0.3600232761788748
3.5325740253237186,-0.3675425194107557
3.5784256018969467,-0.3574122910168458
3.595499418938079,-0.34965968506054723
3.594352998637888,-0.3336702687383634
3.620387900262182,-0.3532518421414563
3.579761903804858,-0.35383466550651854
3.5799073166448663,-0.35631416309614083
3.621192199510596,-0.3734950979022
3.611055850337168,-0.3675624168208788
3.6030046125406185,-0.3548616337909427
3.570253350555645,2.0058661378049853
3.616149839258685,-0.3374292123549508
3.617940531313654,-0.331601527365578
3.6355918669583716,-0.36727582001173786
3.6693429251276504,-0.336336766190635
3.6730674307486963,-0.3599773169433311
3.692339561714438,-0.35122077747643476
3.691837485823759,-0.3406258642123589
3.6945507036619274,-0.3419584607011437
3.70970345249254,-0.3495995058785514
3.678163603362507,-0.34027284674215824
3.6284934891860905,-0.3500822403326393
3.6111621150967532,-0.3449437298095392
3.5625221736536807,-0.3567472981895476
3.532427204032558,-0.3281611205975303
3.5348595724237692,-0.3769914462366576
3.535373326983073,-0.5367112008921356
3.448303029627284,-0.36935938925740497
3.4618699055615014,-0.33948574179827684
3.48548889702669,-0.3348559805386415
3.5041531774055685,-0.5205983254652088
3.5018683496285568,-0.33058249036253906
3.52828333375953,-0.30584389432029496
3.509126588013562,-0.3486336618109029
3.5331082152455187,-0.346692743644602
3.5526077369528672,-0.34518349098783246
3.550975499949926,-0.3589503720158905
3.5545919512818474,-0.36014760729707096
3.5353807514182445,-0.3456168959182118
3.502705697180924,-0.3410144148187853
3.572231659707319,-0.3662647408643134
3.5573062273723015,-0.3494395319372232
3.5670801652529143,-0.36388899226035964
3.6092866933747496,-0.3154663459266653
3.5842412318732566,-0.3526333201926427
3.638489534383342,-0.3719952217196661
3.677340941597254,-0.32913144124501126
3.6839507729968797,-0.37824802795487406
3.7066969813706687,-0.35111342956021924
3.7211435366302945,-0.35356007977254494
3.727086045206827,-0.36884380168264647
3.754076215903254,-0.3623808336817558
3.7402540237272732,-0.349009270320956
3.6985900233677182,-0.3483879470911817
3.7156722795538926,-0.3459405514541048
3.67528637349745,-0.3577861508946129
3.658495469676701,-0.34485919430086165
3.6349149980921687,-0.3488426476356541
3.581448579620486,-0.3247849337808093
3.5568775635170278,-0.32862969365925376
3.5596202442353677,-0.3400495198778835
3.5285233424178952,-0.34767920534686875
3.526807436807552,-0.37424784026748287
3.5270489948617585,-0.3515516377781323
3.53339120205389,-0.3481811194222071
3.547997175742415,-0.3327066990384032
3.5503347040635473,-0.3669811637134849
3.56440279675039,-0.35421655574465355
3.607755961874073,-0.36047965125630654
3.600838246340876,-0.35241952281947486
3.5776315747930334,-0.34690995104556643
3.5836771352961683,-0.3452326251911455
3.569332876181155,-0.3430860829142861
3.573833196141781,-0.37587727360570955
3.5611445298845914,-0.3628206624710646
3.5496637621502694,1.263763569551169
3.551610665660825,-0.3381513594875341
3.534387016087866,-0.34530936398017054
3.5397155952125168,-0.3475195947580581
3.5107285188952297,-0.385602110936723
3.495014614639758,-0.3677420769129447
3.5292010127083406,-0.35881380698762044
3.5239272027078887,-0.3414251585022657
3.551445378027246,-0.35381120128546656
3.5366404654744263,-0.3575812808927485
3.5289188295168397,-0.3113789135065332
3.560907086519486,-0.3394326066017646
3.5459565919916654,-0.3447823348115899
3.5547857809792687,-0.3092753279914758
3.575653742213681,-0.35779298488857797
3.54395712106939,-0.32224027224754437
3.525241846711527,2.0185702947835256
3.5885734748250333,-0.3431622359837738
3.57873377951187,-0.35603876074142526
3.5881839393860853,-0.33260618096750794
3.557124734102155,1.2582253957836138
3.5741869128848247,-0.3711454537175879
3.613213871177005,-0.35948891695185775
3.590380279479636,-0.3352830578517485
3.5795579350317235,-0.3514293077890259
3.6008329862768593,-0.3319712951537039
3.571724034878277,-0.3322691333107437
3.577967469089501,-0.33224426238252747
3.5868100831028777,-0.32035719379435157
3.6005550666906325,-0.3487377631433783
3.5869987252703948,-0.35737993408326685
3.5854443209820253,-0.3479128895640403
3.5487143648788804,-0.3435495658860302
3.542043060848677,-0.344909349841837
3.478298539547871,-0.3783825655541542
3.3934779453251176,1.1222209854215583
3.370931383669087,-0.3570422069462579
3.331927528304837,-0.38430287634316174
3.2750360181469325,-0.312033625055617
3.2565526173979613,-0.35888727389420294
3.23648847787048,-0.33338700036647734
3.2021294266525375,-0.34971101729670917
3.187957670133858,-0.34761393482042996
3.204192837598535,-0.3487547957204563
3.1828013385289933,-0.3498292369376616
3.1715262030124474,-0.3269355104191818
3.160558119054389,-0.3525228052747967
3.1370136795296353,-0.35694258526462935
3.167446105854126,-0.3489992858513872
3.1407966617655996,-0.34273918682762805
3.1332125658822756,-0.3819831327951751
3.118862441657381,-0.3059150398986527
3.0648510927859745,-0.35557279253860047
3.052250376184,-0.35473277073269616
3.0225823285306963,-0.3315353086175117
3.0254353348880203,-0.32952000746496396
3.006012952610977,-0.3694412928803182
2.971122132539883,-0.3376748316171449
2.9689618576782593,-0.3403394698052165
2.952383095577387,-0.32438861195663593
2.9415898378487073,-0.3483031066382114
2.923984862062437,-0.3914279584573209
2.975878019256256,-0.3409393969356672
3.0098362256034865,-0.36964116827609583
3.03175589901186,-0.3552259317239307
3.0743387586966,-0.3446342477881148
3.012986630109911,1.3986753341721718
3.0592979716613797,-0.4479960912384922
3.0915855401305734,-0.3287238687026426
3.099065035364281,-0.3416735873584767
3.0625752103300443,-0.3289186920804799
3.0357840383098242,-0.32285162702983156
2.9765359425724833,-0.36591833724523504
2.9774885005334877,-0.33157426630593057
2.945170603136177,-0.33000617803431637
2.9363932450293055,-0.38852440277635897
2.9073104064180124,-0.38363666623085596
2.864089077569963,-0.3434921414644837
2.8680682317708777,-0.35595103835031694
2.8578879606411163,-0.34891397530898444
2.8728187247568537,-0.35695713524565753
2.876896393114798,-0.32960836011683803
2.8529615652565323,-0.3301737644974148
2.881559538489197,-0.33364655858739223
2.8963323847488383,-0.3609007989046153
2.8820417702158023,-0.347520489643628
2.885617471001914,-0.3153084673288693
2.8835700756060523,-0.35174685918841414
2.8916636319692013,-0.3309440831027204
2.879340621365261,-0.35950088683725895
2.901067594491994,-0.3644181931503117
2.9055126859756246,-0.34482753207622685
2.891180415703102,-0.02543142590956218
2.909270591260312,-0.34911821098983586
2.9193465817146804,-0.374199065016518
2.9065249012448833,1.951796809417876
2.937990013157951,-0.3484843253701666
2.9772563583176,-0.329521629763996
2.989338409083826,-0.34830459717305456
2.961681175445609,-0.01357764420456991
2.970659302184309,-0.36202898885859536
2.972954842973628,-0.34291543497948146
2.9738843101584083,-0.34046339971944056
2.9975138387231324,-0.35882863528087344
2.9750871688979204,-0.35658428024124944
2.9617174182998944,-0.36233133672525025
2.9504036357332284,0.3231379240737317
2.9258753176938246,-0.34994903377593983
2.9282808202020627,-0.3851888511367179
2.9102649852842166,-0.3464950062973033
2.850538050230665,0.7713630049296821
2.8805568034834077,-0.3516840112534212
2.8527176513269175,-0.35099645532295864
2.786638275105532,1.7779579113058397
2.7914155378375005,-0.3275299908169667
2.7778181001027002,-0.3661415686654656
2.7938326926008257,-0.3382609827123576
2.7737087258472424,-0.31599791930859156
2.8001205974435033,-0.35502080594604246
2.786268796073494,-0.3469574639450147
2.7849968108602994,-0.34915778299310524
2.797222183810462,-0.38206960799577494
2.7914656644535443,-0.31626261257777794
2.832296473832447,-0.3684970895066568
2.868961487731765,-0.3629153582378962
2.8635572711330366,-0.3214354635679632
2.8719544005370583,-0.33774978972803094
2.8327142205331084,2.1887527413246763
2.86809001798608,1.7952450857895474
2.8930304210592928,-0.3253233469501269
2.915682843887786,-0.320152257194383
2.94411831895136,-0.38521138566058044
2.942435667890141,-0.37973440391921637
2.957819878741908,-0.3477361358127008
2.9287210500254095,-0.3517431825159571
2.906450654464073,-0.351092368681955
2.932363687350824,-0.33006914545705623
2.9406861567227724,-0.37368663929984003
2.934949934964964,-0.3765568084598144
2.9320545535743845,-0.338549594619464
2.9471282021048126,-0.3935882693462685
2.9485202225597917,-0.35742202882166596
2.935062502643546,-0.37156211317186044
2.899002749742925,-0.3404792924179096
2.8508489521766815,-0.3494983207503486
2.8730286794264734,-0.3392338830039831
2.848360577066318,-0.3608565229446015
2.8199292184360365,-0.3725648709455086
2.820351756241458,-0.3424549604715026
2.750360093968658,-0.34937466816378226
2.744441325824236,-0.34457994103415557
2.723359127411481,-0.3236561045025895
2.6750821974494703,-0.3487165596595584
2.62391541534108,2.0751688669286352
2.633770131206207,-0.3443570702972288
2.6305741873573067,-0.3548881575545243
2.629504172182664,0.7897182299825943
2.596535735750251,-0.3458432969597959
2.6324262354039796,-0.35341408168878363
2.6322029219112526,-0.35747799117755796
2.6203884617704385,-0.3343151890832819
2.6364955328853643,-0.3752635171169618
2.6309061844929706,-0.3775837400627432
2.620307834344852,-0.34216789157987065
2.640399068193365,-0.36797998044365554
2.640298658385644,-0.35293987160031154
2.5904209330211274,1.2827227217695243
2.590101256366154,-0.2942256109126527
2.5640564874816967,-0.38701882699360163
2.5358634314476376,-0.37536123030241897
2.4944757357443192,-0.3585146259561089
2.496504961121709,-0.34797891179331825
2.480717319021119,-0.34832638776876557
2.437312062040746,-0.30652592417333013
2.4120866187988197,-0.3619447317214808
2.410959047368584,-0.32981314057428707
2.374778300330942,0.492577714520601
2.3695881829177954,-0.3296808327087235
2.3630776953513446,-0.3566255624569218
2.324279365422873,-0.38316738643044795
2.3217825597475374,-0.3524029504302414
2.290700565901587,-0.359827078267729
2.291904176001117,-0.3299815072814469
2.2607316059802205,-0.3414338865531169
2.240270047230967,-0.33254421343711194
2.22158165608299,-0.3373111129111415
-0.706563387998109,-1.1680297927362853
-0.8165033543576969,-1.1730092722259222
-0.8272016958231199,-1.1790332038531381
-0.9197837165011218,-1.1701395672407546
-0.9431450638254352,-1.163699205664825
-0.9369557512425113,-1.176360561263427
-1.0427662080314901,-1.1558014553965454
-1.0534486915771055,-1.1586426798403358
-1.0222362573944017,-1.1865415994022552
-1.0069017814833332,-1.1832073877707763
-0.9819827582093114,-1.1712470125399705
-0.963873805491372,-1.174272210624206
-0.9257404652712474,-1.158351422929871
-0.9016999082029739,-0.5950801150663749
-0.9275323373672673,-1.160373602439553
-0.9182402985445897,-1.1850877628060414
-0.9677612551708324,-1.1674289281003654
-1.0054402247167276,-1.169131444259958
-1.0149856850085888,-1.3379778993192617
-1.0628647480168805,-1.1553072235855801
-1.1186956402128818,-1.1598566767642642
-1.1423863136018815,-1.1917247416102943
-1.2050311937162528,-1.1589622712020287
-1.2095276130694639,-1.1817992717359231
-1.2267949314056765,-1.1931861483993584
-1.2563550237838532,-1.1406379837013159
-1.2776174531794995,-1.1593143608911014
-1.2931836709678965,-1.1434133837917069
-1.2948059928093525,-1.1988636733124771
-1.3551434201744832,-1.2151888570150482
-1.3467078320791703,-1.1633756648895415
-1.3579860112615587,-1.169103484254412
-1.4056084608828272,-1.1437060374758856
-1.3476768931023293,-1.3424603668678996
-1.4039795149921632,-1.1767977484825758
-1.4345752436135444,-1.1834750356675576
-1.431282688337018,-1.1898128136877564
-1.4610550537060303,-1.157966720240381
-1.479715534786975,-1.1819120156692353
-1.5183210953568245,-1.1675901475329862
-1.5406672136044552,-1.1906001861017161
-1.5433892320168792,-1.1428333681413065
-1.5721935817716075,-1.1743692065257179
-1.6019937599745966,-1.184783547360596
-1.5735532422288108,-1.1594259614402307
-1.5865437735910837,-1.1819897740446232
-1.6247657777013558,-1.185734148869852
-1.5997324655128398,-1.170785678528567
-1.6676287613037895,0.29425203639417563
-1.653294901962525,-1.173998570820737
-1.627305922909232,-1.1669476946971573
-1.6456975595073111,-1.2084914255625225
-1.6539777751954605,-1.1608420341158814
-1.6511850067883447,-1.161930319978001
-1.647747512123373,-1.1659358008837464
-1.636303034732902,-1.1635729574800775
-1.6272775673490638,-1.1572134761611859
-1.6251725732654714,-1.137354658995108
-1.606820510040071,-1.160086859843894
-1.623872149247331,-1.2119936270803626
-1.615156353142513,-1.1741988530388494
-1.5953263076881605,-1.1671886900494943
-1.6381348470846295,-1.1604610879277086
-1.658400600795178,0.46992983858154275
-1.5831992135571096,-1.1787161853912747
-1.5613684320873185,-1.147755049258208
-1.5191107556408225,-1.1799678075366982
-1.4475687764016718,-1.1630487950492878
-1.4199646151055345,-1.1643933552009964
-1.386195797081283,-1.1682569597980355
-1.3350730514900735,-1.1675838559148732
-1.3564845854071685,-1.1895247445317272
-1.317380842057849,-1.1863818325874678
-1.295131277195445,-1.1456297573574674
-1.2994083246733807,-1.1973820206625772
-1.3032372083545556,-1.1746869193131995
-1.3009486957915224,-1.149126959651191
-1.2772529137276556,-1.1505336220525233
-1.2660223510033346,-1.1750672689614448
-1.2657870925198518,-1.1462184020162407
-1.2299248956842603,-1.1828383833781129
-1.2249401715468826,-1.143787019400888
-1.1902011110137085,-1.200580673020627
-1.167914789090514,-1.1622058693127202
-1.1766566792859594,-1.1432510617746077
-1.118092892832983,-1.3818149408178257
-1.108331164084841,-1.179957540465043
-1.124603101572021,-1.196707378076757
-1.1029353976345588,-0.6463931751369045
-1.0804413039344094,-1.1557473698356415
-1.1015528976987996,-1.1887344397633224
-1.070705247573535,-1.153386803099722
-1.0356466210956574,-1.1760380224004838
-1.029857945341782,-1.1632634947312783
-1.0537136348875307,-1.162488210795406
-1.0825651845361786,0.4664601062639063
-1.0888514631800092,-1.1987913076069545
-1.1199124356312098,-1.1352900449777208
-1.097399997323963,-1.1809212311112705
-1.101532566766807,-1.1677227209409426
-1.1405107352764745,0.9026411718225511
-1.1311267578966915,-1.2043223277924013
-1.1577364125020455,-1.211649550908577
-1.1392361053661582,-1.1830236450732468
-1.1371992799471156,-1.1511677171205337
-1.1271927475148162,-1.166680869712021
-1.0868049362689347,-1.1679038611602883
-1.0923564981821998,-1.1646755149340484
-1.0770519967874514,-1.1601659443676036
-1.0038144439275674,-1.1934717697796744
-1.0227521290138002,-1.1574065772141076
-1.0107397326186018,-1.177366198554295
-1.0012834001523583,-1.1906168955533107
-1.0228728310242543,-1.1845912315153821
-0.9841286760385651,-1.1804036720045443
-0.9464833723807058,-1.1810702199461827
-0.967108904664198,-1.1829356976703898
-0.9177241306159145,-1.1698452557900851
-0.8988629254562784,-1.154951648650882
-0.9167564864752964,-1.190731090183741
-0.8511080350608842,-1.1855320270934835
-0.8554455383045907,-1.1646908842716914
-0.8535137790931584,-1.171014965282641
-0.8151520625055164,-1.1731612673548466
-0.825197639455626,-1.1760126528123298
-0.817045537305761,-1.1783977402845667
-0.7904436605360677,-1.1377390907897416
-0.7568988921882949,-1.1534353306076555
-0.7511143916146736,-1.162726767498637
-0.7338190579178152,0.2723996289566286
-0.7176718188020164,-1.1524446967941397
-0.6929694822683817,-1.188024412280051
-0.6687635939302693,-1.1635791368831203
-0.6734982379713563,-1.182064359089469
-0.6615766456474497,-1.1808451689787542
-0.6416239742284455,-1.1890999247972263
-0.6252179333503567,-1.151415102128605
-0.6253332966614318,-1.1700523149510238
-0.59500517843987,-1.3026921017438635
-0.6049856328982589,-1.1841926488497128
-0.6034466039946238,-1.160801720977423
-0.5917531166364938,-1.2066177141920646
-0.59503565777277,-1.174247866770353
-0.5769336764343272,-1.1675328953523052
-0.583381583473972,-1.2041492563711311
-0.6066473384389915,-1.1930400126799279
-0.6039342966962808,-1.1626331178268678
-0.5737565515333725,-1.179652341599031
-0.5802813719804853,-1.310274450792236
-0.6380136376839743,-1.1293874626104685
-0.6726952880698309,-1.2645590759319667
-0.70976786944785,-1.1921663824428832
-0.7065792663472859,-1.135867597014545
-0.677931540242718,-1.1821024573437282
-0.688558557210403,-0.47395806044399447
-0.7179338333975935,-1.15150107115267
-0.6934118430518809,-1.1910650074604845
-0.7033575402810333,-1.1646864571140427
-0.6736729914028682,-1.1686210982565046
-0.6618932566820354,-1.1716121388053786
-0.637399061939761,-1.355341027729118
-0.6197896662608445,-1.197801856799715
-0.591707351581554,-1.1964308815541513
-0.5945867840349903,-1.1833692460154093
-0.588289323031935,0.7481883736092177
-0.587292108832555,-1.1588433376673313
-0.5766938607607389,-0.5549914152918082
-0.5697366347769982,-1.1957463451119539
-0.5855210852871903,-1.1939565842400033
-0.5748306771583547,-1.1526667929156937
-0.5589692657335762,-1.172444153922532
-0.5953207440720368,-1.210107721682503
-0.6045486240072057,-1.1603870780770567
-0.6070248621554695,-0.29220732225403967
-0.6033787134900027,-1.1749218094064093
-0.5982313320076247,-1.1772667441192617
-0.589407017260481,-1.1372135735246396
-0.641244074218429,0.21416656976604012
-0.63741332035003,-1.1851488667995784
-0.6025374560626572,-1.164386547019165
-0.6465635646230979,-1.1558479281583438
-0.6253190100548508,-1.17496869677612
-0.6021565328660233,-1.1595459669861503
-0.5770390900644596,-1.2261140687857497
-0.5826303474739312,-1.149067971571763
-0.5520982407915368,-1.1569547767664916
-0.5564030565390072,-1.1504536121188755
-0.5436510246960352,-1.1517783330166897
-0.5271228372002519,-1.1950252295197685
-0.5150072952554166,-1.1570962933752518
-0.4865689204359706,-1.1871920527436772
-0.4800981515304733,-1.1626314065452985
-0.44453913658019123,-1.1764733456614214
-0.4281430306684697,-1.1912435504796253
-0.41637856862386247,-1.1858085680835304
-0.38529743001694927,-1.1503064092379611
-0.382499858678207,-1.1557732681689512
-0.3572178038650029,-1.1660442271893778
-0.33334043505935274,-1.1880102159242008
-0.3295691783494903,0.4989000224265959
-0.32459779713826914,-1.1667482549188388
-0.32594211867399725,-1.2039888442221596
-0.32622540555143725,-1.1916115616069658
-0.37486257656631994,-1.1739626642481824
-0.3425635881976594,-1.2007409673272718
-0.3389350671182368,-1.1843361993778194
-0.3546290872509222,-1.1686162355518017
-0.36063936582101586,-1.1793876248635276
-0.32074672348284744,-1.18422859383723
-0.3062748568902397,-1.1841251975477827
-0.31460606671333,-1.1832982852891543
-0.31565833418376227,-1.1627506203579252
-0.3309810383257013,-1.1459634312393703
-0.333654234419583,-1.185181294267362
-0.3822478215450243,-1.164101119649596
-0.3964973749362027,-1.1511279355843869
-0.4069371737851805,-1.1607410612256122
-0.4655072159736591,0.6298373058318738
-0.4512912580661,-1.2035789228946585
-0.46453355915743694,-1.161854026477397
-0.5018163635958302,-1.1549961106887265
-0.5264605831517407,-1.1673713838716187
-0.5637234541986287,-1.1773820772517702
-0.5657824216421274,-1.1435074867886916
-0.5806350325545212,-1.1471403103498254
-0.6137141871654982,-1.1670735784264226
-0.575253710441087,-1.165815565144171
-0.5984775081381908,-1.1492270983256996
-0.6108553146792475,-1.1974437882030777
-0.6074972510901852,-1.189766651114728
-0.6085002397924566,-1.1868688551053648
-0.6002315074236934,-1.1502200693551907
-0.6207065666104575,-1.1913231793568915
-0.6026250112684041,-0.30867092664807466
-0.6126646407143386,-1.1874622529013144
-0.6258374342321118,-1.16306305788472
-0.5897785789960986,-1.1870862129637771
-0.579706647323091,-1.1728110247693246
-0.5899925133592645,-1.1564853613483972
-0.5805523640928645,-1.2056136496044763
-0.5437911796190209,-1.1441076254548939
-0.5474634666879505,-1.1541144904097094
-0.5400792604466403,-1.1607754556430416
-0.5053852605452226,-1.1733924876758095
-0.4933597577621311,-1.1959791805473627
-0.4870326383716903,-1.182239166724556
-0.4415343675639307,-1.1916913598502008
-0.4222867270895238,-1.1619248970979885
-0.3853268522661477,-1.1878152234254125
-0.37286436389521344,-1.1862466081381584
-0.34341085378480457,-1.151591431674653
-0.322830015584327,-1.184636502177366
-0.31348471288894664,-1.1939317458668743
-0.3004716437577914,-1.1830427794013314
-0.27572937080441284,-1.2039217738154284
-0.28145821596958426,-1.201210387713161
-0.2901767551192648,-1.171943559896692
-0.3131191867880436,-1.187661589390224
-0.33395515503581624,-1.1766518636937435
-0.31894047746158105,-1.1608816347890847
-0.37116983117877894,-1.1974362554346665
-0.3806454774185246,-1.1801234402138643
-0.39296278467144535,-1.205239524270896
-0.45259013687272814,-1.1706839786966636
-0.4122972674071466,-1.1828645349646343
-0.4085852555881325,-1.186109211730474
-0.442833043481288,-1.187088111787283
-0.42505441110828396,-1.1502152762980626
-0.42577520551858006,-1.1949557742879975
-0.42388671774483216,-1.1720369481842887
-0.3789864990731623,-1.1980895769864066
-0.3553879711982125,-1.1729390753263165
-0.3928353845113378,-1.1906436486946765
-0.4053334755167451,-1.176820654622377
-0.396101260613397,-1.1602181481852252
-0.40815955163646067,-1.1608789591188828
-0.4354827238165847,-1.1855264347105112
-0.4362321091368398,-1.1503383408953674
-0.48627720272342895,-1.1790094605253116
-0.49039042726538445,-1.1749850434253715
-0.48018592073938227,-1.1826570814653778
-0.48156402883990046,-1.159572432750129
-0.4974578499147336,-1.1776955584951412
-0.5080415370928762,-1.170464889799454
-0.5058749662240047,-1.1660789826795754
-0.4799837163210519,-1.1642196418258348
-0.4687438050598568,-1.1613783360318097
-0.4601057302072305,-1.1814697964190988
-0.46888788208970517,-1.1921484716805948
-0.4795032755915189,-1.167755435670963
-0.46175138142679256,-1.184119688436955
-0.4758581091752909,-1.1736732023830942
-0.4626799827232529,-1.1688742231896272
-0.4717521405198745,-1.1828122599080257
-0.49663127832774334,-1.1605802841046662
-0.4777025149301907,-1.3692584281373852
-0.4975964693070708,-1.1528768957598936
-0.49026434850258405,-1.183560925755597
-0.4949694677724136,-1.1763577098500477
-0.5199789820345343,-1.1790864422413745
-0.5390195559641934,-1.1597216817916605
-0.5462680799050268,-1.1959745926361083
-0.5563322483835729,-1.1758949627267987
-0.5541546764125002,-1.3041560280319793
-0.6432305074576653,-1.15391468445136
-0.6081283293995416,-1.166802719730106
-0.6570098541006228,-1.1964181928081052
-0.6463395844775419,-1.1586252810977848
-0.6170353860537142,-1.1539176845186727
-0.6354599610929356,-1.1600478285575035
-0.6178370256112693,-1.1806387821579079
-0.6494636541658173,-0.46046747797757187
-0.6795472286224475,-1.1903202913790343
-0.7216156839427086,-1.1936000056274458
-0.7498535043403289,-1.1538717991611604
-0.7843274786930808,-1.162977316967408
-0.7603668513931805,-1.1553790527801815
-0.763703064319263,-1.1818983366811764
-0.7687961187511354,-1.1753546296076112
-0.7537205456812671,-1.169130215184508
-0.757070182157351,-1.1607687213867932
-0.6954683926325125,-1.189182951413028
-0.6920678199368104,-1.175901785096496
-0.7119411456233375,-1.1397280199401316
-0.6223654918413438,-1.36832718293015
-0.6408699502790256,-1.1823538528682955
-0.6563917534556087,0.16746167752601832
-0.5714986155128711,-1.1753348590991324
-0.5566916309455681,-1.174705405381804
-0.5326653397033698,-1.1816833529501574
-0.5276926345114218,-1.1698481734153718
-0.5062054945432838,-1.1453353107121849
-0.4950232107371318,-1.1554874816607688
-0.494162544249153,-1.1926320524388487
-0.5172754640987963,0.5607214276298758
-0.48582727657091235,-1.1483695172973503
-0.45831616245580553,-1.2231655542828914
-0.462660268955227,-1.1468918793682366
-0.473765693585932,-1.1678257944433243
-0.4779927848103491,-1.1652285636011974
-0.47412742799439506,-1.1720816816013293
-0.4997093359140739,-0.40634561105244155
-0.46887692008218634,-1.3423781390401315
-0.4905475692823208,-1.1571094803777062
-0.49091774629020773,-1.188241400321295
-0.4979900331311447,-1.304896453564083
-0.49229572609209005,-1.1729821427508635
-0.5147115908689559,-1.1401764696053989
-0.5710388819730183,-1.2210529313525416
-0.5492593180693635,-1.1533659086492614
-0.5738484793369415,-1.156490867630212
-0.5905271986428514,-1.1965119401131863
-0.5796459692212872,-1.2154207826592967
-0.6090894426164575,-1.1628348814808513
-0.6193413263950109,-0.23719940691276667
-0.6194360593199514,-1.200659570431232
-0.6276518473716728,-1.2075243181333475
-0.6159277113887487,-1.1638855888753312
-0.6197272457377543,-1.1427356385048713
-0.6203980334736527,-1.1279402784389332
-0.6032566551383447,-1.173877388377842
-0.5995790329970865,-1.199934708348691
-0.605243938271298,-1.1739261215036665
-0.5957791490653221,-1.2075223769770222
-0.5534271468027384,-1.1727096088122764
-0.534253350621127,-1.1604624279110773
-0.4991323931641295,-1.165123378259462
-0.4905863124456696,-1.1651799068099542
-0.4445574366603065,-1.1665910630801561
-0.43326916446655306,-1.1792809629559506
-0.41980842857095374,-1.1775760266130337
-0.4053064217602281,-1.168389555338062
-0.3855495166965658,-1.1690176280438196
-0.3758660619464019,-1.1517243074103742
-0.3853580850211848,-1.1801736027139085
-0.3932480865436382,-1.1827708367989256
-0.4298761028578525,-1.1781209368176309
-0.39946550520736657,-1.2087549937040352
-0.3890160162204867,-1.1969677374326437
-0.40722290517549825,-1.1950921207136682
-0.3809354167152661,-1.1768610097789018
-0.3763375180394131,-1.199736566038369
-0.38675509544627446,-1.1719519689161113
-0.3497945076783434,-1.1603302476901831
-0.35495428622048003,-1.1844696629319844
-0.389102945453614,-1.1868150982765606
-0.3801704154361003,-1.1973978325472774
-0.37597468286374885,-1.1509510054070786
-0.39155392794522687,-1.1608581455114935
-0.38609885132272675,-1.1729121442732637
-0.3997393137320422,-1.2057497330575313
-0.402393380982862,-1.159337848228528
-0.4044355752905574,-1.1996561407541453
-0.38110713956417985,-1.1612404592707215
-0.3928386665198948,-1.1528607267127446
-0.36302381895765806,-1.1759303628564395
-0.3868307727710823,-0.4720035451654281
-0.36790293808845725,-1.2014600697464533
-0.3709549274474188,-1.143021018393657
-0.3640310374103048,-1.1460578503643244
-0.36632114638701607,-1.168882613566615
-0.3739442476881503,-1.16926209668717
-0.4112313297736682,-1.1976695473003773
-0.4094249196744329,-1.2019174975401672
-0.4293970426319116,-1.1881398472729323
-0.3996049791905561,-1.1548306526329175
-0.40034954976020637,-1.1809803173609361
-0.4634850929211223,-1.221805330181534
-0.49075373857865745,-1.193815411844436
-0.48261561915011847,-1.1782450962807365
-0.4962964904989,-1.1644898704048523
-0.48529471655171275,-1.1657952447948134
-0.49833195669518837,-1.2178798481867297
-0.5197858303277861,-1.1695398819850187
-0.5690526416998601,-1.1716636375996152
-0.5567635616761175,-0.2526708973206326
-0.5568267848993529,-1.1828530095522598
-0.5436436649490783,-1.1738165442148498
-0.5225127738061762,-1.1697559725287519
-0.5555630993015632,-1.1775051805472683
-0.528002274880361,-1.1770601989713076
-0.5232489065294119,-1.1902354261232284
-0.5366416048085939,-1.1412521396590487
-0.526165318038535,-1.1695094905973131
-0.527437480759196,-1.1828337646105422
-0.5424813413758536,-1.1623346250865714
-0.5360625564792041,-1.1800290864216576
-0.5174000231000242,-1.190217696541889
-0.495913268406139,-1.1505239804372556
-0.4920206118543568,-1.1461549655081869
-0.4695431282405833,-1.1659564571426602
-0.5006781312143233,-1.1503232501051406
-0.4977594345323895,-1.1755551414816283
-0.5180589252199483,-1.1658912809999984
-0.5302158758341542,-0.8325356616690401
-0.5314961992166282,-1.1663145052449158
-0.5155365171459556,-1.1719992506123673
-0.5320224044474792,-1.1788742140494677
-0.5344071965518363,-1.1758449015112593
-0.5449369833288651,-1.301772031782031
-0.5737260241031418,-1.1695753462276954
-0.5444685680882646,-1.177805973063664
-0.5450640828467169,-1.1718149217412024
-0.5366078677558008,-1.1755656178237661
-0.491323462706096,-1.1499853849435764
-0.5068591875048261,-1.1886211933163822
-0.5198165668094552,-1.170444511990651
-0.4974232460011196,-1.177301823769751
-0.534595894060933,-1.1766508565703075
-0.5036181968065532,-1.1692942148670349
-0.5480144075529175,-1.1490142838431616
-0.574006880365072,-1.1464820890098333
-0.5715248787620919,-1.126516145844816
-0.6500015587574428,-1.1978493100044536
-0.6713238520384373,-1.1672447049922883
-0.6536812904796884,-1.163114603269609
-0.6731572569109249,-1.1778192634018736
-0.6632960038416184,-1.1637566861712485
-0.6678694186368263,-1.1722893837351134
-0.6795506875495876,-1.1825254800906535
-0.6846568743435945,-1.20191945349135
-0.6322729572887476,-1.1676936129085647
-0.5879268857356721,-1.1812477579931688
-0.5937795327374152,-1.1810974451698257
-0.5642704159541644,-1.1812992911449156
-0.5468107203360358,-1.1773836209907727
-0.5747549292065077,-1.1862346203351473
-0.5256209716465412,-1.1649231260613513
-0.5273235113156931,-1.1738492313106235
-0.5144802040067741,-1.1407804192578395
-0.5434607849635011,-1.1503641631283745
-0.5674084925389729,-1.1674995011368456
-0.5590819761859674,-1.1750998109058626
-0.5777654865085696,-1.1606366035440463
-0.5840607978051203,-1.1810186858832559
-0.5836730619506141,-1.1853034915716765
-0.5934792638461858,-1.1958925188627327
-0.5947701553647117,-1.1885077904906853
-0.6326095881446374,-1.1462925891308293
-0.6507152758935172,-1.173339243492299
-0.6730287867973852,-1.1623724873441579
-0.684033953870883,-1.1535419078041864
-0.6914314377105371,-1.2016518006336536
-0.6723827000656031,-1.2078928536272004
-0.6673455659467886,-1.1763304196648015
-0.6746073834430989,-1.154168989435418
-0.6473268753154321,-1.1727933462567042
-0.6450583759166693,-1.1966664766567128
-0.6066135554613472,-1.214705820939502
-0.5800178169351978,-1.163486237130048
-0.6201794238527325,0.9154818229495473
-0.5483058991093934,-1.1881132769384848
-0.5961757344129398,-1.1663324973449865
-0.586656628464018,-1.1933555942654854
-0.6253959558270951,-1.1768282547424713
-0.6304304600937276,-1.1891873330678029
-0.6293270142992209,-1.1535394669515118
-0.667926654466899,-1.184999176824549
-0.6556149928148132,-1.1612937923830138
-0.6604234941746654,-1.20353594163503
-0.6400848048543675,-1.1595525654508803
-0.6107441780887507,-1.1704688655950672
-0.6188064628334594,-1.160956820321778
-0.6062163429649956,-1.1820764429105266
-0.5643459638977895,-1.182858471747548
-0.5330929425797869,-1.155840419013095
-0.5009543987687834,-1.1510348661294219
-0.45403454304051394,-1.1816668810098159
-0.4530464301134622,-1.1564632011470237
-0.44069441777758,-1.2016714204468701
-0.37111641598165934,-1.1742744734605737
-0.38259426475369374,-1.1713122226195092
-0.31808978474383764,-1.1454274247772278
-0.3111372312256311,-1.1644505938859633
-0.2953648866320641,-1.1651360919628557
-0.26451400742911585,-1.1755108443049695
-0.2420932771878813,-1.1854913560132245
-0.23784364849989242,0.11019796777460122
-0.2386992042636953,-1.1744157846058665
-0.25919282373233016,-0.6031296600886766
-0.270940150758602,-1.1734189461922035
-0.2338653463411208,-1.182252575805332
-0.24954054087213104,-1.1497081980022243
-0.27921532316385317,-1.1764571414748037
-0.3035105029219943,0.09730879872549693
-0.26448218900365883,-1.2480922065745603
-0.24944035048658714,-1.1931428666509223
-0.26652897645437945,-1.1896666964602631
-0.27308737682867895,-1.1613563900932036
-0.2481550891608595,-1.1950869730689593
-0.2595440038312806,-1.1681890119669582
-0.2547455394603964,-1.2164988205091256
-0.27362520651421207,-1.166455065012525
-0.30033131649331274,-1.147739561468648
-0.296620526352357,-1.179311576840215
-0.3102258137617347,-1.1537220396702106
-0.30463255389111404,-1.1755533253263095
-0.3825154658272783,-1.2036861200191808
-0.44043574119544754,-1.176741523395635
-0.4595000430403106,-1.1766852414669018
-0.532693432028443,-1.1635745038504337
-0.49949865420243,-1.1468156448471531
-0.5232445562811747,-1.1366324374723635
-0.5610450816082548,-1.170151648989616
-0.5509371210086759,-1.1771541378234416
-0.5939130584483693,-1.171081878825839
-0.5927108028894587,-1.2081850324411376
-0.5988731432559948,-1.1729688688507676
-0.5792767665443695,-1.1766156457817167
-0.5695088783650422,-1.1507099290164258
-0.5695265533912653,-1.1655808753264905
-0.550978487095949,-1.1759191925679526
-0.5386509428937792,-1.2058737825312618
-0.5101739808687454,-1.2119083734927045
-0.5011557622655968,-1.1560299825495415
-0.47565439473233195,-1.1549696239995582
-0.4926112094464751,-1.1732508289661594
-0.47103655105748465,-1.1853892727831203
-0.46452822913096187,-1.179091349831569
-0.4565293329699215,-1.207008221191333
-0.44112749933519124,-1.1650299646981832
-0.4189750503327388,-1.180437503978088
-0.4141192157544822,-1.1688682564281614
-0.39414250858511046,-1.1542708704006672
-0.36765487812998165,-1.1739831099869356
-0.365339744660493,-1.1676044078307597
-0.40634609219501927,-1.1966438652846547
-0.3939530581902831,-1.14535914392152
-0.39646400368312623,-1.1418569539844587
-0.4028263758247376,-1.1934102341649766
-0.35580905751991904,-1.1647967102190915
-0.39992737159017416,-1.1704015029179158
-0.3878500009682872,-1.1741976003454428
-0.3649270510669984,-1.1650320186725402
-0.36642418261010307,-1.1498249428871272
-0.34110917349027914,-1.1803148825776673
-0.3436376733193844,-1.1949417555730428
-0.3258022075744959,-1.1892403725979879
-0.32423615157535907,-1.1877230440817672
-0.29566762828985405,-1.1536130741843809
-0.23631891653813064,-1.1456932792093704
-0.2047095290743489,-1.1694401389115279
-0.21419221407688255,-1.2039265894050977
-0.20545771352746772,-1.1725043055692155
-0.18055074617177522,-1.177656410683146
-0.16768818227170476,-1.1574849951819361
-0.13319857542001717,-1.1459339635937558
-0.10803437136686174,-1.1562627161652115
-0.13755544745612647,-1.1978347149232136
-0.14193222190564192,-1.1760037891973247
-0.14055943430506904,-1.1925495650043314
-0.16132470490672915,-1.171997355506886
-0.15822920197581483,-1.2055061286441522
-0.15416901871987923,-1.168970712481607
-0.1616743126727012,-1.1855044236243337
-0.1902451092741792,-1.2017538302398272
-0.16357346360132216,-1.1491652915094543
-0.16810719541731767,-1.1419379591936276
-0.16826330942805137,-1.194101228749189
-0.14431461730182596,-1.1585149914196402
-0.12807769944636144,-1.1592155876611012
-0.1226732486595311,-1.1934245982725673
-0.08613172283891804,-1.1679917390427061
-0.08523074157447538,-1.1635899650440025
-0.15167608231043042,-1.1629718018958561
-0.2135309067829902,-1.187231129074608
-0.24368380055273792,-1.2010067528475685
-0.29540992342668243,-1.1982361893761377
-0.3141597117017444,-1.194341742737285
-0.32658763475793984,-1.1839588261498906
-0.36068143908693334,-1.1574923332896891
-0.36373812321898025,-1.2847904816401972
-0.419931289000038,-1.1708038679387796
-0.4511304498395257,-1.17381815744843
-0.44719710143377017,-1.1702736846514408
-0.4433103798254551,-1.1508795099942934
-0.43693473850011283,-1.1829121377916205
-0.44199098566063233,-1.1815335185925655
-0.4201201714079736,-1.1882307863668156
-0.44115549498735773,-0.02526272886293375
-0.4141642769896251,-1.1558280624671118
-0.3894554276687436,-1.1935907067574796
-0.39538383433004004,-1.186082030010036
-0.3511837817932006,-1.1985490865718103
-0.33492336803755207,-1.171126129175122
-0.3331429091382893,-1.1881567281944743
-0.32130290714859117,-1.190737931400814
-0.37897324956857126,-1.1726949945073855
-0.4123812155233589,-1.144504336646575
-0.4141778806929724,-1.1854909646186504
-0.41670186377230084,-1.191851291638191
-0.43397338468784885,-1.1897384812745808
-0.4497523562537737,-1.1572910668979657
-0.4996225975361829,-0.13055314980828556
-0.4902907014488712,-1.1499152577862704
-0.49528521544380405,-1.1760076755538669
-0.5040172890616422,-1.2046968203206028
-0.5145135838627142,-1.19933518417589
-0.5203336294770384,-1.1866473008394525
-0.5136078794115487,-1.1670457280417181
-0.5192349124136556,-1.1722005253877223
-0.5228531066118757,-1.172284535081861
-0.49611717115393983,-1.1915245973573463
-0.5215089097513416,-1.1909012738831246
-0.5015136392509645,-1.1544758500691095
-0.5285832353420435,-1.185303483598753
-0.5396628206739624,-1.169852455376415
-0.5123026315426719,-1.1857748433832924
-0.5285942162270235,-1.1624729218566194
-0.5448994122324653,-1.1644488174951086
-0.5276482441794547,-1.1478760634315026
-0.531043386837454,-1.1589394341610055
-0.5207780943953862,-1.197657736860082
-0.4959477772798795,-1.187465597884546
-0.5025481341461631,-1.1847859315950358
-0.4927982381244782,-1.169005799995322
-0.49193996150187314,-1.1736950314175338
-0.5278370863294533,-0.3055870325005012
-0.5412552694835884,-1.1552287795496214
-0.522871509706439,-1.1788649826683857
-0.577766972439497,-1.1906209913604247
-0.6062993768647464,-1.195499155239616
-0.6356514910056228,-1.1655042074645259
-0.6788532311639313,-1.2104374963990308
-0.7240765319161399,-1.1700262235873078
-0.7287257531696459,-1.152489897430048
-0.7538073637963988,-1.1827574244781212
-0.760531498892435,-1.1666840847606785
-0.7573629630936041,-1.1595314019550278
-0.7693458465203967,-1.1753770252615283
-0.7988682467429356,-1.1792928879876277
-0.8182945821003778,-1.1853407471335862
-0.792632398766158,-1.1655258242091768
-0.8228824581367032,-1.1619437934111765
-0.8369607856770326,-1.1644884102520137
-0.8278511341036092,-1.169209702283069
-0.824070160669125,-1.1455171989770234
-0.8281374105627525,-1.1742403776237016
-0.8077617454825955,-1.172367965996612
-0.7808271326124917,-1.180954291842707
-0.7610580158554208,-1.1867908163737775
-0.7637788282013676,-1.1651383840697187
-0.7051186257282946,-1.1692950238919784
-0.6841392387143767,-1.1867126339277756
-0.6698768541823354,-1.2012837394870834
-0.6431849603009161,-1.1678052259394092
-0.6372204142309603,-1.170637575818461
-0.5993529724677302,-1.1768073534072268
-0.5632925178528135,-1.184352253483834
-0.5506182904361379,-1.1487939988737212
-0.5082149843198739,-1.1782464972280045
-0.5124424059125537,-1.1438689232726018
-0.48649271134113803,-1.196840190930744
-0.4778707907693265,-1.146854648809325
-0.4821223071450858,-1.1950327201092377
-0.4639639889126791,-1.1789578707230435
-0.46369130291530597,-0.6497849410145569
-0.46013655972049,-1.1691044401519037
-0.4628321363599464,-1.1821842597452643
-0.4851443161313711,-1.183369976512641
-0.4879331030438154,-1.182866091777539
-0.472154709646857,-1.1680302643772933
-0.47339947697861234,-1.1683637692605637
-0.4592809548103131,-1.1916537940354193
-0.4318288464432322,-1.1946616579617177
-0.42315741512518096,-1.1711133285580884
-0.40955215289496866,-1.1665663955520702
-0.38923235302138565,-1.1556905475957258
-0.4092967015378287,-1.1998017565801657
-0.4168403868322312,-1.1554432088125937
-0.4076071769066248,-1.2041184507671367
-0.4279790518196348,-1.1946378365641255
-0.40827227197762006,-1.2206899114686456
-0.4112417188016934,-1.1950013497667318
-0.4310937344572361,-1.1796747184448704
-0.4535566155163142,0.9605927573580468
-0.4193737089649554,-1.1948353214833305
-0.3867179960383133,-1.1623390406387086
-0.39098253412613476,-1.173543719894052
-0.3708067530986982,-1.1484563676013337
-0.33536733738365715,-1.1923606818084962
-0.32765589832743947,-1.1577604760634397
-0.3075177268992072,-1.1517174546367395
-0.2514245205054115,-1.1815938764906626
-0.22985122823755558,-1.1801266575470606
-0.2033335747822017,-1.1746467449003184
-0.17448311347282006,-1.164978788666507
-0.18228093120248326,-1.1439020959000412
-0.13910741833428336,-1.1644371635691906
-0.09854503005712166,-1.176216854199692
-0.061192243435100546,-1.1549172091342288
-0.06347786881478654,-1.1844910155897272
-0.03965335898859469,-1.193414514674681
-0.03607058673015213,-1.1832085658947085
-0.07006486703076843,-1.1533838266618588
-0.022431380905306875,-1.1474111159382874
-0.033650585330824545,-1.1982615485146144
-0.057523770246914824,-1.1680881036436803
-0.06158589896572086,-1.1653168744029512
-0.04522679650132859,-1.1883317458986185
-0.05610023747008576,-1.1656325946843442
-0.07961732052427964,-1.1673865851006824
-0.10141243687764653,-1.1588784240096894
-0.13437322566506318,-1.2093058225652664
-0.15295594431093418,-1.1850477809756315
-0.17921881150779842,-1.1760748014693914
-0.20298352010441487,-1.183893348328249
-0.22405781914832523,-0.10373471905114666
-0.2301399112297086,-1.172735180515309
-0.231765497891027,-1.1815935260918888
-0.23082310840673215,-1.1700592764747448
-0.21906690344322183,-1.1526412277671518
-0.21091616081661624,-1.1689202353443067
-0.17650039452737726,-1.1619045729932678
-0.14883309281347695,-1.1620991259651008
-0.14685338941000792,-1.1663677645027055
-0.14768213567207486,-1.1945770093716632
-0.1668769744386063,-1.2009877286387296
-0.14746373641595212,-1.176779332997189
-0.16061929276620715,-1.1604381659722804
-0.18822748867279954,0.45049182832944246
-0.17313257948119445,-1.2900180296458381
-0.17169377597485513,-1.173322727102017
-0.19272101212955056,-1.162578448478201
-0.20046681458300722,-1.1900019024054853
-0.1913405471886489,-1.1619836812009654
-0.21417789089714268,-1.1820618027643417
-0.19985007780151212,-1.1850048001528906
-0.202351075751717,-1.2132061892426105
-0.2038395411177212,-1.1758634254587919
-0.1860768370298657,-1.1880265543160957
-0.166901154551633,-1.1707290914306885
-0.16996449605118102,-1.1910702279773138
-0.15187320562025156,-1.188899040281151
-0.1596725469857321,-1.2017632565224616
-0.1518559786937336,-1.1796197826022121
-0.13276701082683592,-1.1667443617998088
-0.1430162849733311,-1.2026811534021218
-0.16160244775785287,-1.1882596945952943
-0.14666115292025436,-1.1803207487270262
-0.13092334464036956,-1.1745319839060162
-0.12997128735511235,-1.1851990869569948
-0.12380721914830936,-1.1813425584918598
-0.12288555884993822,-0.5251068849035073
-0.09143102251404588,-1.1920179432587386
-0.10935576484804599,-1.1980402870698195
-0.0561507504971285,-1.190546939239659
-0.03681827064003682,-1.18624598577112
-0.05172310598891558,-1.1686222071127084
0.008784291490444091,-1.1464977416674231
-0.0019849920236454347,-1.190578474785336
-0.01233833105578838,-1.1785942107014986
-0.028128663965455825,-1.1863320572188019
-0.0636529112623796,-0.39832078004373783
-0.0574645125372862,-1.185050093387282
-0.09081646511198778,-1.144239969378278
-0.10945516028316406,-1.1937202142974002
-0.12240310520260217,-1.1850103179454583
-0.12385351977988694,-1.182302511471349
-0.1547611767609955,-1.1712075253281962
-0.15488845324610598,-1.146797505026757
-0.19753530889143037,0.32565270886373826
-0.197990272226395,-1.1665770223061724
-0.159978128883323,-1.1593824343852215
-0.11645886697964375,-1.1605985680615458
-0.11302474530741637,-1.1729648380480255
-0.11627591934818664,-1.1717586226013283
-0.10772558065530838,-1.17760615095232
-0.1038447713543822,-1.187476859211288
-0.07615140118269435,-1.1905769818004985
-0.061332993875032056,-1.1645567373036363
-0.06452281959055955,-0.07511257288113284
-0.05857120710467198,-1.16986854990111
-0.04795133440298211,-1.1966328829228206
-0.04230953578425045,-1.1539260586555165
-0.008458699980709248,-1.1734843528208312
0.03171965185631756,-1.1794324706233865
0.013729065915152595,-1.1860452281445644
0.05045499254705816,-1.1805524651257868
0.08743454223523138,-1.192824749302915
0.04277396615134593,-1.15109260215352
0.05263221915326133,-1.1754757104066758
0.053015615803612914,-1.1820241563114549
0.029278053687779894,-1.1716460070640575
0.04413392444055021,-1.1362163268220895
0.030597208999794376,-1.1757228727946376
0.031543324423375985,-1.1648031695655743
0.04779804893528998,-1.2402273940516104
0.03478081337373512,-1.1877896736647473
0.03006567483465021,-1.1937113274140672
0.01676336211257792,-1.1673198954512398
0.018013178817234323,-1.1787768767675966
0.006027028444021506,-1.2073012936970988
0.008794590954967148,-1.2066594829623434
-0.022611469471048813,-1.155018009621053
-0.006576933383662371,-1.1520184865649734
-0.026354024500145352,-1.1737579198290162
-0.024398782648708737,-1.1716428132896348
-0.034581011031349744,-1.1702748590871892
-0.06989077450083026,-1.160444299648278
-0.056169290255291465,-1.1855707110340188
-0.0794502930168688,-1.1566035397918257
-0.09967514475519798,-1.1828167074165625
-0.08836014903550343,-1.1722937760224779
-0.13081113170745992,-1.1684905297321047
-0.13846670882850273,-1.1617345538988089
-0.13810353505362508,-1.1861327989291301
-0.14358720393848137,-1.2104939757570763
-0.14077576962264537,-1.2006836101259326
-0.15798206697685677,-1.153002737269512
-0.15671993697011322,-1.1649485994596018
-0.1866540253724742,-1.1978060050788264
-0.1834454713946244,-1.176959793943313
-0.17731104325970523,-1.1486552771421805
-0.19937234110455057,-1.1679752062894038
-0.18057272246002415,-1.2998166150011132
-0.18103480850007725,-1.1809661187057126
-0.18247969779057985,-1.1653703801467352
-0.216428309397275,-1.1709153021603969
-0.2663022368306889,-1.1747541011997908
-0.2795323042810055,-1.1868368746455984
-0.30155860492603537,-1.3083418781902392
-0.32548461513718385,-1.1719968019069757
-0.32530962231316435,-1.2033381600635902
-0.3618721268097512,-1.3558987436826206
-0.3743815127364697,-1.1727097528191863
-0.385258233079303,-1.1861305624996796
-0.3712202842106147,-1.1724655369758248
-0.3744269186545026,-1.1928083842714379
-0.3882065381011978,-1.1843780756699387
-0.36586014128601085,-1.178646155823102
-0.3581092110471339,-1.1659912549871145
-0.3905060816455451,-1.189176306127599
-0.39481991465884164,-1.1727533384284898
-0.39505360526237304,-1.1865388041705598
-0.444594251888647,-1.1339056937741538
-0.43979197241326984,-1.1815193626122817
-0.44618884698057953,-1.181593720877294
-0.4787674086152155,-1.1976237944142105
-0.4700245739861294,-1.169973047205048
-0.5031055732863948,-1.1903250635692992
-0.550808503565086,-1.179392184922058
-0.5514967943575664,-1.1555401022282743
-0.5527518607576147,-1.1594658205493504
-0.5587403247728164,-1.1530381975641935
-0.5384178815882261,-1.1839531197211066
-0.5407828649629877,-1.1656373011099634
-0.535361654956479,-1.1726048371949094
-0.5382572346561313,-1.1754039855060572
-0.49574526135248104,-1.1772821738456773
-0.4935695217404881,-1.199412468633148
-0.4762207278433793,-1.1802545993200502
-0.4480915762415213,-1.1560929282448558
-0.42220157457521185,-1.1466766533917188
-0.4034011241829002,-1.2055543157409319
-0.3826629007966864,-1.1681552092205785
-0.38023974887698475,-1.1679020949739076
-0.3862227492482323,-1.1807171122356914
-0.3287963728300219,-1.1678881425094094
-0.3510631249128228,-1.1943686462108116
-0.31703427542177404,-1.1808244432721542
-0.30540601092357417,-1.1816720576460547
-0.2877888074447081,-1.1953889408470517
-0.23879533119462804,-1.1618644115751968
-0.2685423537933535,-1.16550706654466
-0.29519898050069704,-0.46562500862766104
-0.2668960830484749,-1.1750536952681516
-0.2851042283744623,-1.1810331524546356
-0.2555850654415819,-1.2081944483924822
-0.2544477285427839,-1.1715501637336174
-0.2567430213290101,-1.1642795968905852
-0.2546514701519556,-1.162473158270973
-0.24571141591225168,-1.137979322163098
-0.2587417844088244,-1.1743620082029533
-0.22267022617561197,-1.165074345525554
-0.24202537511635835,-1.1649561158930442
-0.2595334259975477,-1.1702977150796705
-0.26410078031835027,-1.1979234401633814
-0.2492380282477994,-1.1554051477551717
-0.25109381502427197,-1.1917349520872973
-0.24172675976380265,-1.1693697401577712
-0.264727328443218,0.9332983085882155
-0.21431689172927648,-1.173911803473145
-0.19638116710808104,-1.1681532034456785
-0.19838787098693392,-1.1568849798435477
-0.1400074428583962,-1.189485206926156
-0.18318693419223495,-1.1724008381858424
-0.13710527028826905,-1.1736838309344235
-0.11438699135435154,-1.1830132076181368
-0.141926281615622,-1.1522261948904249
-0.13011396050026192,-1.1541879146509033
-0.11834537571925567,0.7503101232253471
-0.0950883719886751,-1.1561006894543069
-0.07310020079141617,-1.1748403600604507
-0.07701379484313621,-1.1711330086343388
-0.10282899640690131,0.7303643528778707
-0.07457728039964498,-1.179592356450938
-0.054798453425464286,-1.1625374062168323
-0.05229458538514292,-1.1603254805318395
-0.09182755049469937,-1.2146622219612169
-0.08689382529463274,-1.178040077062283
-0.08772399052829974,-1.1772885098514212
-0.13457912236262362,-1.1749868674754043
-0.11497952807223054,-1.1438675306407307
-0.13373868805071712,-1.1700448946078548
-0.15532572916232598,-1.1573796504785965
-0.13490853763305338,-1.1636560502956137
-0.16254417416098801,-1.165343276769797
-0.1619541062276723,-1.1764465723264441
-0.16762875940454788,-1.178609492146343
-0.17347838906382512,-1.1747581662301527
-0.18919000530305422,-1.1767980999586298
-0.18318964946684452,-1.1881300658236806
-0.2214726171065477,-1.1767319320637832
-0.20966667077507348,-1.1572047634873697
-0.2338832101927125,-1.1826000163858434
-0.2712119661038954,-1.1577232430120346
-0.26568453142811355,-1.1747587233924082
-0.2523944720506965,-1.1654072519964422
-0.2744636910333565,-1.1530405056137258
-0.29518411338833717,-1.151127115887739
-0.3086162161252464,-1.2037535938571293
-0.3136435819977765,-1.1597666097595172
-0.37043429560444624,-1.186024006402969
-0.37037437734660644,-1.1943470429968222
-0.3529956184383724,-1.145658463063281
-0.39303644087987244,-1.1510477717373946
-0.3756632272703624,-1.191652089180221
-0.34482097375919174,-1.1607283440084994
-0.357845530786997,-1.1668643301611463
-0.33667590905094413,-1.1900865531442748
-0.3278720307878442,-1.1782951473285401
-0.3163010847834327,-1.1447754290308767
-0.32977312747240095,-1.1926534464182155
-0.3452488966027804,-1.140871929762539
-0.35115665064113816,0.6026198677865335
-0.31905304218546376,-1.1557939374704176
-0.3166001081380018,-1.1709770329111469
-0.2965806774908429,-1.173147169730689
-0.299059997030564,-1.15419901858472
-0.2979559440258247,-1.1961659738204644
-0.29856835107477636,-1.2105941832155531
-0.32300201498070175,-1.1790206318277194
-0.31996727721119733,-1.1633281396712012
-0.2859205991141484,-1.1509975435536135
-0.24550044973332577,-1.1673480346868474
-0.26239207078471055,-1.1957189405951818
-0.23482233358177612,-1.1901281317771382
-0.2654509506611634,-1.1599920260168644
-0.2511671296049443,-1.1657977417901813
-0.2411308785162998,-1.1573944620170935
-0.2612707967015719,-1.1692621237329741
-0.26058613508743145,-1.1850304650334478
-0.2988031905106339,-1.1612616459568934
-0.27999687839283877,-1.167143473982088
-0.3249723064786447,-1.1775580411094198
-0.3472966168145151,-1.2185772424173822
-0.35433841362194535,-1.1735321201609479
-0.3723444054779801,-1.176813263637915
-0.36359257900256187,-1.1773010749249457
-0.33834769775922596,-1.1992224308478574
-0.33098510984539803,-1.1810362589486691
-0.3370933861656967,-1.1616021956338478
-0.3218186031748079,-1.151315780589862
-0.31600668033557006,-1.154839292209605
-0.28833604588632955,-1.176240613022538
-0.2512618372655783,-1.1761154119612736
-0.23316218817577658,-1.1788271472346008
-0.23359717573924477,-1.1348890492147976
-0.2247583807387634,-1.1615879042836275
-0.21140364138789491,-1.1840034805553092
-0.19739925399453367,-1.1943155291907275
-0.188941292583684,-1.1878800643816931
-0.22316320271743478,0.1517620172225573
-0.17198329307260463,-1.1589376328715213
-0.113055375416937,-1.1923432082411833
-0.10179357476088596,-1.169714217389602
-0.08749970011317512,-1.2002560972988443
-0.07648734190994629,-1.152107753795837
-0.07171237860199921,-1.1680080208863495
-0.05466489227095617,0.8671285612890138
0.007061830924739381,-1.2040185549631137
0.028060049612764922,-1.1797621874440225
0.08257617934228202,-1.1848929650988183
0.11110087905246031,-1.162387264364436
0.13916017528031907,-1.1725065933226981
0.1712022077696211,-1.1514549329847632
0.18003725934472195,-1.1652878439192043
0.2075429219507699,-1.1867560171148488
0.23074225841825038,-1.159159570625343
0.24398533622751384,-1.168818623622055
0.22292559061626746,0.2638568228683027
0.25104296269270177,-1.1823581684909972
0.28100565844935205,-1.2130393738459189
0.2900891452048128,-1.1878389268412206
0.2869261232531585,-1.1769561127341859
0.28804727639210764,-1.153531978470659
0.2935524541863015,-1.1683570479568237
0.30619563771531516,-1.153584534133032
0.298258970931237,-1.1881811633695167
0.2649074515120284,-0.21625240608074545
0.24410576314279459,0.4639621709060703
0.2690715138693406,-1.1722217889973696
0.28057018642903003,-1.1848258492268258
0.2880433402564495,-1.1893120297709745
0.2994945876727592,-1.1505642191986303
0.26505191940150047,-1.156073225790955
0.2551725348067674,-1.179126479528565
0.23316285559035999,-1.1525510964591483
0.22192357982881852,-1.1811884604048908
0.22761168870584672,-1.142807298765057
0.23915862712459904,-1.2111988861990597
0.1785627430608113,-1.185353239634125
0.1894679155120121,-1.1703373303292297
0.19664227580357738,-1.163961595380876
0.180078510338488,-1.1840373230162606
0.13855781502212244,-1.169144293354712
0.11126452048854993,-1.1600640154130157
0.09650523402596954,-1.1428896304890024
0.07640232715717603,-1.1786201469970568
0.05777667832341801,-1.2006154829092168
0.03423989548860735,-1.1660411196982279
-0.047826063771401896,-1.1802206922287934
-0.06400229577701023,-1.1951748152430532
-0.076219160918445,-1.1676963782394596
-0.12105585612400183,-1.1749617165537736
-0.12998773576449335,-1.1694598113342425
-0.1305565306302052,-1.211221979340907
-0.152810464061654,-1.192003480817952
-0.11184221605113896,-1.1796307256398004
-0.10228652989944692,-1.1976930238633536
-0.10974183684957901,-1.1776456868779885
-0.08854013856269405,-1.169519455460043
-0.09358364960586228,-1.1752718500185537
-0.11149650971142046,-1.1958294548360757
-0.11345564892371814,-1.1873090563756399
-0.09636132892177111,-1.2036046544001815
-0.06352194698833548,-1.1791514920897048
-0.08647852005312678,-1.2105638636682499
-0.09982980945191737,-1.1507009494778222
-0.08679512906498046,-1.2096914391309577
-0.09727408005316675,-1.159190856815976
-0.08829375228742795,-1.1681650199851206
-0.10427217701122436,-1.2049024658213836
-0.10579134006252294,-1.193512088311361
-0.11812065701495486,-1.1680256492135448
-0.13703536163402563,-1.1775900735011535
-0.11299710237065702,-1.1392598925168715
-0.13744792302500064,-1.1554359990873482
-0.1540775089419554,-1.1588719517558608
-0.15494320387306232,-1.164672434869196
-0.179687281568164,-1.1769635075181821
-0.15309653351139052,-1.1711474079135922
-0.17469741787207055,-1.2096516372234318
-0.1701618718568078,-1.1855922622856383
-0.17833298514823465,-1.1803999042797586
-0.15344093743278267,-1.1953098641574034
-0.18973701660411824,-1.1478324831225668
-0.17861506628206306,-1.153549890525514
-0.15968124037941084,-0.29925140285359886
-0.18063918498422069,-0.28480539942461014
-0.17131017735447698,-1.1900865268269731
-0.1710810355239336,0.14692473110047125
-0.1747017742234368,-1.1753481315875514
-0.15569034555976866,-1.1926627543841497
-0.15646789133189445,-1.1700768178249887
-0.18746169459657766,-1.1683438319928745
-0.1511534287843667,-1.1747369873766393
-0.17625201014241582,-1.1814407540202856
-0.1632172177075251,-1.1635848437885867
-0.1274297368990843,-1.1891936891365653
-0.12043578809694219,-1.181579941125475
-0.09648410227613044,-1.186471979388267
-0.07207382355222636,-1.2039887555045612
-0.056368931550662374,-1.1969190504391503
-0.02567196998663632,-1.1810783514743701
0.002173054535066692,-1.2038120982965337
-0.007348137121275875,-1.157723798903027
-0.05228342138046356,0.578748930591112
-0.02313528779332391,-1.1775752769127388
-0.0708587103415694,-1.1979950011809746
-0.09200289360345741,-1.1665448245191952
-0.09515407765406833,-1.1855569258223184
-0.12681194873224744,-0.421187282448867
-0.1370368796690445,-1.1653543413136251
-0.16317415160612367,-0.07841090644564555
-0.1435736109626894,-1.1585434228440432
-0.14261609309520662,-1.162668280741555
-0.11741245529904407,-1.171223077601321
-0.1307257116719692,-1.2354231353560745
-0.13967737716955766,-1.1875251168714405
-0.15097925842313806,-1.1533227717911971
-0.13431713583659277,-1.1334761668501414
-0.10609830460994044,-1.1963154868856591
-0.1195092533493813,-1.1747720246080597
-0.12840821051359158,-1.18566904481336
-0.09959394685934035,-1.1765732797834245
-0.12490924862647967,-1.1802588528872602
-0.13167012923108548,-1.197505370157929
-0.13220208968751143,-1.1805902160665958
-0.12479329406778697,-1.1754959189006018
-0.16070124371737265,-1.1897272028337382
-0.15615643042046412,-0.10901465846648548
-0.15908774363298073,-1.2207788267352737
-0.16418521065962668,-1.1986947686998723
-0.18695109359804182,-0.5923901210685352
-0.20682920769484314,-1.1656302646150305
-0.21982715500379213,-1.1729947301208756
-0.23381054601386222,0.6759970008763007
-0.23056341065827776,-1.1516398314135106
-0.22961092907542996,-1.3324518620182388
-0.23857787390133475,-1.1662560131282065
-0.2718001208363591,-1.1899211296993282
-0.22175281914229905,-1.1718433240157502
-0.2151675311391357,-1.1614892199790219
-0.245041678316691,-1.1754643589978577
-0.2215995911890622,-1.1635934408339168
-0.2249922054495565,-1.1708389314921623
-0.21547275164371013,-1.1964657041101978
-0.1898858464074635,-1.170068622773801
-0.2443629889132827,0.08458453859397762
-0.2227973759176339,-1.186335794150249
-0.2086720220936318,-1.2009664146594352
-0.2452171091096764,-1.1667675119920937
-0.24384043227681013,-1.1870737239752913
-0.23397611246939362,-1.2012386964363018
-0.22039902095471922,-1.1818158475662364
-0.2003488813519159,-1.1609154458130628
-0.17774247148761943,-1.1783222424344735
-0.18929441496201793,-1.1987512274821794
-0.20089429986058419,-1.151677887285325
-0.20855910845759387,-1.1513870068118741
-0.20473195734606886,-1.2016540204233177
-0.17161762705832245,-1.1779737265770343
-0.1894676573122441,-1.175011146265665
-0.17507447626318337,-1.1974276929083663
-0.11788263412552406,-1.2116515356118893
-0.14320859649900536,-1.191045466690664
-0.13792225298856375,-1.1795238700184971
-0.08920121341207966,-1.1650557016451224
-0.09826847247789709,-1.1978259277519407
-0.0684411799187219,-1.1573336512408856
-0.053895226483172194,-1.1977842849577371
-0.07535252130754813,-1.1494005485955399
-0.062425423458114096,-1.1846530736759355
-0.06471841780819373,-1.1684874458006491
-0.04284881666133808,-0.5526294803546629
-0.053783313290761046,-1.1827631047699478
-0.014397548449986594,-1.1694374312113243
0.019048084433332075,-1.1428117940721072
-0.009997093392813279,-1.1832962404302725
0.014713992127103104,-1.1775932395345383
0.00925916803976215,-0.24842813528093546
0.019168836183915176,-1.1706572030306268
0.02751657916082798,-1.1583370086056757
0.05221897173404015,0.054061779051338965
0.054182938321211044,-1.1673561278412268
0.08233366767075993,-1.1708013617229536
0.06484199756569924,-1.1920356997081667
0.07966385415546938,-1.175207656822629
0.08787354543728908,-0.03777015448706779
0.09685159967288658,-1.1960182290605992
0.11191630215509425,-1.1781355406097131
0.11600212225271518,-1.172009323272
0.1345836813527852,-1.1456300439915668
0.15807658717199377,-1.187622246517009
0.17018194759089683,-1.1551213940215717
0.16436156076652017,-1.1531218528621159
0.16378172065905947,-1.1766675303294756
0.17778970392656174,-1.1594292499401824
0.1519051152622114,-1.1920922468938295
0.1368412780874201,-1.1716760272888678
0.15737787622981037,-1.1647093971200426
0.12406972595170912,-1.1700448725047832
0.11708662193514645,-1.1665205698488958
0.1191417910698153,-1.1524649198749275
0.12008839521998767,-0.11659586542046148
0.12370587566595406,-1.1632653277186968
0.11230348131366497,-1.1925634432232537
0.1649305035097582,-1.3464890200042272
0.12426590030043742,-1.174116159419689
0.10981806747950205,-1.1602362341924308
0.12819187361027373,-1.1676132960255257
0.11000284459987018,-1.1543683815258015
0.12579310738860475,-1.2066693565513278
0.15533290698966917,-1.1943049443361011
0.15224552041491513,-1.1718220504032875
0.16830836871235677,-1.1945148833140822
0.16743115588481072,-1.1784857666636794
0.15836047255766356,-1.1915172811088757
0.1962725264101948,-1.1793755002452777
0.21019839134228005,-1.1787597794421212
0.20420036947554862,-1.1717676691656609
0.22488570775444647,-1.1286556039031
0.22618979707209383,-1.211004317166694
0.2079807928564279,-1.1825506351923185
0.24687965138504833,-1.2160390197897197
0.25806062183021916,-1.1584071710581778
0.26534618985344716,-1.1695009419162505
0.27505572155749775,-1.1745324008578348
0.2803770717284982,-1.1672300689090593
0.30503240244175245,-1.1560940094156245
0.33550600960650917,-1.1656250396927055
0.3168767134764498,-1.1695634338897798
0.2794176924331834,0.8646134858242193
0.3143570406634706,-1.1917625729162298
0.32615689219962,-1.1784712127797028
0.33644284682944087,-1.1843496590240632
0.3494706611345778,-1.1792929854901346
0.3408399234971314,-1.178332943940583
0.3429866767582864,-1.1753780736285013
0.34079985320072476,-1.2015524615171778
0.37901203604331984,-1.1520899930352118
0.39376551131862564,-1.1844123207810118
0.43405114438483977,-1.1594814505097863
0.5265160468509393,-1.1738845838038714
0.5593440078151017,-1.1748190145679556
0.6229057530480325,-1.163788750387993
0.6666815756563245,-1.182754781937493
0.7181366195467527,-1.1603735847801095
0.742341469151373,-1.175817226427212
0.7847847932279413,-1.1782986054617288
0.7652476091898708,-1.1696268188101877
0.8411239163158818,-1.1694221407015977
0.8560077211255395,-1.1792043183405025
0.8637150850477621,-1.1713337118110534
0.9081618110087444,-1.1682271996812288
0.8995236089018604,-1.1815665504425412
0.8990288978791771,-1.1944186458072175
0.9019686576463805,-1.1771614514536908
0.9113674609580549,-1.1872131775945232
0.8931153248464295,-1.1717472877910862
0.8984839443035934,-1.1756314442377702
0.9157095449180072,-1.1856950636402321
0.8633256845544743,-1.1749364280001517
0.8756206156581289,-1.1550351573400794
0.8773329252271437,-1.1877790671297457
0.8618146310903136,-1.1387822490110748
0.8738277202379149,-1.157601803058027
0.8657320237864046,-1.1788177750334092
0.8506869000004683,-0.16816715993659753
0.893334061880532,-1.1766907308041077
0.9246037213382988,-1.1415723591599034
0.9377280207061529,-1.1741599351922862
0.9368409254009651,-1.1520558400700658
0.9386231163245595,-1.171021234201605
0.9577514457959575,-1.1920627748357673
0.9875523082419104,-1.168966537915423
0.9783015071109795,-1.2062128939408592
0.984589445098941,-1.1558465686733366
1.0120265315621966,-1.168264017898058
0.9978802183719385,-1.1395880247884396
0.9941202212099307,-1.1635536675582168
1.0179653196034308,-1.168138191052287
1.0034567572239348,-1.173455202934896
1.000253583138359,-1.2014676370473367
0.9917504351557657,-1.1686408947454994
0.9664185671376659,-1.1607881197569976
0.9641062048540793,-1.1506800544334916
0.9821428349878057,-1.2017067648400022
0.9748722567336431,-1.1727631897081034
0.9770211956387238,-1.1903134607435797
0.9685704548590484,-1.190723985102866
0.9656165107773459,-1.182795349707097
1.0243779278794258,-1.1840517233457604
1.0373450604021526,-1.2146676017141451
1.0290274908268169,-1.1585615483312741
1.0469880416507145,-1.1665219733501668
1.0536162866095546,-1.1617637513831183
1.0804096434152166,-1.1786580307065258
1.131642949321676,-1.1875763395700236
1.1125948476744385,-0.19934106606662633
1.1255589847594698,-1.1618804309321769
1.1437360742603835,-1.137297066596515
1.1484252918046731,-1.1694549748907783
1.1429474444362808,-1.1926548522184794
1.1599745545639544,-0.14489311231926444
1.1322665317602467,-1.213754405244882
1.1427840958800048,-1.2006805503592752
1.1467532172497577,-1.1994062714006024
1.1512081040201858,-1.1541782552127582
1.099748178478602,-1.1628020541913289
1.0955428563491094,-1.1649800632271419
1.1037565629528092,-1.1954706198566463
1.0874991302027357,-1.1347760140740955
1.095000653770502,-1.1410529967285061
1.1199183784857,-1.1482165725864741
1.10425099766051,-1.1826368425938152
1.0864111942089125,-1.202465868934249
1.0756290023447073,0.6691438808326788
1.0947037124280508,-1.2067625120714915
1.075438592487652,-1.170387812116336
1.0757954429617065,-1.1607456716760172
1.0330640701029956,-1.176713283892593
1.019258889957872,-0.5365330464130363
1.0172598085900182,-1.1873288590766562
1.0347216309206138,-1.155780766485351
1.0283497804509805,-1.192168994545826
1.0704785548935911,-1.162804657743834
1.0602741609419588,-1.1974642882071513
1.0907286632017756,-1.1818649243891566
1.1195637937989595,-1.1759546751668515
1.1388565970491875,-1.1428057513598853
1.1713379558663621,-1.1733692741803048
1.171687776434104,-1.1608978801937853
1.2282265821798275,-1.1813512358395006
1.2307997636205004,-1.1640947737081977
1.27549320064719,-1.1573870864758105
1.27613922483627,-1.1710477391494964
1.2247377682654987,-1.133186772794894
1.221191656190724,-1.1768522659306728
1.1795728908174565,-1.1973565784654028
1.1221097232453912,-1.2020656771588731
1.1239383699377141,-1.1605510584963246
1.048261604438692,-1.182414729280908
0.9901191194696263,-0.13294532410476825
0.9658809085802655,-1.1871802170254973
0.9144867398188056,-1.1913358796062377
0.8954214845854548,-1.171887137894268
0.8260345254982442,-1.1707930710548347
0.8298644666051046,-1.180391734463976
0.7943464785249835,-1.1965298942218445
0.7815212262209582,-1.165746436972439
0.7899760109485386,-1.1770087838667462
0.7494720792914396,-1.1699285000022177
0.7778183498947072,-1.1816740070139669
0.7677496898059533,-1.173216452299073
0.8132824702863654,-1.182037369753121
0.8187444483080936,-1.149412746096039
0.8482087232533417,-1.1952439117930125
0.8356621976287617,-0.6077833762159801
0.8816800032778168,-1.157654996744321
0.8995495929666941,-1.1856473185137746
0.8522269912678047,0.867761736413984
0.8913784295422542,-0.603932981453539
0.8423585459519713,-1.1945078493211658
0.8457588210056883,-1.3578717992175537
0.8212791526578521,-1.169695455038205
0.7903109601133061,-1.1992207940547481
0.7812595717594751,-1.1767195643200024
0.8257440755035298,-1.1530827657196703
0.8234020234884449,-1.1657127364530588
0.8365916990730298,-1.1567413527165793
0.8310339238108337,-1.1882873732638646
0.8423394738756768,-0.45087474326285293
0.897178939368476,-1.1577489169847575
0.9637716156842147,-1.1598266469816785
0.9945974084617136,-1.1723268810375884
1.0236212022822517,-1.2098413803598356
1.008909671708942,0.25792171587030244
1.0508248143689662,-1.1786415088769546
1.0638136927611686,-1.1561876481828068
1.0605497236219448,-0.7657026195885982
1.0925922123425933,-1.1573793480119603
1.0831262760956741,-1.1761092804788207
1.0883209521842847,-1.1476421987663095
1.109342677107226,-1.1481139885393843
1.0963711312017745,-1.1939957272483808
1.1149647096159783,-1.1794875216928211
1.128290337878374,-1.1531340829180126
1.1102979127871146,0.4949682900129941
1.1457643777405628,-1.139825907637375
1.1603473530928274,-1.1807022390683428
1.178471039833546,-1.1685323922440276
1.152118110138866,-0.27257555937986494
1.163603035650715,-1.1625829126687044
1.1794594247804113,-1.159577506113898
1.1771146154394574,-1.1761915727299919
1.1889138894317788,-1.1810216390443464
1.2044702440687158,-1.2020025778833363
1.186700935512111,-1.1586919238053806
1.2126062684134806,-1.1804779206400513
1.2191936184866696,-1.2001266695584463
1.22486688261666,-1.1681361330951034
1.2327571725369455,-1.1767944756433744
1.2160290635459963,-1.185205326064102
1.192889460489283,0.10025453482844154
1.225778593707709,-1.2198985999917114
1.195182215994403,-1.1857809218134532
1.2127983376994491,-1.1884861650954972
1.2108116553972568,-1.1644741143203752
1.1914791689469382,-1.1715896645001411
1.221036420897185,-1.2007673617949033
1.1948720747179362,-1.1667863704678616
1.163866181796734,-1.1839439400787115
1.179441286033796,-1.1804830722307404
1.139760597475356,-1.1515933694184646
1.1191822141404268,-1.1777431900731659
1.0892843851663687,-1.1473888928764655
1.055426176912945,-1.1811138221658506
1.0561593195262597,-1.132801447912838
1.0737431480133637,-1.1747357473926472
1.0840030014582094,-1.1495543082629616
1.101368185578245,-1.2028849902371603
1.1201294526070562,-1.1981428561903018
1.0781643632345568,-1.1652363527402294
1.0911849264341302,-1.1861356618600707
1.14745313575085,-1.1817716865816699
1.1295247835870619,-1.1608774028165438
1.1597762311114377,-1.17824337363661
1.1752259603050423,-1.1903121501027192
1.1381781551340584,0.8157040701561178
1.1807682562433688,-1.1719138740005004
1.2288588185881941,-1.1509091341223532
1.2290936358742892,-1.147799414716938
1.2416370923025004,-1.1866674115705373
1.2508121447701384,-1.1458085743255368
1.288140168436391,-1.1751969101097426
1.2795850547557956,0.12074982225933806
1.3328917094610988,-1.1714221675002492
1.3103669498024884,-1.15737995360688
1.3300087674300445,-1.1345541217447357
1.3371810091542191,-1.163840441550211
1.3341630702849554,-1.1708323190547036
1.3554793880781713,-1.1684216027051482
1.3343037583576145,-1.2019119808355119
1.306624267058162,-1.176801095014244
1.3084970248239376,-1.1878885836300845
1.3124677662445412,-1.184224688193126
1.311684071069324,-1.1714266165951592
1.298681439229604,-1.176392720525402
1.3038759427900524,-1.1723440418214688
1.279833910719383,-1.169700430837239
1.29548712596022,-1.2051966933393232
1.2996163319150325,-1.1882500126312916
1.2645281674478295,-1.1813108319170478
1.2550482571883403,-1.1588864532799459
1.2347209942829056,-1.1713975722827394
1.2344350785590517,-1.1791577172925463
1.253555171099249,-1.1455051687554432
1.2402229899852026,-1.2034615999507707
1.206330446836234,-1.1926499682716076
1.1979966454435895,-1.1923120658177
1.13437447364302,-1.1874934968139168
1.1536596144426183,-1.19195113358461
1.1372803402943172,-1.1825600361365547
1.0938296298614845,-1.146209247138436
1.1135322750475678,-1.14853577884065
1.0571033114085593,-1.1904669308390776
1.0497415055081405,-1.2026695493904984
1.074541819892487,-1.164208201940865
1.0365916112220022,-1.186672254112502
1.035311101147513,-1.1455752617338437
1.0412226275092686,-1.1908474376165452
1.0372134503399533,-1.156329153693101
1.0357468331482425,-1.1906951070885798
1.0561976109654398,-1.1577672718140695
1.0622361236870612,-1.147046973085654
1.0406294220602983,-1.1707278599112765
1.0681348098346573,-1.1905638135779644
1.1174775021871117,-1.1361823000818208
1.0900202469485014,-0.30340872020422005
1.1485638189321405,-1.1634247835735612
1.1898232374812738,-1.1968775500094864
1.1973563635643596,-1.174895298680795
1.2239709808099604,-1.188275286580901
1.2782630369035983,-1.1589372106706888
1.273551085245648,-1.1794903686122082
1.2962690359132827,-1.1644696064126412
1.3501291997552378,-0.3395670540242776
1.3412835960778557,-1.219617176730312
1.3609704702127838,-1.1981322844242148
1.3711062935715874,-1.1669939629357393
1.3973187835427805,-1.1753526163813146
1.419883585654417,-1.2046824144801147
1.4198450265786768,-1.1769194950072437
1.4157871646259994,-1.1637854744876959
1.39391244919586,-1.1714735769153366
1.3716624818724177,-1.1895040508691097
1.412325435375213,-1.180553147650083
1.3724687920668803,-1.1667091205327416
1.396352350697857,-1.1623984990058047
1.3815015948121114,-1.196575439064822
1.4030147740290786,-1.185095606356975
1.3998704617468771,-1.1711283622279152
1.4081569078776897,-1.1897284634722716
1.4209501396206332,-1.1523301332813038
1.4280985575067107,-1.1755749856529238
1.4326435674096887,-1.161512849988583
1.4376623571743807,-1.2180281759308689
1.4740242063830256,-1.1662905547090718
1.4117978911583848,-0.4538540481096098
1.3989045254476784,-1.1831669067727058
1.4152692764682515,-1.155049717184323
1.371777880365615,-1.211067593749902
1.3873483506523554,-1.154273897811126
1.3789525282346833,-1.1408719933238507
1.3168268758790036,-1.1839754938652105
1.3236421770589413,-1.2039603491691486
1.3308724987379317,-1.1952270483648533
1.3046481883046455,-1.1767205096284254
1.2959149427433867,-1.1627463412160415
1.2726773461113523,-1.169849114997531
1.21525535639086,-1.1840181095244622
1.192663456061456,-1.1824359682812415
1.189879832983019,-1.1488783466080512
1.144963920366018,-1.213964797596717
1.1139805195736148,-1.1889615767466168
1.0995718173155689,-1.1749320013182627
1.0657589193318608,-1.1841445892893023
1.0278257869032634,-1.1831219079802588
1.0089240209159507,-1.1786672670005323
1.0311806107533332,-1.1803421835677372
1.0192003044849387,-1.1714686917143275
0.986673836135915,0.057443262265729406
1.024053613794155,-1.169201538041251
0.9997408365930847,-1.1720311834379729
1.00755834138465,-1.165340234732165
1.026039003498053,-1.1705046997282007
1.014824776806036,-1.170372527365501
1.0054938336299322,-1.1952073299772505
1.033585161456421,-1.183488863972551
1.0283599538408443,-1.1852489974793887
1.0386996796925494,-1.1791824771670558
1.0484539950034082,-1.2508415431454503
1.0545757462379763,-1.1790651006278257
1.0430131987455016,-1.1817985273977427
1.029496623333633,-1.1865662144523252
1.0413976902253033,-1.184412913882107
1.0479475924409938,-1.17223005206596
1.0471541686139734,-1.1710847171770715
1.0465706515397535,-1.1911582922911754
1.0565416046830065,-1.164415392439751
1.0794136637740588,-1.1847526973312614
1.0945496079588326,-1.1535561907047085
1.1312914275525774,-1.1808784749288437
1.1302731576072347,-1.1864164108212947
1.1539499899454133,-1.1695846726607544
1.1671575919971529,-1.1813464564428187
1.1523453791932603,-1.1893826856578453
1.1615490494636482,-1.1841849296711981
1.2060600994497845,-1.181680067697702
1.2458658400296803,-1.1603340866670584
1.2016943407426028,-1.2040561890260635
1.2209739062476443,-1.178307765743109
1.2128283454792321,-1.1735538916425594
1.205219335049297,-1.1946956521092238
1.2493184501238064,-1.1927284947462993
1.2492517211069742,-1.1734518513574361
1.2837112606351477,-1.1824882904013985
1.266935665269256,-1.1495149460957312
1.2922835834950812,-1.1780086831508574
1.2782358925412614,-1.1605870544090475
1.238006424079071,-1.1826250645959726
1.2634616735310276,-1.1585286260001677
1.2219835450086627,-1.3038866384662744
1.2265483074395644,-1.187154859782065
-0.2744167797177121,0.5523125226952389
0.006984398246637329,0.5876376188366779
0.026139788662191757,0.5911388302735308
0.30888907772201196,0.5665566072840794
0.3271616303854507,0.5929324973629341
0.3293623057929167,0.6219827628063879
0.598169827671542,1.767379201630731
0.5882231190751634,2.9955115042403926
0.5684464308523771,0.588867316335676
0.494318332517857,0.5756338535282133
0.43348020252984687,0.6081063020731117
0.3131598824201998,0.6100907567887142
0.20823430071960544,0.5957638447954992
0.08375687829733114,0.5578807202878409
-0.2746140836606408,0.5797092010251917
-0.8811917855531188,0.5891873946099966
-1.4411790936599074,0.5944242958082954
-1.8216619711334092,0.6024485276121284
-2.2719764593471945,0.5990957146336273
-2.4952372238581924,0.5819206035161965
-2.7669796459857987,0.6138162732914588
-3.1469179248801487,0.6149854255894373
-3.286394000022477,0.6010652264705253
-3.3709364867778646,0.5876399121551493
-3.4073019836172196,0.6285326731153748
-3.4668768127506424,0.6171458206686501
-3.5102093764820044,0.584245860875852
-3.510889541034112,0.6182562358169837
-3.5073181511115283,0.6065848236778477
-3.4950683127076316,0.5837094393989628
-3.4870697382331937,0.6225991122440568
-3.513054466758353,0.5985214817364767
-3.4993997416050693,0.6089022029942922
-3.4952222327072295,0.583993519572422
-3.518475828604571,0.6133910905068164
-3.475436018062065,0.6242855587100434
-3.4551915080088778,0.5937426305563325
-3.4755666942127847,0.6093970267418587
-3.465017636937241,0.5911095822628678
-3.4700824187557946,0.5884738368702029
-3.4984057006204985,0.6205363384401895
-3.4728830932244956,0.6277312147409988
-3.4943970155887087,1.321428026047754
-3.4803869575382054,0.5678592995465127
-3.447268781376278,0.5968263680438802
-3.4614758833947636,0.5998931200500701
-3.461715097093041,0.6018462139625657
-3.468754557630195,1.9532750701572055
-3.468325095234239,0.6088279316008429
-3.4477197239233672,0.5876754309692058
-3.4415572793205182,0.5909061001489411
-3.45586176342045,0.5877111563263275
-3.4464381860676694,0.6007964796640619
-3.4861115053103195,0.5968011862466625
-3.4980679886460586,0.619606977816759
-3.497139022916014,0.6041946211397408
-3.472492510815095,0.6198323932789421
-3.4894986818336773,0.6259501908295203
-3.456877527509223,0.6357430598434717
-3.4609674374061123,0.5997291769120403
-3.4729462729889513,0.615700162047624
-3.489527949606841,0.6270979498909413
-3.4822723843619774,0.5805116518302595
-3.4512769827298517,0.6079692991606626
-3.42980217912652,0.6016357219566837
-3.43093993475782,0.5996015547653132
-3.4001658343513532,0.5882708177897216
-3.4092528607449766,3.1472182782421023
-3.3618650099741023,0.60830002331136
-3.3398645051595155,0.6207359739538052
-3.2976745491095993,0.5934233137622065
-3.3118436971568683,0.6037442576571138
-3.35521197189131,2.154261139849365
-3.3377857761466263,0.5971845687833088
-3.3359646284931705,0.6208456986517282
-3.3344705351385033,0.597231843415087
-3.3231538533117555,0.6040410591473503
-3.328093940378151,0.6128443275827103
-3.3961769389464793,3.0899970422702543
-3.381273258682592,1.8202480428541976
-3.3481164777764714,0.6208497656929578
-3.293334601877337,0.6221044552896403
-3.231316778839655,0.5803958162356879
-3.241744923926235,0.6334945482701351
-3.1748653709541585,0.5738791835381102
-3.2059365186908533,0.5929175047073808
-3.1581214957845103,0.5857745921878263
-3.096268420140708,0.5743494411965018
-3.106088516920916,0.5775163717377527
-3.082109329333683,0.60375906980583
-3.0951827775838856,0.5803389979329748
-3.1301497896594213,0.5655501799346017
-3.148619044589563,0.6037480465815738
-3.1678792357404735,0.5881286555948587
-3.1810424946619977,0.599614409233627
-3.240676273397824,0.6085097663828141
-3.2536578526177213,0.6000534213061747
-3.2912525580163625,0.5922763279042235
-3.2919106302201513,0.5742446240442481
-3.306639289733118,0.5995743890853471
-3.3214071612053497,0.5953844227111335
-3.318495008598713,0.6119998109624333
-3.2995746494592213,0.6009207798879884
-3.2572556208212786,0.594863116894562
-3.2396519312744516,0.6206719638803494
-3.227295567504229,0.5965585636321378
-3.200977737429658,0.5952317435692677
-3.1595697256695514,0.5914744124296721
-3.15924425317165,0.6038006709030371
-3.162125027531837,0.5905479503871794
-3.153545463672581,0.6036432427144942
-3.141083827292418,0.6158524137217781
-3.1491927066734546,0.6172214245589721
-3.129522219052443,0.6008370078131325
-3.109039773348157,0.5933111416267391
-3.1429863684325747,0.6178424526148262
-3.1156366354291656,0.5783406478971783
-3.105253611753281,0.6139808101059008
-3.1165658446881133,0.6299295152416232
-3.0999946252561412,0.5857775343465261
-3.117448789216974,0.5745686976597689
-3.122177977799333,0.6073940892969129
-3.108154374124844,0.6405768107481119
-3.0910132659141505,0.5917151943072859
-3.103807609579994,0.5784737009709677
-3.114748175124146,0.6203359434880367
-3.1018779362256765,0.5639723351951333
-3.1236805345907714,0.5788963169564956
-3.1176268113344796,0.604215315756327
-3.096081296461441,0.5880811602639738
-3.1044789414483733,0.613286979079223
-3.092290496255197,0.5999884423711112
-3.0824883931321088,0.5041201016513729
-3.0845411512771763,0.5809650114782585
-3.0838593887725985,0.5926097504607658
-3.1127663380493895,0.6094837781304938
-3.1238320770507757,1.329148878272374
-3.1230820805553052,0.5706826333689153
-3.1306247877824562,0.610945026055392
-3.1224336025227006,0.6195492118800053
-3.119688686107477,0.5671720911807692
-3.129536094899799,0.5946859521832805
-3.124780155078137,0.6188151958077005
-3.132897003827078,0.61338406728095
-3.097652966043423,0.610387908544144
-3.0408872338395962,0.5975738365999268
-3.013139720911765,0.6193294134625833
-3.006558781817069,0.5752852533817329
-2.963431211812129,0.6017793008421723
-2.9620133782932494,0.5789405594121366
-2.929867526860111,0.6051781041443896
-2.924861817460353,0.6075274696857333
-2.9179012122870795,2.2400519704782553
-2.8813783500853574,0.5774343154134646
-2.87725092510411,0.6116954117967277
-2.8024364157918424,0.5930676423173376
-2.824481752316377,0.6256586033241162
-2.7926834584353823,0.6020897537974872
-2.760730327542118,0.5954065737146926
-2.7820331166691834,0.6026635578246995
-2.728202800108643,0.6187650902966058
-2.7150662603629767,0.5993499457761992
-2.7193577091990044,0.5872379230622613
-2.6656578662433588,0.6125436480175213
-2.683105726756647,1.6454503673486764
-2.700271692486424,0.6236380840135478
-2.666882085281126,0.5770982332797496
-2.672777763007852,0.6126750587440558
-2.6596756341486025,0.597693156342327
-2.6233974775462765,0.6205995268577966
-2.6190004325950076,0.6078281102693605
-2.617779668844641,0.5963868726534318
-2.5969632912734615,0.6063344664203921
-2.5604488962443965,0.6115611305336348
-2.6257365921614504,0.6188483016055218
-2.6378755546044093,0.6121345053493583
-2.589928106623373,0.6151266045227924
-2.5951012239170126,0.5916562929113954
-2.524160064129293,0.6078676018670531
-2.540006901502529,0.5899772215583875
-2.555605283372182,0.6050308356846489
-2.5380720536998314,0.5846250174118737
-2.513033264046613,0.5606796573397372
-2.4778505554023798,0.5930164117931018
-2.4957726461654093,0.5998154825466865
-2.520803910494785,0.5690109690416665
-2.5320543069515566,0.5804601498258174
-2.523173959308707,0.6360274681401247
-2.522591155747151,0.43318487116663473
-2.551435014356435,0.6138326596336551
-2.538183424988385,0.5900554583525788
-2.5933333898613298,0.603491318433808
-2.6191931634403813,1.377154232010554
-2.630124120656434,0.6287756937623841
-2.645769342751726,0.6021217842928077
-2.630082309504766,0.587644875413153
-2.649551572295446,0.6043391918811781
-2.6559990301652188,0.5825672583624852
-2.6693750128659905,0.6133390802354018
-2.6749991481843804,0.6079449898706207
-2.645450958711787,0.5888812591836406
-2.684133331159525,0.5961311222705413
-2.68943034647886,0.6014938143645887
-2.686886458622569,0.6202679577288012
-2.716104663597544,0.6143924740450507
-2.7048735785862155,0.5941312332229612
-2.6961453958107304,0.5924109499163589
-2.697288060622158,0.5922953362174018
-2.6641010986911913,0.5960322014826605
-2.6588714208243767,0.6030337006124973
-2.656112590505284,0.6424882970283664
-2.62974722702035,0.5883675806202779
-2.607351644116201,0.5953188440462763
-2.5591492136255343,0.5924781136216606
-2.55841251423212,1.7376379792275274
-2.5193299492987076,0.6004624679055
-2.5373281155308334,0.6069552392408232
-2.5023377425937117,0.572073425765107
-2.5124648548832074,0.5992751759802417
-2.5113355947346805,0.564247239641029
-2.5389124750444876,0.6052271289559221
-2.5587311224244247,0.5771440528088859
-2.5563900941550197,0.5968648667484014
-2.5749328792927035,0.5616071889048412
-2.580473716814546,0.5840401691016561
-2.5758299267013203,0.5921443851355006
-2.5667744519006024,0.6101147626013349
-2.5797784437014486,0.6093810370265024
-2.592212516707641,0.612958063425198
-2.584976983464013,0.589920752578607
-2.5704771575170797,0.5755490169498392
-2.581999663437373,0.5956331087398203
-2.5886580735074647,0.5763125861406181
-2.587512470727403,0.5956815147103879
-2.5660164438735666,0.6003465772115214
-2.558301846783797,0.6082526344240183
-2.561503756662221,0.5894283140185628
-2.569599697028383,0.5880705320553262
-2.571770502501091,0.6115520998410844
-2.568590220589843,0.5940867683213547
-2.5341974741825792,0.5854431965022908
-2.533644874783961,0.6097084833409421
-2.5421419302403225,0.6215562562343669
-2.5372897321613093,0.5918680225335948
-2.5123518838259193,0.5999178630116745
-2.5172767091690167,0.593950968771152
-2.4906969313077867,0.5965302261806084
-2.475450738938995,0.6392437665800691
-2.4919057735858883,0.60401291604886
-2.458531953592676,0.617958848551084
-2.44715594888828,0.5959850906156056
-2.4628971803300947,0.5843918016836047
-2.444824796752942,0.5764691797051382
-2.4871271832574546,1.6290430530168454
-2.464123601997564,0.5913503044604874
-2.4339086598867414,0.5606279160714635
-2.4243905790316935,0.6281567781174421
-2.417153228117472,0.6163611386323815
-2.3903494262443066,0.6103755838873793
-2.39716956209056,0.6063136575352195
-2.377707271706655,0.6183426177113726
-2.3677646577636953,0.5908953926426229
-2.381632665541929,0.6116704843053161
-2.3739392410493294,0.6078875729988911
-2.3901443536108387,0.6173697523888866
-2.366118013398449,0.598238903696786
-2.3378705233894386,0.557683002875113
-2.363937614053808,0.5971476353147899
-2.360480375015481,0.6193403087678281
-2.382634280866897,0.6096732304077751
-2.426155850520107,0.5855446248779577
-2.406433593197174,0.6049495866071978
-2.4478493329132793,0.6158302325112914
-2.453705463319465,0.6278525648554568
-2.453515369968337,0.605316495247737
-2.481803191591099,0.5902198024567482
-2.5013623137954673,0.6276011367362625
-2.485105021977807,0.6080310868739451
-2.4981383641027164,0.5785047394141827
-2.496970713627001,0.615210275672342
-2.4868759940623306,0.5966931571932831
-2.5005547243117308,0.6153950571975314
-2.457540949440773,0.6278034563787076
-2.435926873396484,0.5956319846902957
-2.4260412821725197,0.5773474521862524
-2.4021712701331643,0.6251998161276361
-2.364467566466959,0.616759898500565
-2.38867809741983,0.6054545601910252
-2.3459423238601493,0.5856165187954164
-2.3664464603112725,0.616110409386902
-2.4389407402897505,0.5953618430298933
-2.455117330180604,0.6189366458571983
-2.5195296782201573,0.576641373138001
-2.5226792839267773,0.5908468638918559
-2.5444252691993894,0.5938936308166741
-2.6166061283618807,0.5892035893242044
-2.590891789206131,0.5826935086380485
-2.638082104413897,0.6001906314752089
-2.612497825480736,0.5597948883656483
-2.5820649994986895,0.6176123475242247
-2.595292156161425,0.5953031156460764
-2.567680481361759,0.6173318334638191
-2.560918879512299,0.5942530745173866
-2.540064105962485,0.590286844595469
-2.523860385730251,0.6113332281587209
-2.5260717761071443,0.5696210930383852
-2.492008991380769,0.580460789111544
-2.536657735252523,0.6259529181421183
-2.527975838337923,0.6016963139400456
-2.512269648627963,0.5977992839499879
-2.5222586847418,0.6030289151160986
-2.4900875567827914,0.5889770004681235
-2.467796732167778,0.6048312741303
-2.446303155684662,0.606139081069511
-2.434950730733023,0.5789905784762851
-2.4486742192721356,0.5998275101809443
-2.4472511605151483,0.6054549954365167
-2.432184435473593,0.5963183474718173
-2.419723329937928,0.6186472498949366
-2.3560190480441845,0.6169672639172721
-2.3724875553761846,0.5865145727071932
-2.344737033719187,0.5965954635323365
-2.338257918814809,0.5865565745320805
-2.3557260891395133,0.5903246775269059
-2.317107496042745,0.5804434390432145
-2.297094821658327,0.5957782461868599
-2.291629732662261,0.5628909871542
-2.2709636249717025,1.5169199518086136
-2.2338820216770894,0.6108212955326049
-2.224580484557264,0.5648309821343684
-2.1850352823474104,0.5977843288368727
-2.2042991697578382,0.5970899895698197
-2.169616483193667,0.593145233430226
-2.172107635428606,0.5980398631031706
-2.147053209683513,0.589349420939426
-2.124193137041138,0.5846349112193437
-2.1377256119159758,0.6009165272174103
-2.1681534536114038,0.6014598685771391
-2.144888830062232,0.632674121794726
-2.156321517380583,0.5895828113472621
-2.155008552572069,0.6300116203727164
-2.1616004213581643,0.6349013104785977
-2.177605048917714,0.5996530080564105
-2.184424606730982,0.6349008251196717
-2.160041829040535,0.5876702908559198
-2.133049089606593,0.6141079348189036
-2.148751793716194,0.5949547334025685
-2.1401203592414513,0.5852393054156442
-2.140722480698458,0.5955922981207591
-2.129817969550802,0.6262630445472578
-2.1208245064669224,0.6209284296070916
-2.1263888822756667,0.555697554580389
-2.176495818649921,0.5980405236484791
-2.1810098612047635,0.577062247432975
-2.185951211302708,0.5974135303775789
-2.172695732068454,0.5696314747797182
-2.1867086489878367,0.6207559729974679
-2.168801045970451,0.4435737638190959
-2.208760749478286,0.61327006766147
-2.2286263419565953,0.5904223187428306
-2.2239700149101576,0.6349648444566725
-2.2454181832993707,0.582151862807095
-2.261355425420018,0.4832321536037024
-2.268721423597536,0.600225955474828
-2.2634392590240577,0.5793610857928159
-2.2857205749946603,0.5967636920530566
-2.2864715570178644,0.6232517326660326
-2.2865063838968536,0.6084020858415752
-2.3123202723557514,0.6005760425924109
-2.284839184094775,0.6084118073140395
-2.292427209217354,0.598667802866836
-2.3162888941646345,0.6044133422878539
-2.336216669203069,0.5839336117045277
-2.373601999656702,0.5764496517956433
-2.4213273669423274,0.6054738778375329
-2.4109526384496394,0.5832602044824373
-2.4502444251953697,0.6316740910702421
-2.511472016538583,0.6073174242847312
-2.567857713182121,0.6132011050173997
-2.6029251058916003,0.6096776299819023
-2.6529891404077426,0.5794906226252887
-2.7149723622144966,0.6010484568118263
-2.721876170719883,0.6025237951787876
-2.7955007919229113,0.6066356302689905
-2.8409518597777135,3.059066146876728
-2.784533435924667,0.6074157440056069
-2.8429566725946542,0.6154958608214632
-2.826723086922967,0.6198844422326398
-2.8078218703419173,0.6146393603267728
-2.8284524933787214,0.5975111878365021
-2.828234011305615,0.5856953373685093
-2.820936835977269,0.6012384388498657
-2.8142233276128987,0.5849509874559188
-2.819412046176478,0.6135457815529696
-2.774528072930709,0.5974534204025255
-2.7749449436962483,0.6095505616952602
-2.740187634827272,0.5902096431280227
-2.708796213097638,0.6138713136680266
-2.6987613369788837,0.6152969353293841
-2.6866001129026196,0.5956928607753399
-2.649632159026991,0.5860464351997154
-2.643094355323214,0.6027575315734295
-2.6465182609696023,0.6009192824155445
-2.6148736576532463,0.5911791413763963
-2.6211137903374246,1.2890558813590116
-2.600757203366014,0.6088086982665719
-2.5965818840704604,0.6058939559671239
-2.5940628790412763,0.5884501436524229
-2.5916518032165157,0.5773134652198774
-2.6071816287605976,0.5858501514401184
-2.617669453030522,0.6044464240057735
-2.606872959688943,0.6090918845355913
-2.6015741446737395,0.6045126470412856
-2.6123875746755276,0.6006003734230175
-2.627763458684641,0.5889823692674643
-2.6414895196795185,0.5885442142235139
-2.6488769411657156,0.6117449525546562
-2.6658197182485392,1.3065930881810237
-2.6835918423486307,0.6331776840149993
-2.702323907180417,0.5854008617842459
-2.7116282749630147,0.5796243472404032
-2.754655801643524,0.6304029597231462
-2.775018295863729,0.6119784488423504
-2.7982654716970785,0.601857809891987
-2.8100723883481957,0.6206649922921622
-2.821173235048883,0.5899884485577986
-2.776267524271264,0.6051988281899331
-2.786151929697523,0.5803126843522959
-2.7534779479904015,0.6209060226933049
-2.7589569084856973,2.973707742002452
-2.664385899703398,0.5766913476555747
-2.6331182441000784,0.5728007546939556
-2.5649590009326912,0.5982581665522387
-2.5270704123071535,0.5931357120111869
-2.54163913811791,0.6218848910772902
-2.5044603923308015,0.5989200617940805
-2.4855019302341916,0.5911036673367585
-2.481540764111482,0.592752923225112
-2.4806070796029323,0.593192832451642
-2.4605824465546102,0.5959015955632969
-2.437187388300583,0.6027722593617457
-2.457225881324755,0.5965009552177007
-2.4508243153219498,0.6057307803956261
-2.4535111173456827,0.6107098670225215
-2.452164698135378,0.5829031275443918
-2.430053507664896,0.5753192078809126
-2.435184728964204,0.5904869271904545
-2.425436948110644,0.6148130581775985
-2.4465817956063147,1.2997006144178347
-2.429040517642017,0.624486571455794
-2.405643137165614,0.5757856851843101
-2.4188736415386423,0.6350375509970784
-2.4248385983310383,0.6023400705381939
-2.4092466760569993,0.5973661830470706
-2.402070955251783,0.5883985743482704
-2.367599702639081,0.6171103359078781
-2.3520892764223347,2.50561902904827
-2.316071959195353,0.5785074813736473
-2.3059302834384474,1.2542605718506048
-2.3111109101771774,0.5845137117416097
-2.3122395869004864,0.6005721702192245
-2.296855042968373,0.5874585101193049
-2.2653430712009346,0.5786816643754672
-2.3311198029768474,2.5693642871355213
-2.3137616258400127,0.6017671631893396
-2.3314800500886395,0.6310392862662936
-2.3530011807600806,0.6382595975400663
-2.335779332841691,0.6225006904316581
-2.3576458102109967,0.6063148209705532
-2.3616500176992363,0.5880452634926744
-2.332620871857965,0.6047452096547808
-2.374603746179807,3.025556474802404
-2.325372658043553,0.6025019596821368
-2.320092095489388,0.5901799469147735
-2.343501204577827,0.6073328440997925
-2.392500842005194,2.069139234774136
-2.352330462657231,0.625803497714747
-2.3834673137420666,0.5623290672266761
-2.3649440943599176,0.6175798520595936
-2.390352724746881,2.6293741391818517
-2.381351051408879,0.5692374618040195
-2.3639314454207896,0.6005608663502788
-2.3885913764692708,0.6010927140773886
-2.4020361253710223,1.106275276702542
-2.3598613784675924,0.5816939859594041
-2.3469430352391876,0.5665638761364516
-2.314300372548482,0.5954654514137296
-2.2692709308438266,0.5633694354443273
-2.2777777340367575,2.892196630422677
-2.2280535209505086,0.6070724292855536
-2.2400299930008685,0.582493034082972
-2.211849501501355,0.5993516656210398
-2.1860520868391697,0.591549405766366
-2.2171391805514724,0.6241437193764217
-2.214663785914958,0.5776393301406667
-2.2275594041879394,0.6280110532041288
-2.2370610752868316,0.6422430208020279
-2.2582300595615843,0.6051899674272191
-2.257206072083986,0.6044237558612121
-2.2767388768563204,0.5908403210883951
-2.2761283625783673,0.5740582984768545
-2.2793122810085995,0.6120504661955322
-2.2896829695574867,0.590811452752011
-2.3015527039719057,0.609908974940185
-2.303083921868363,0.5914875961575842
-2.3223358988129466,0.6146087123697546
-2.33174171969182,0.6240482292810018
-2.3308478082013697,0.56930325569487
-2.331170421280669,0.5913862822580714
-2.339183366899113,0.5968894680224969
-2.317738565336199,0.6087308810126227
-2.298761753399783,0.5142117426762636
-2.303494852985323,0.5997916302014198
-2.295403850176861,0.592407547697261
-2.2540975614583076,0.5998096295416407
-2.3061248568789128,0.6088004353053181
-2.333238599065561,0.6012786830790209
-2.308627344444792,0.5941118011357337
-2.3628401816262423,0.6028828540525586
-2.3691782781375403,0.595879028892883
-2.373645194307089,0.5901503889956062
-2.4036094616201322,0.6193464571506883
-2.4132034324024234,0.6174486941801139
-2.4129189314931208,0.5958861600886866
-2.4355697819166275,0.5713095655322933
-2.4384250717772584,0.6009885712020718
-2.4322345086958728,0.5926521237774187
-2.4155773348290825,0.5931024307007375
-2.4126599451866957,0.635668650511493
-2.4344008741528103,0.5802005531443155
-2.4288214951030307,0.6237040611198326
-2.411349822959726,0.6158694147789913
-2.423977033809563,0.6081438202187638
-2.43097238532446,0.597159098127057
-2.4634465021138396,0.563148046528681
-2.4353330962617035,0.6048919206723634
-2.4703912437925193,0.6118980682956984
-2.490612161559121,0.5826891320155748
-2.4656932687454094,0.6165510677058607
-2.5147883251237912,0.5765994027135223
-2.561395808403554,0.6032305378718277
-2.5571269425766716,0.5974817390466396
-2.5668028997201744,0.5981303873220786
-2.6012140951777276,0.5918745961838402
-2.6109381788493007,0.5889001751000902
-2.6607795298275367,0.5847604827481065
-2.740982067157438,2.9770970550843314
-2.719487389594751,0.6021569741437329
-2.7696711793888196,0.5908754613282753
-2.7963242405776914,0.6096779672152269
-2.8607412106054233,0.5820575464484044
-2.9357218770484503,0.5904997525464709
-2.9263080880365684,0.5933343318712799
-2.9816990888739348,0.6089885038991407
-2.983093255387228,0.6206978580317069
-2.9847121264825414,0.6020798007064235
-3.0338977854080897,0.5985177096363551
-3.0142889952773624,0.6099519935115223
-3.015253339030978,0.5648519631373621
-3.030088466830771,0.6160952783239739
-3.052197258845299,0.5847474066158466
-3.0599612922143877,0.6096906995883663
-3.0421174958727506,0.6056482036922698
-3.0485223873544425,0.6208157206281874
-3.0566602888607894,0.6468970811443451
-3.0774921211007062,0.5609672055195513
-3.0973729273188866,0.6029356442625454
-3.107482953135724,0.6047509648093549
-3.1009963642211273,0.5906291613507532
-3.094524685974709,0.6253687492211276
-3.118334701700405,0.6009145164574481
-3.141592158475405,1.5078437898338515
-3.1324935830136993,0.6192202550820768
-3.1147610631942118,0.6072022418741873
-3.1097476041699395,0.626433092901642
-3.0850524724041692,0.4371443032842986
-3.10548162090327,0.5996183928460259
-3.1339893651612027,0.9379872547610456
-3.1257180859442277,0.5930652602841352
-3.201918844534338,2.669764964627415
-3.1758219904919467,0.5737948123082215
-3.2000117441122304,0.5820493739602717
-3.2106713016149624,0.5915668677877982
-3.228247791841875,0.619579381335565
-3.23768470479081,0.5886499153089457
-3.2309088053734305,0.5998244592146557
-3.244315708881435,0.5825635570760054
-3.2829028325389764,0.6379339098742166
-3.267501181750944,0.6038102766832413
-3.2704718094630394,0.6308097771197522
-3.277846858046494,0.6049280440329787
-3.2707790187860057,0.6020991922056861
-3.2640403301292107,0.6054306698732185
-3.2541563731207956,0.62215724416511
-3.2453413640493847,0.43554741469118274
-3.215722566729159,0.5660359689548446
-3.1969387754120846,0.6180063564334404
-3.172669845259463,0.6212459621028058
-3.1514453788009122,0.5854446168710544
-3.1377511829357267,0.5867137508330335
-3.1276929197203316,0.605015565480252
-3.136811789558163,0.5699901833563038
-3.1909807539214374,1.678380328560613
-3.1922112619003045,0.62569907646468
-3.2367544544745437,0.5968571613451524
-3.2291621823397514,0.5969681932530885
-3.276159779812578,0.6062385106990823
-3.2868824739300666,0.5860176850227197
-3.259687417661043,0.5732555024759419
-3.285549670844469,0.5870915635892288
-3.2916662856216883,0.6567965594563498
-3.3174109256208766,0.6003457310045641
-3.2918432900771832,0.5811515990253878
-3.352142144095036,0.5939242914714661
-3.3316502482602406,0.6072237054146989
-3.328920519837524,0.568129374306643
-3.383807962971612,2.100417630377483
-3.3189207001306467,0.600537481139272
-3.3196016970415405,0.5768873282400614
-3.349331288632207,0.5913626634590876
-3.3378160441396743,0.569655435044803
-3.358542740326414,0.6052691712774773
-3.3292788558664363,0.5924605932791582
-3.3469509421317785,0.5907485650393755
-3.352534492077099,0.6047394396589288
-3.344071092227439,0.6089961202220954
-3.368083113663961,0.6038058851216951
-3.333783715209095,0.5732786281624979
-3.3307820043134924,0.5844129735825166
-3.350275275928905,0.575222990229839
-3.3545714209037767,0.6109673118629799
-3.3502791137457466,0.6103727080463837
-3.3307513287402375,1.941442382689218
-3.2710389795738553,0.5981937298310599
-3.245120569317636,0.6060868184463567
-3.2418464034795647,0.5927067830585468
-3.2665624626914647,1.8022619698203446
-3.238290808578593,0.6195264340352356
-3.2550192968057816,0.5975027894151363
-3.2412884021277257,0.6083976229234047
-3.2324845314878567,0.6356800333589521
-3.2640306246236843,0.5950251739795206
-3.295231742862966,0.6121755432076407
-3.29815103249661,0.5952371954359525
-3.335111816134207,0.5889171708722274
-3.3617586547712364,0.5860436253545969
-3.3738901749673906,0.6338974348307163
-3.4024964960670014,0.6065693352523653
-3.4384066560060904,0.6017262914607268
-3.4854540646024628,1.7098390493267903
-3.48691650363362,1.4611972574962955
-3.484253286896926,0.5722794907930407
-3.4791592675894907,0.5686633702287096
-3.4994522809160427,0.627918655154397
-3.5196952939540425,0.5773527201985799
-3.5162227734685376,0.5812219203669107
-3.524734158794518,0.6140703006873931
-3.5073750085470383,0.6298069651883839
-3.492066108190265,0.6111176230260336
-3.513373612674313,0.5898360195671803
-3.5003408042695483,0.5850156628042535
-3.5014193578724346,0.5886119848366139
-3.4842872678976944,0.6174964791954719
-3.5201871845812205,3.0496151482556013
-3.4700030449111376,0.6017540562565102
-3.498329711777848,3.068519561645276
-3.4274225664919054,0.5818362773533053
-3.4206852570709647,0.6235130139957188
-3.427711714676015,0.5876381959241197
-3.379861761522417,0.5739710829148561
-3.3668346511378964,0.5962904800310361
-3.3565113024240656,0.5629613593899597
-3.3298915266831313,0.5919981215204686
-3.313224485360664,0.6269869351086081
-3.3214412724364855,0.5605375865160376
-3.2916901819142907,0.5714122776936843
-3.2665581417105023,0.6012127344812254
-3.252015936763447,0.613492560988984
-3.18612780938168,0.595942007194687
-3.1545427577703413,0.6012801383255421
-3.0924606646302686,0.6109341258414215
-3.0819028033808373,0.5751939299532893
-3.068765995045455,1.2711342399570447
-3.027088079012246,0.6115930210980826
-2.9864111054613565,0.6096120325691131
-2.984521231617114,0.6113361200600873
-2.9586889220096517,0.5975699235303573
-2.9307213870787505,0.615123973461336
-2.9153508927237137,0.6015748901548056
-2.8801062409483253,0.5926911564640913
-2.889366794327984,0.6372670304704245
-2.8633957694815027,0.605529805572784
-2.836262727068711,0.5206714906447903
-2.8323485034448335,0.6442125027221913
-2.8321959607549676,0.5947485042259781
-2.8284470669218114,0.6235822075157388
-2.838221587347683,0.6108482210531869
-2.8453777412957675,0.6380797352454427
-2.871924184880829,0.6187191050619409
-2.9105440238237206,0.5774358608722445
-2.9011784961024083,0.588286295211408
-2.919964160951307,0.5839493545272562
-2.9069289698818603,0.6232578842981344
-2.920498119042276,0.5890364828090899
-2.940851159445139,0.5710220304250511
-2.9228228165917645,0.588000557764209
-2.9274015092612604,0.6012495378477726
-2.972886185798695,1.7333863239415694
-2.9274739550703304,0.6139960932819701
-2.9364036710269263,0.6077042571210663
-2.931552292285678,0.44391385339436873
-2.937355100017531,0.5902262187170876
-2.961944949869592,0.5994306061244952
-2.9624793440999517,0.5942969554866139
-2.945676991760191,0.6160243882875528
-2.954061416579941,0.5912112780957839
-2.9521522294315727,0.6183009913082852
-2.935153448797668,0.5967756644050545
-2.9339877567125017,0.6085437028996524
-2.9286981273802595,0.6004523527577109
-2.915899368908591,0.6037428984032169
-2.8935906728307486,0.5726324269468274
-2.8796458531716627,0.6080863661436176
-2.8287176698072076,0.6079128795573987
-2.8034283269305647,0.6035160841058057
-2.800524356494883,0.586804469633605
-2.787994309353048,0.613203432679821
-2.754190855649365,0.5971965238746528
-2.7577598158692234,0.5710651767784874
-2.7496996450430267,0.6202253767116408
-2.739005862967753,0.589061054871846
-2.702657592797026,0.5978679618239571
-2.716126822836153,2.0748285369686035
-2.697577456611439,2.7280774137510404
-2.608765706824436,0.5933325999801083
-2.562502768281049,0.5711129857230707
-2.5716923312412088,2.506868648797197
-2.5014909164046193,0.5847902434052675
-2.498120962718968,0.6393365182880388
-2.4929911173988684,0.6032019562313671
-2.4416909281092547,0.5744519784390748
-2.4598654914840763,0.6095827931710471
-2.46171722132345,0.602789543754682
-2.455260417191089,0.6017948598535771
-2.4798094189353943,0.6081870468063233
-2.4568487939751713,0.599022218341924
-2.455588764421774,0.5959933948893404
-2.484462631028698,0.5939103751032042
-2.457799414854867,0.6059074889414924
-2.449702432447804,0.5885668287965413
-2.4462213766399667,0.5957288264952572
-2.3972253222693247,0.6352266952998948
-2.3940936693658,0.6062398246403385
-2.365652638561205,0.5794357315686333
-2.378237175173109,0.5898102658836107
-2.3741267392476995,0.5950797629184297
-2.409219397627918,0.5753964953326866
-2.3918208860715846,0.6011449180247136
-2.42574657328852,0.6286611041566551
-2.431600227398478,0.5852259143167179
-2.434832776168525,0.6046509586096871
-2.500547553817459,2.5314168297384336
-2.4454435540274653,0.5859622564873488
-2.4345128626284613,0.5939817673043004
-2.4209583910497336,0.5968083071473257
-2.396264948997632,0.5795582362519128
-2.372935106335129,0.580076093226008
-2.3705834745632175,0.6047685501899489
-2.3273472762355296,0.6202926177745383
-2.295577624292624,0.6251692459689994
-2.3307830421623636,1.4029255911636729
-2.3273626271590473,0.6620557725954835
-2.3508309971745005,0.6115382259253752
-2.377138590572005,0.6001762755688689
-2.3787865715343113,0.6208507310984487
-2.3928454989862886,0.5837224707840307
-2.3741141938821215,0.5963021520289402
-2.3871376699180993,0.5951770626920597
-2.379194684088528,0.6099041885272376
-2.3663920249234476,0.5951635006940973
-2.342767427809495,0.5694122696726603
-2.351329920697685,0.6206530880097954
-2.343946438283349,0.6041663616133981
-2.3101611719624553,0.584598338125693
-2.29879118062768,0.6231390081669813
-2.2738738973385417,0.6027541792479145
-2.2301405373231775,0.5963381628317751
-2.195883634293274,0.6348577855577232
-2.171798729929164,0.5982170992133825
-2.1489784588995433,0.5760718081146692
-2.1574283890761556,0.5913587455878951
-2.1434818911113838,1.4438168988717164
-2.0927891989326706,0.5781436109160367
-2.0703610327430724,0.6195674964306849
-2.042534901143325,0.6078037645331308
-2.0405670527533193,0.5894308205402526
-2.034556561530876,0.6089374833330955
-1.9981355209663911,0.5976848651612393
-1.9791569777804403,0.5844444595572377
-1.9322411390104526,0.5877541814381109
-1.868628332928026,0.6017463900755334
-1.8542565450564807,0.5914705586504645
-1.8413410642259447,0.5804882991586522
-1.7842391184206903,0.623036994014173
-1.7824798754072826,0.5956425400209191
-1.8230195351133716,0.6103052274172307
-1.782372642587485,0.5791557917799289
-1.8002505923064223,0.577533037792161
-1.8160020475428265,0.5937010839073746
-1.819669073484031,0.6118804500494788
-1.836484515172409,0.6041922250168316
-1.886098521954071,0.6199724242118185
-1.8783181197770862,0.5937235573983619
-1.8860669741755194,0.6020712173496638
-1.9002389370571655,0.5832584910618199
-1.9088959783099921,0.6009764636117763
-1.9128058684168858,0.586958742344978
-1.9340827667172507,0.6183081695645907
-1.9572858008454184,0.6071322868788493
-1.9895855847889672,0.6225649642043636
-1.9999807507437148,0.56682430140117
-2.005591355769638,0.6062551461767597
-1.9989418328820134,0.6203688777924433
-2.0005138589846805,0.6085804361969251
-2.0495674313727594,0.5836950611130757
-2.079627026938868,0.6183236285371849
-2.117419015153911,0.599769171482949
-2.132947326597535,0.6046040613713443
-2.1430796360728364,0.6322596435470512
-2.17606812065469,0.5795966939579607
-2.2067724227892573,0.6092153182097199
-2.237664547659072,0.5543482494563488
-2.242291149501553,0.5950718545657931
-2.246217725335373,0.6013469729829877
-2.243415598475302,0.6145894508623777
-2.2479966409272554,0.5983419835496429
-2.238775592865259,0.5723593709931291
-2.25304634895246,0.5877388925757443
-2.2373379446894144,0.5860217106025943
-2.2384379576007367,0.5635454031698176
-2.2562349261957673,0.5892558114848504
-2.2452518978017664,0.5798944342381824
-2.271424644378738,0.5969640805986398
-2.289145208122607,2.278947273563413
-2.2149459798681272,0.5933797986929353
-2.231792938868852,0.5948923152219783
-2.217147170344889,0.6149118368548685
-2.21590501940411,0.6020478023175346
-2.2128965261237603,0.5831629625496905
-2.197344586511027,0.5952808010556777
-2.191374351188117,0.6309164306151657
-2.1598689609386756,0.5709437199969082
-2.141618145953388,0.5987229128732258
-2.105362954304569,0.573799844180664
-2.0701031513852395,0.5788622371609192
-2.0484884600647826,0.6099411254030356
-2.0529309765775205,0.5702445516074921
-2.0454143841769534,0.6181519140637514
-2.0225531686342957,0.6089434673948709
-2.024293392751934,0.5986758590238613
-2.0108809034601074,0.58571386332857
-2.0371018131029266,0.6665854669637448
-2.0719377068544547,0.6141494822821285
-2.061052170646998,0.5935393708653827
-2.077742977085337,0.5922328111530377
-2.1213430842456944,3.055725321556764
-2.105124096325819,0.6116283205449288
-2.150969326054365,2.2620538465644184
-2.1353775274532496,0.6063745985203053
-2.1525204547263863,0.6155297473736097
-2.1742752068729474,0.601774188716451
-2.179351373554379,0.5779092016017595
-2.1965445914615285,0.5915854741699089
-2.2167211966339764,0.5869436214755426
-2.229211305095123,0.6046227291276945
-2.2304972817010107,0.6134976025496591
-2.233043693334042,0.6141233228916185
-2.1927912032471397,0.5992847132606446
-2.1696598281440425,0.6140435673609953
-2.145369601553105,0.591916921792388
-2.126814791635704,0.5826785608558712
-2.1254244820890524,0.5710064435260167
-2.1248818559125033,0.6040938092549064
-2.117540081666004,0.6120168049007633
-2.113742573781817,0.6108471286874951
-2.148362864049977,0.6334442951291914
-2.135030075418329,0.6093866334686753
-2.129867460128842,0.5841052831385722
-2.1267170855426283,0.5630143724292569
-2.1563900642687726,0.6057165995896671
-2.1230120607178122,0.5951574165075544
-2.130262431226038,0.5767478146308412
-2.1245178488777103,0.6160863311643963
-2.093618777933816,0.5955157799072106
-2.0645404766127258,0.6109273010611527
-2.0578175846928772,0.608562124178866
-2.0555092558410024,0.5922551463007726
-2.0545846104364447,0.595916752205964
-2.0303695142481204,0.610686414483621
-1.9829304563895023,0.6115579462024481
-1.9751520421843551,0.5815725566558401
-1.9386248218942248,0.5788638711770664
-1.8987909841826107,0.5754085817353131
-1.897218319669158,0.35268549327815785
-1.9134818362779986,0.5999249936170633
-1.8743417693477984,0.5883433256942624
-1.8890074274130582,0.5721089963877529
-1.9020466706637018,0.5847977837809503
-1.8637139176938051,0.5866062228314368
-1.8988464203045465,0.5963622557601109
-1.9388627432285235,0.6037241614807891
-1.919934791457752,0.6186815189123229
-1.9339327093245589,0.6096706135209007
-1.955037039666647,0.5881031821880406
-1.9286937145181615,0.5707765391457775
-1.924168841582756,0.5962216032863865
-1.9177104305698525,0.6166736886162593
-1.8911376495247043,0.5824779581281756
-1.8940819667095503,0.6027158481007315
-1.9210929926095621,0.610906102424408
-1.9232601294298974,0.660536684954247
-1.9332980360771699,0.6011157410296338
-1.9633676431438076,0.5864513927550915
-1.950036301264942,0.613140540586979
-1.9761216302415356,0.5765399832919351
-1.9982165836996502,2.6472202665099784
-1.9783016764814234,0.6371359806588467
-1.9684184841034853,0.5942187639977498
-1.9431166497293526,0.5851020667840484
-1.9364055987288942,0.5913229743219577
-1.9316681728673102,0.6280656399160396
-1.9239474495502213,0.5801104610860524
-1.9153445018062965,0.5788252016260039
-1.8982954604168618,0.5802203177705095
-1.8915578289941049,0.6323400759428262
-1.8592532064171072,0.5916662747255426
-1.8551830265405647,0.6330492111131054
-1.90335596166112,0.6582855263203065
-1.8928045941467313,0.5773668335710239
-1.88406622944799,0.6199743220984081
-1.8883583540532134,0.5639856482544213
-1.8670860438083905,0.6051235075838821
-1.887821791017034,0.5842868581232709
-1.8979947602254403,0.5996098046155196
-1.9121109186163858,0.5787591151324262
-1.9084462124789237,0.5643618900390025
-1.906009194866914,0.5997325770395167
-1.8804669532132425,0.5991139236020613
-1.8796718541797168,0.6083813614022306
-1.8853705684853888,0.6439642341216048
-1.8713836446882741,0.5977188364433867
-1.8911801405991857,0.5997803741842437
-1.8844509224030466,0.593319578134586
-1.9066592904051307,1.2746044509262475
-1.8879334052395287,0.5933704271775009
-1.8960030629127964,0.5945297571513667
-1.8501888021839736,0.5938656270831975
-1.8779765150547294,0.5888692924539075
-1.8345598195207382,0.6217020163591913
-1.8166033484681094,0.5934995994474125
-1.8307037168144722,0.5683284764665139
-1.7847733562723513,0.6086470014459431
-1.7841934513990414,0.5968543045113591
-1.7883511048315697,0.605245446221397
-1.7445110666745198,0.4468244886506141
-1.7964714533220754,0.630949976220078
-1.7658309081538661,0.5912821273161478
-1.7925506944326357,0.5956906223128653
-1.7959486668459874,0.5946984847758529
-1.8037889050195346,0.5773391626543126
-1.814846795372117,0.5968735107681769
-1.8272201995082573,0.5594779137427472
-1.841335159918954,0.5821125979328062
-1.799134051662625,0.5618806484096124
-1.8219605951456346,0.5625121986968996
-1.8002099534341114,0.6192993074552319
-1.7775389340418617,0.5981953581737932
-1.80717519323431,0.5881149190096971
-1.765234593732855,1.280011046526675
-1.7516679163852735,0.575058110884757
-1.775474148421315,0.5842263599488887
-1.7447404227068688,0.6024751510076863
-1.7607630328356147,0.6238803372990189
-1.7561144883150461,0.5758771289958018
-1.7427467513715187,0.6167427190402414
-1.7616130128093608,0.6122334983294888
-1.73149848782451,0.6146746986592192
-1.702836707561779,0.5949445066191732
-1.6743772867221614,0.596189470958759
-1.6722911803256861,0.5808312409928117
-1.6675042412283765,0.5913187885879146
-1.6747143190505713,0.5864401557235445
-1.7229314089840058,0.5886868893150857
-1.7487948025391482,0.6329451757984543
-1.7586992311254892,0.6082006005232664
-1.7792759133814349,0.6125589540071179
-1.8460870924717125,0.6027063257563429
-1.8756422221184408,0.6058235046926758
-1.9149858251520735,0.5583074666331256
-1.9648396080961694,1.1583325840207566
-1.989245055195454,0.6121113090618313
-2.0317562714603454,0.6100323536443225
-2.0658557925423655,0.6064170790135203
-2.088750955677086,0.5904951328942565
-2.098646425279804,0.6155547242354544
-2.113591981424922,0.6291577892125524
-2.174792941118276,1.8713443854653933
-2.1419561462534777,0.6186949317225869
-2.1428046784922437,0.5788058743251585
-2.168219700840013,0.6268698914877457
-2.1342257280996244,0.5961680801186625
-2.160143092273604,0.5829722789693338
-2.1521630117133768,0.5914346320361058
-2.115600464603654,0.595069887731233
-2.116517405415756,0.5917179681565528
-2.13259560246732,0.5996573536018138
-2.12637298518188,0.6053634072788237
-2.164247559130943,0.5953386774304836
-2.1657088203617825,0.5945074985366617
-2.1827447151329786,0.6189106178963848
-2.224507396692195,0.6054715927286636
-2.2251725938377684,0.6123635391830627
-2.2520109580453993,0.5931050850853339
-2.2749542013193254,0.5931747772817726
-2.2457075885655966,0.6076208692408201
-2.306059576485263,0.6000061037930854
-2.285953713165511,0.6143611042291044
-2.3041940567390653,0.5861068969616213
-2.334602619481625,0.5944045039770189
-2.3422098456983993,0.5966483549651012
-2.3543607216440314,0.5651120905719039
-2.362056910744761,0.5635626235883301
-2.403127447761628,0.5775426716609827
-2.392543650136735,0.6013386058236726
-2.380425085106948,0.6005911785101461
-2.425741964215452,0.5842281496807485
-2.412614994233262,0.6206328673041628
-2.423383533002272,0.5852013342728012
-2.422383354199563,0.5559782405750456
-2.4073097292025296,0.5859459708605961
-2.4155934624104383,0.603956662601277
-2.4117815347391174,0.5961325489121498
-2.4224836119622175,0.6000754446526035
-2.386107805327424,0.5708548353100201
-2.381829584605173,0.5690566151131313
-2.394981761623178,0.5862268520370094
-2.3603014141613032,0.6220010330530686
-2.3490917737026487,0.5291679701459145
-2.3781403673042476,0.6009362133587145
-2.318992993901349,0.6026706138824819
-2.319322691981592,0.5843841232684306
-2.302556658901622,0.6139965279325265
-2.2767852141850913,0.5832924751848516
-2.2842812376976207,0.5789304851742686
-2.2755585956297053,0.6105470261726513
-2.244216804665028,0.5992078556597397
-2.25516707130534,0.5841595983710685
-2.2678259266201612,0.6051068867124746
-2.2722978473959166,0.6233726540078492
-2.281295022252149,0.5826784733535029
-2.2905955069844444,0.5668971686017954
-2.3116624884044445,0.5873067913696427
-2.3184234807080903,0.5823667701637173
-2.3346682137125727,0.5898492639483278
-2.334535670366755,0.5984068142161615
-2.3748126078394125,0.6187246447179208
-2.384513095225244,0.6206115164098109
-2.4315533591483858,0.6344118830056559
-2.409492678072544,0.5713146692713396
-2.4201236388637204,0.5870335913707186
-2.4432824628590564,0.6086993203606296
-2.4575295046947363,0.6001364163669206
-2.4585056990919414,0.6330617428989853
-2.4881339517319274,0.5964575418165079
-2.508822597941023,0.6046192923890616
-2.4967156817852447,0.5880219712887828
-2.498314410797964,0.5995198652932043
-2.47969935716765,0.607563036698481
-2.4256649796617666,0.5996283158437762
-2.4611229302299056,0.5958581385470744
-2.417061846041774,0.5927490096945015
-2.3546861877836065,0.6288944990125721
-2.3644496262557313,0.5921832261620381
-2.3097751091675125,0.6080074540086658
-2.3042381871310016,0.5912570858889923
-2.293629482286789,0.6047370321608073
-2.2664335642008817,0.9725112024192689
-2.2774708196236255,0.6160191350377698
-2.259920034877728,0.6164303759286748
-2.278418818890545,0.5966932925476754
-2.2670612567015502,0.578419614910522
-2.249898793779521,0.6164800624372877
-2.262822933585105,0.6213701558114169
-2.291533376967135,0.6231318164249872
-2.315404865574791,0.5680312266206737
-2.352608985957067,0.5852173357812522
-2.35597470683908,0.6003905939667397
-2.351472205287276,0.5880700663368924
-2.3793975203339417,0.602063981996361
-2.3823630025702016,0.6085537728047256
-2.4154315162126916,0.5907510900678894
-2.428322490799082,0.6204301003850528
-2.432470753269862,0.6164845526592537
-2.443479712449984,0.615149047933238
-2.4367394146160914,0.5864232544972686
-2.481228444489047,0.6183483390962542
-2.4758437596517533,0.6260498238544743
-2.5115558863635434,0.6093797716909767
-2.5149070975902856,0.5787052341325792
-2.513852778403929,0.5840922299295285
-2.521474016855364,0.5626067490896399
-2.508903561851132,0.5760100352743824
-2.4895713698865225,0.6272015788466041
-2.439745255797247,0.5869014245888444
-2.40955406095308,0.6323385515380479
-2.3722341253516577,0.583213715763116
-2.3479211813702174,0.6015050499164442
-2.3485223277223137,0.6188480712752583
-2.3412527563798844,0.5706862535390329
-2.285784459541636,0.6035978428930641
-2.2862441657650843,1.7406522778757565
-2.2862936692527103,0.6188709276264203
-2.262309350579168,0.5989695476228692
-2.2944360098624514,0.6113063252923139
-2.3266111504472815,2.874768335738858
-2.2852443433659255,0.585536257742781
-2.317360891611629,0.5754018621161006
-2.362698452632354,2.933946453650782
-2.314020886976157,0.6191137500988262
-2.3111522567952854,1.8734316732798488
-2.280567527933008,0.5824380937397563
-2.3036035303682545,0.5007317490908899
-2.292384945353387,0.575069651060562
-2.2882554761248217,0.585001094519027
-2.3047034587455886,0.5741593928023119
-2.289023929951128,0.600865973960149
-2.3006306392377525,0.5890818084077998
-2.3406466453048185,2.6378624930578667
-2.28376236346506,0.5948273349753394
-2.3249744748578696,0.5972251981604549
-2.31981930729151,0.5955443494175585
-2.3301905528081095,0.6051833560952657
-2.3343800731670328,0.5917153917498226
-2.351041328880848,0.594611020844816
-2.3482146074415886,0.5712262621531669
-2.324728079148285,0.6174994995499262
-2.2577013898369604,0.6141878659960897
-2.2204579306109173,0.5921235257669462
-2.187589479240881,0.5649712057747458
-2.179508130245048,0.605132833815506
-2.1699200341183653,0.6033425176973772
-2.120250412229867,0.46529458535049245
-2.1221988386645396,0.5862081168230957
-2.123861843248921,0.6015993385713491
-2.123120356280819,0.6003060798105716
-2.1346759716786847,0.5963278131973753
-2.1305847229564265,0.6134671220129818
-2.1238841423691697,0.5876036472796093
-2.1366111281573317,1.4360492092683612
-2.1538124177975786,0.5942742295762667
-2.155940035478305,0.6047562846130423
-2.17208234722232,0.5915465646676054
-2.1674664334850844,0.5763206713319469
-2.2092635960682205,0.6385337477962184
-2.198009888345665,0.6279758613987488
-2.2202052408045385,0.5822974238927777
-2.2269698626976138,0.6092936699084354
-2.1979459766574445,0.5990505916119745
-2.171578343333583,0.6194461491400789
-2.141525908645037,0.6164931476800943
-2.130248141792901,0.5988179421246123
-2.172581740170551,0.611928642938502
-2.1438807883157494,0.616849218062458
-2.1308755047379124,0.5849042626927191
-2.148968342002868,0.6366881131733062
-2.1282415406914263,0.6189135270770804
-2.104301318078636,0.5821558935629629
-2.1396328332258285,0.6011176990899201
-2.105780502054884,0.5965096178292902
-2.1076520072001,0.6008303893262761
-2.159224622528707,2.9219568017931326
-2.0706958554506603,0.6160513898808591
-2.047027978403924,0.5632668807095765
-2.0644607940746216,0.6030464520134958
-2.0624194324997442,0.6051808998863739
-2.0287966843677134,0.628825464051835
-2.0136507657720615,0.5911598748943199
-2.0488233282315047,3.1025994414422238
-1.976232022510555,0.5705776547351336
-1.983269693270816,0.6151637763090132
-1.9706896637647908,0.5799008056183417
-1.954758209961358,0.5900330610683094
-1.9559313642947564,0.6388346587209902
-1.9823398783099169,2.2912209277429683
-1.9401587147319874,0.5813176222033307
-1.9157168569086909,0.6150197122358534
-1.869354012242938,0.5941021599017935
-1.8728065132696345,0.6095843993926559
-1.8673731594043248,0.5541308979981949
-1.8704745619047909,0.6270040271276658
-1.8347552614268465,0.5789572053716703
-1.8233286529590134,0.5886735950659843
-1.8391762918032395,0.6187911222817778
-1.8766193563028781,0.608897268051318
-1.898228336569395,2.7403449566752958
-1.8740286275372453,0.5761703945329071
-1.887361485953116,0.5961564486422819
-1.9078560674984224,0.5950580179702233
-1.9020196211488436,0.5987185742737621
-1.9133027313398345,0.5953808440699825
-1.8709704646380383,0.6058600208977403
-1.8575086465437212,0.5921888689913477
-1.8422601558043918,0.5739277491232295
-1.8629912999212337,0.6053902989515071
-1.8654189705234592,0.5787137222302847
-1.848548602001243,0.45410445401002536
-1.8782130081119026,0.5969439390497041
-1.8886922263453108,0.5903459698815869
-1.907284528548308,0.5821914387659805
-1.918840502613901,0.6081470756486826
-1.908110222758373,0.580664712680684
-1.9228900746472972,0.5698156518149341
-1.928350702441189,0.6184011830032162
-1.9111694861814879,0.5866396406036871
-1.9280739534621998,0.5941143493003418
-1.9289997225442939,0.5883947760569246
-1.912592072400411,0.5892731744165136
-1.9158374319907396,0.5702848115140386
-1.959199643544739,0.6118565690962496
-1.9599395088761276,0.6056522139247603
-1.9573602995401813,0.6050771402325198
-1.962763506904085,0.5774322294499931
-1.954928490326893,0.59199148650483
-1.9867443695869473,0.5968583578278651
-2.0000926009606417,0.5786142557367849
-2.015264417816644,0.592967978744622
-2.0004320482673177,1.763881609895092
-1.9575340273046018,0.45377531988033776
-1.9585389518038188,0.6111731119496215
-1.9338905240755566,0.6057390217987747
-1.928786841991653,0.5824764256519852
-1.9065171217029298,0.5874701923246992
-1.871412036309155,0.5985369220560119
-1.8923850882452464,0.5753267009385369
-1.8912811255640374,0.614395010284851
-1.879171258278935,0.61422508783058
-1.886366425579642,0.6062170543999543
-1.8271038367007613,0.584278623797373
-1.81721772874486,0.6122391739897226
-1.806630808060556,0.6021057181194172
-1.7778151359506658,0.5783931947234702
-1.7552757611431322,0.6274383605070356
-1.7164566034067925,0.5989347162074098
-1.7013162771344905,0.5985849169390116
-1.7109600612711362,0.5834573148401533
-1.7034979234090015,0.43052299011422973
-1.73539387987977,0.5677315112752883
-1.7392567656569933,0.6078541229176732
-1.7780969569624472,0.5976891657352466
-1.8416629750514706,2.0873444015572185
-1.8324064578515669,0.6279681613460335
-1.8286273534186184,0.5603763717655751
-1.819917143552262,0.6130110994438148
-1.826809454044753,0.5935953986751491
-1.830570173165379,0.6005708512236698
-1.8179722786927963,0.5024513892782497
-1.8223856278029105,0.5905883454994245
-1.8182946347008653,0.5901481255050399
-1.8014024687153292,0.5902981157291377
-1.7754281600463118,0.5907437365285153
-1.7656121484897072,0.6445898050813732
-1.7401138445430306,0.5700140724162827
-1.7291364695392237,0.6067320392927301
-1.6843443213855083,0.5960511151979986
-1.7015751587145937,0.6032517543316005
-1.6729993590336933,0.6019376336509779
-1.6646956647151623,0.573306272363458
-1.691820883589065,2.6179692422998047
-1.6361740479072358,0.5777777605301988
-1.654738662990266,0.5915606727599924
-1.6693059862846533,0.5947799823466245
-1.636927531920047,0.5639734995489268
-1.6513352340478384,0.570508519065821
-1.6531452083726128,0.6250807760284528
-1.6549767030955223,0.5750946014144825
-1.6764209382153556,0.6028180432018095
-1.6937684703292533,0.6115891291138996
-1.6926533792413674,0.5966643794264938
-1.6848788050783932,0.5820363438469071
-1.6917944089898198,1.4048689895049993
-1.6621998966926816,0.6143009811233424
-1.675897992227575,0.5955199557935608
-1.6553612142437766,0.45247944536284446
-1.6475806894591414,0.6175152942652187
-1.6503289475350953,0.6154429021617759
-1.622250252888781,0.5955911091021189
-1.6364584686713104,1.8063065962500955
-1.6229604127182249,0.5802751926604958
-1.5723494489811642,0.6051188165713518
-1.5839536021269838,0.5847974538171172
-1.6599454156848539,0.6427912002939555
-1.7006614685546453,0.5697732695236433
-1.7400214154080769,0.5941694981580713
-1.7506931887397663,0.5909377537504629
-1.773435588719099,0.618080654125652
-1.8138575025190224,0.5940272393263225
-1.8719317837764584,0.6328954628327478
-1.9061329781657563,0.6087023338609588
-1.9192087488355187,0.592434004635567
-1.9318295051397985,0.6291634464038868
-1.946759564552279,0.6099028909378378
-1.9694121268439602,0.5849790813633782
-1.9894709810828441,0.6166100172987418
-1.9984162633260805,0.560500697591268
-2.0001553541508694,0.6167203001347682
-2.0215772606547002,0.5982908999199503
-2.05252852717512,0.6058245531010268
-2.067472272296564,0.6076088981979253
-2.090665039602689,0.5844364369725864
-2.1145208697486013,0.5987797463804
-2.1185479549406177,1.287924648138512
-2.1509830620041916,0.5861657815827442
-2.131036710421768,0.6284933812959502
-2.114473367772799,1.5061535093249054
-2.1105999454897058,0.5678181418893401
-2.1220374894891556,0.572898089040764
-2.0969263638299487,0.5862085051909557
-2.1221299999017993,0.6265821198724136
-2.091068928549104,0.593862408619093
-2.058978374139617,0.6102936429200343
-2.0624272686170677,0.6246656608992837
-2.050323674446866,0.6337508989880095
-2.087891965881033,0.5982135770955497
-2.0881166999821605,0.6079295178565243
-2.08905880806149,0.5890935054129713
-2.089168230774968,0.6187914603965512
-2.0962855975940915,0.5877849504656075
-2.1137914424891417,0.6056018546939259
-2.1491101946134368,0.6377151261916827
-2.15519793824664,0.5738976233614529
-2.1911466130913015,0.5726968427193146
-2.2017951908306337,0.6143434591972744
-2.2268816683503645,0.5835937246883538
-2.1881588097878164,0.6100746400247471
-2.2086182173383886,0.6141941258252606
-2.2080755385964324,0.5895802451154543
-2.15859330132996,0.622438542517207
-2.1664926829203095,0.6276728402470855
-2.1696509482581106,2.487520769489162
-2.0902197653822934,0.6012032753833237
-2.0926636810514236,0.5774896146054382
-2.0603587767054843,0.5879014864974227
-2.026837263072922,0.5823881450044256
-2.0552751449414783,2.1821019038341625
-2.0253024534120043,0.5713212586856812
-2.0039807087900368,0.5890746251425815
-1.9810225630574536,0.6152744412172563
-1.9735991655397003,0.6098695679857346
-1.9756515535747323,0.6139623115597008
-2.016795912086272,0.6322470307480054
-2.0141966113759153,0.5695563214259368
-2.0105716735469668,0.6168105292728147
-2.0510540531297368,0.5807213036242216
-2.0544834527341247,0.6194833432721009
-2.064167816545713,0.5910509450951679
-2.105621121594169,0.603128381357303
-2.085135086375034,0.5939953488217325
-2.0975054988169606,0.6355980561011148
-2.1324545335957095,0.604572576953065
-2.1559396711778613,0.63561004678904
-2.1719353504367795,0.5955869087504503
-2.184056573042038,0.7616024118404455
-2.199305091582526,0.6154031637435723
-2.213300243060994,0.6146596985866339
-2.2483141677025706,0.6167645347569651
-2.2449060570530444,0.5964559051832111
-2.239318071366384,0.6369130894177153
-2.2287183581497962,0.5988388105259246
-2.2186136843849122,0.6009758548773013
-2.2031403665886207,0.5995827263349192
-2.210706335355169,0.6002581289111186
-2.2168865543525196,0.5954664470530604
-2.203534348253448,0.624706646347953
-2.2159313303787758,0.6320102746595078
-2.2218461710812267,0.5813036636833193
-2.2218536399192614,0.5871007580825159
-2.2520308779172042,0.5991634839254872
-2.2595396361686193,0.6188209455603226
-2.2918919997798,0.604162197732534
-2.3262372458568463,0.6011881323131875
-2.3646425271508895,0.5775556383476375
-2.436379719800868,0.6393829447545618
-2.462648173121904,0.6063724402686131
-2.489984676324128,0.5757635082231908
-2.5411933479367366,0.5769681441449472
-2.5900922349662956,0.619694558309483
-2.593835466180918,0.5675640346052115
-2.6539605779208477,0.5854903529831357
-2.6735347794835094,0.6202510774093536
-2.7217478237148773,0.6205962074087408
-2.7689638205659146,1.0094726465249575
-2.754153872169862,0.3953189190748319
-2.787620150718842,0.6095307461274062
-2.809961909728448,0.6371705889989621
-2.8079826542991078,0.6211564009379102
-2.8143995851411288,0.578997745467008
-2.8513977650681794,0.5769020989262865
-2.8469609057167333,0.5923256056591872
-2.851933342233977,0.589360465861176
-2.8584028240526975,0.5985576874394846
-2.8421677980789424,0.6010685642258666
-2.8323033341044885,0.6115351548508283
-2.7888403091093075,0.593192391350109
-2.8039867272635157,0.6253505845708992
-2.7843423764282433,0.5789504868232354
-2.7628409415226662,0.6289400375089932
-2.795536135500278,0.6153784764759164
-2.7822317242733834,0.6200735465309349
-2.774840320913151,0.5980703495321823
-2.7923543637341157,0.604953933824655
-2.778266010956175,0.5675163568030465
-2.7965319436609417,0.5972732427674132
-2.802332709323572,0.5922351890948893
-2.782027297578329,0.5479999523510709
-2.8057424293033564,0.589107684053704
-2.8074561558740814,0.5702156753879355
-2.837383543687992,0.5969649340649088
-2.82368077214875,0.6195950734750537
-2.799914271984337,0.6232724842660962
-2.7997379257893544,0.6051776629487332
-2.7753628294783406,0.6045325565297788
-2.7456410387410592,0.5955285911526437
-2.749880728588162,0.6039336200538024
-2.743463876911229,0.5796531102297982
-2.7261545004972563,0.6249112908986786
-2.7062470858504595,0.5856636263072402
-2.7171312848032305,0.5829925194531111
-2.6951175214874774,0.6096600916971455
-2.6850886480191263,0.5760159702214974
-2.703116993336229,0.5650061434899344
-2.678366329575877,0.5858110303476989
-2.6779642798906034,0.6075773354515482
-2.679789500748525,0.5777110826244981
-2.681072972372562,0.5899119184931515
-2.6780485243087164,0.6069043399396069
-2.679584215881701,0.5826076538850471
-2.6398561437112127,0.5211197569944165
-2.64951229926889,0.5832284774251553
-2.687816846164206,2.5250809122864193
-2.6487223321465097,0.5852317280070571
-2.635807399778792,0.5860331371443994
-2.6224423930348597,0.6028790275754711
-2.6277634148493694,0.6533786826737608
-2.624558858597344,0.5925496739915247
-2.6289540797812805,0.5789218229332742
-2.6379328628282135,0.6196060028905304
-2.697532029718891,0.6085483417127276
-2.721228608491805,0.613103749626748
-2.7249020854070016,0.6137009430914966
-2.747516875825408,0.5989450252853066
-2.7557508478157215,0.5925076652303055
-2.783758058460411,0.6286203978224316
-2.8359425479468263,0.610403249439163
-2.849203249092036,0.5921806456692857
-2.8364881863294893,0.6121729052480862
-2.856937467382257,0.6239446860266636
-2.880964138958708,0.6143275009219084
-2.8847719063558133,0.5918904354172113
-2.9391144199037296,2.9115769201923336
-2.9076881042483667,0.5986485230893387
-2.92462139946545,0.6258260065801522
-2.9146177377687694,0.6034404689018297
-2.9326570839273813,0.5787755217951033
-2.9413214833235783,2.6067852796159863
-2.8982084441925338,0.5782277711063294
-2.907914630337959,0.6177084802642315
-2.900973825026988,0.5856846596782836
-2.904162192466063,0.6008953416195443
-2.878830460773444,0.5935745223352538
-2.8159348133152546,0.6424680651340701
-2.798394829594231,0.6042921236662656
-2.7564284735050326,0.6033781794676127
-2.76126092897535,0.523756081116527
-2.743083810699188,0.582486879869209
-2.7384703486705595,0.6262785465082107
-2.7380987748970225,0.6304086009875868
-2.772862520819671,0.6031510978655021
-2.7549708267396555,0.5741668429765009
-2.8071121657721947,0.5752800304220458
-2.845155930572175,0.6137942603046863
-2.849797306187569,0.5944515759186682
-2.8817872458766938,0.5902096637269485
-2.888437420868494,0.597638482834172
-2.8928270765057764,0.6251819570349905
-2.9103011278306794,0.5618931312095296
-2.8989684696567077,0.6280529838668254
-2.9168898307136844,1.376896520046005
-2.91151695869458,0.6042146395662632
-2.922788508703544,0.5954814652620288
-2.897000637880673,0.4150276755433391
-2.9332214372939194,0.6255874969237345
-2.9381593637418106,0.6176670312188228
-2.928881342619154,0.608330152312637
-2.9316346938348907,0.6163352283404675
-2.9529009423204142,0.6008433392414588
-2.957472685211831,0.5913387179194072
-2.982120504747858,0.6013122729971339
-2.993169602404996,0.6021725493080731
-3.034192698044689,2.8999185089423065
-3.0006083949450177,0.6043717493684038
-3.0375012113343174,0.5729953705255136
-3.0175950345323357,0.5877558761957052
-3.064577781464913,0.5837022129310929
-3.0627295507823105,0.5866001762769146
-3.0705925097565108,0.5992442950110208
-3.070479715654019,0.6097306837109865
-3.065151813899147,0.5831901652352248
-3.0737250987003275,0.6196398032972633
-3.0831138245237266,0.5934784830176129
-3.1004565475465546,0.5860245806262085
-3.1066851050572986,0.593573497974749
-3.1175533259566666,1.2672940481933361
-3.081628671469984,0.6005245974820522
-3.126906435091512,0.5761925042945388
-3.137369322836636,0.6104039510891491
-3.1077940869040694,0.5819909123909616
-3.1086798668168907,0.5902269816956451
-3.082865270177137,0.59350647011608
-3.0776205183975764,0.6080674349724179
-3.0837449270058546,0.6241277603952196
-3.0714452910462335,0.5113683300144046
-3.111715608957513,0.6083816467570733
-3.1175325285435656,0.5912612818917827
-3.1178420836876466,0.6245076188506196
-3.133888073932753,0.5925772851268752
-3.155688157850054,0.5855564341210437
-3.19664271916456,0.5954505370024653
-3.1845927935742657,0.5984035622744245
-3.190290982104367,0.5954659369616376
-3.199489827062545,0.5948451192660517
-3.183632436724848,0.5801089439902213
-3.1912200809537654,0.599835182282544
-3.1939533229244326,0.6102525757321485
-3.1545993043732,0.5819922551569865
-3.1669423254520206,0.5845025266640557
-3.1711417224675524,0.5821642815164597
-3.1613857496176694,0.578586543802207
-3.183721708311975,0.5923942494453114
-3.151541695640213,0.6376520599155526
-3.1404491326478343,0.6505225052974724
-3.1077289850916516,0.5897915692054087
-3.131839508869149,0.5969855771062363
-3.1200079212117746,0.5935940910583224
-3.074622271543298,0.5949412396152847
-3.0731490418149137,0.6083473458268964
-3.078799201816803,0.610030950188923
-3.0912969308852465,0.6018571009752123
-3.086998502078162,0.6012776393668307
-3.1173772392394383,0.6078289213043494
-3.087710392972901,0.6221826197776298
-3.0913727564605646,0.6161172272121227
-3.119887061672397,0.5962196839226148
-3.082726342062873,0.5749628192338964
-3.078988927787894,0.6340856074657105
-3.0979753564264327,0.5899504728603832
-3.110315162900923,0.59578789685615
-3.1185362019290386,0.6365567236594527
-3.093861407779284,0.6126463478650988
-3.0972647466190177,0.6088121796494285
-3.1133969189908046,0.6061914122141202
-3.0911167406020574,0.6080219920235184
-3.0994014774276413,0.601442398339466
-3.0833472534058526,0.593763910886283
-3.0729462469280278,0.5975023137172286
-3.0737316273431983,0.5960286701625798
-3.0378333907069526,0.572155013711159
-3.0321287836685964,0.6128061184869603
-3.001326568701388,0.5807976682204683
-2.9776572991546373,0.6174892951410305
-2.9829077476675128,0.6058202149746433
-2.9372383587128876,0.5984926100458144
-2.933391584707032,0.5894009507381065
-2.92863895732085,0.5963558455860463
-2.9005404802658674,0.5980912100790806
-2.8883661699863032,0.5998939821475034
-2.8762025359917978,0.6093980543021044
-2.877339114052799,0.6061005491246216
-2.9010169453632306,0.5758714793879249
-2.9108044585108312,0.6148372112182505
-2.944424131409319,0.6443931239880597
-2.966959060898679,0.6211417172013182
-2.9889478904070534,0.594350213531081
-3.013217454906419,0.5739552774233432
-3.0266354447296018,0.5975343647451914
-3.052813902082019,0.6356116752601552
-3.046939990238999,0.6069379775304029
-3.0715634920496973,0.607314214691709
-3.0971785676897574,0.5897192824816792
-3.0990561383995665,0.5997045708680068
-3.106988145104997,0.6304951224271873
-3.1257426472684595,0.558770021985872
-3.159411660797826,0.5956668344713927
-3.1630044995679545,0.5956859910521324
-3.1789539498904875,0.5969730784837164
-3.2127528348934082,0.6159302432743329
-3.2178959284042254,0.6108538532910095
-0.5552278123772719,2.590975169448712
-0.649787633674907,2.6275832881586485
-0.6536133264894093,2.6331475275444007
-0.7837178754011427,2.617810493147554
-0.7747391038560892,3.784031451351245
-0.8020657559925387,2.6191211518502935
-0.9125158946895425,2.6345185095248436
-0.885431437649239,2.6226920161010305
-0.9658745887072245,2.584624748325066
-1.0218094036547645,2.600432256461274
-1.0761821856834342,2.6054360183074072
-1.2017897809071567,2.5769538288542906
-1.2777646233335196,2.620447086266573
-1.3557281395368728,2.5880626247810765
-1.4415994499802878,2.6415773801825275
-1.5964464308940078,4.523325474105384
-1.65192995787687,2.60334547738867
-1.7431802341861489,2.619767405904343
-1.8539882242106356,2.596325371903842
-1.8810620090275383,2.61190673392497
-1.9568844260180682,2.607768030427346
-2.024110690962573,2.5999577813599473
-2.0730119693694355,2.585971088334551
-2.1353340467956317,2.6342038496541824
-2.1632183259822217,2.5876939276148136
-2.178430960964401,2.614969146212333
-2.2058314559362624,2.582891782761635
-2.211610870228915,2.618603781972465
-2.2558987997071265,2.624745028248592
-2.315415378139658,4.949110545920939
-2.2661872881868583,2.610413785641976
-2.253391184070213,2.625608479424361
-2.2783034160902016,2.6124437582427937
-2.277458508114747,2.569403857585312
-2.2738016181583447,2.6214823008129966
-2.2371185358253274,2.603176968905436
-2.2312092833719204,2.631006160105668
-2.203207390358559,2.5997411728650572
-2.1955118152045188,2.6008697794493347
-2.1540384204156906,2.597939287091616
-2.13749923531348,2.619242529534223
-2.1529510267174374,2.6269183242649246
-2.140710817424876,2.6294114210460244
-2.1283996075262355,2.5952111873564587
-2.140191811020443,2.613251868919954
-2.171356430250748,2.6134021565984935
-2.180748116573231,5.1194516689641105
-2.125374008745994,2.5942319466516754
-2.1232873652126694,2.620734096771159
-2.1079587129664583,2.647922248503513
-2.0918248855767656,2.6210639197106884
-2.131179656462872,3.374080686022231
-2.082284767241958,2.5957905637942424
-2.0734875307915996,2.620726130511546
-2.086186322991016,2.60824898527833
-2.088462153958734,2.584580892536188
-2.071490639189671,2.6195279307740122
-2.097943287986657,2.6417406959745278
-2.0761813747235203,2.589750968808472
-2.069037996908538,2.6124087537917347
-2.0731979722917027,2.587695418545076
-2.065082869099475,2.6131463939278348
-2.0686026172010807,2.644998226774235
-2.0724551130574764,2.6131675307551636
-2.0725718837857383,2.5997535459173315
-2.0611534151406725,2.6193105894647277
-2.054911504496294,2.614023440993711
-2.0911132824662553,2.6014416990670073
-2.115377299323296,2.60270327001388
-2.0997711788854923,2.603413768092996
-2.111647462030708,2.6036694472492945
-2.086879584509521,2.6097068436879116
-2.0862689532824854,2.60035104317874
-2.10026868111163,2.4812526281533915
-2.091035879380369,2.5748534762303414
-2.103231565907068,2.617801464290393
-2.1007799642927196,2.612518697117111
-2.1050310670844534,2.6356722224714697
-2.1291057958460256,2.6360321764441457
-2.1064335474355995,2.6166862345428825
-2.108208275346691,2.611628667438026
-2.1340233104171413,2.6386193851312187
-2.130776729174499,2.6011345095166694
-2.157525631014819,3.2684053145905336
-2.187309790861056,4.993308967427518
-2.1370650977098973,2.584832168874021
-2.1527751784711193,2.5999904289632885
-2.151793159088269,2.618037803312366
-2.1436725596292194,2.6266188877825454
-2.119892981550845,2.628889685090705
-2.088450192357049,2.6320841032657167
-2.076733382575048,2.6281410634808133
-2.0531238532129437,2.6365242313346164
-2.022038284997657,2.6012023608029415
-2.023803728311648,2.6030452000380624
-2.003021735954345,2.6113112682454425
-2.0214476374802577,2.6048507444365807
-2.042036790684662,2.596392699258312
-2.024691632335463,2.614042876622165
-2.0266993056191214,2.5953033347103625
-2.0647613087584373,2.6227391921816383
-2.0299945955250966,2.592811915238437
-2.0496218373357795,2.600424508094669
-2.054777669303854,2.6225092173293016
-2.0107907097760997,2.649347338099418
-2.0162224124635513,2.615048242198083
-1.997100572370491,2.584526158645486
-1.9639252039278499,2.626576223148053
-1.9579046286733421,2.6419540174084366
-1.940084062585645,2.6289836241236872
-1.9530849124821723,2.618315428887929
-1.932798295030263,2.627179140669266
-1.9453145374931569,2.6174000302602574
-1.968377469447982,2.6092735809544667
-1.9707319218763724,2.624338825483898
-1.9753357561512874,2.61470087965212
-2.0256024288472667,2.625762824383127
-2.0202695240717152,2.6271378948744846
-2.0325731403130445,2.6251591844083197
-2.050428924261163,2.6258067837382115
-2.057678346587703,2.621810715696046
-2.1109500136016344,4.4952056716393285
-2.0985602963413705,2.6112547286668657
-2.098979527298821,2.6154658075890196
-2.0681582604427238,2.620340966698039
-2.0653320645367783,2.59860833103034
-2.052409225476934,2.5853966487546813
-2.0185447057758705,2.58941689624044
-2.0157527095027707,2.6051588882115624
-1.9816748877310735,3.4045432657974968
-1.9646317572555476,2.5978375990107314
-1.9941486856382677,3.9217819269986487
-1.9612978402487737,4.2966529160503875
-1.9425836319387653,2.598025499795669
-1.9157932127118904,2.612839983873798
-1.9089180869088846,2.530894359683601
-1.9024360094656547,2.6084220227795063
-1.8936340135080627,2.6375584021662175
-1.8758868289587043,2.5803052740359615
-1.885227363600488,2.619355062427867
-1.8689451195602604,2.6207991749025115
-1.8724018838613312,2.640167198281702
-1.88798995534858,2.5783885516208636
-1.8807435788427882,2.6149502150592308
-1.8735294868015486,2.6073312946114764
-1.8245350259926927,2.6107619090548186
-1.8180326406605214,2.6577801660754683
-1.7774079384047832,2.6269005054045858
-1.7748421793127285,2.626722461234762
-1.7744439833102579,2.6385558933366116
-1.7495773437234956,2.622486242480207
-1.732451315260133,2.6386600857115017
-1.7285790244108252,2.5991019142362477
-1.7247631901150717,2.594970180822797
-1.7441271112407701,2.6073299678857516
-1.7547926825213929,2.627251221102098
-1.7604150336288247,2.643581869232799
-1.7391426425467937,2.5997494876294533
-1.789859136553973,2.623849659723132
-1.8055852897016034,2.6370753949716668
-1.830796057901587,2.607506527715248
-1.832522167316699,2.6233406158679324
-1.8511612943392755,2.6085940291416976
-1.8496620254808875,2.598160511318425
-1.9034825381668874,2.589482352289903
-1.8991285330322856,2.573916037370093
-1.9019182247707742,2.6051875273456915
-1.9473129336697776,2.6138365139486655
-1.9842674183412399,2.614264115236976
-2.027309990936094,2.600989488584283
-2.058911946950835,2.596609439669125
-2.0908285775664908,2.6305398312770203
-2.1148085058762187,2.6038299499085156
-2.1382176065055964,4.286181650516857
-2.125420903070801,2.5967373406630205
-2.1137147408018486,2.6210567341162068
-2.093356015423539,2.6081122779992625
-2.083349371094307,2.6013898437922984
-2.106951090846908,2.5349154400829965
-2.1105685050542804,2.6038640380121167
-2.100176174531823,2.616789463740666
-2.096379011899554,2.618115105920183
-2.124859781933487,2.6125361856602516
-2.1020065963313734,2.488085716276733
-2.1012374084021648,2.596050972474674
-2.08913970974783,2.6208130680062784
-2.1090793359814635,2.6089401816809836
-2.099627374613087,2.6218130180921246
-2.1122188462891476,2.60815616570439
-2.1261465729351317,2.6124255367650844
-2.093558606892152,2.599525896246901
-2.109692625958493,2.5904163763606234
-2.1553391357890463,2.620474256106785
-2.114242472634399,2.6221275262098143
-2.140180291334241,2.6236003968145143
-2.1401262518076583,2.5920502679698254
-2.1158306587911753,2.583855074894984
-2.147397108248869,4.726659111330447
-2.1009028431492105,2.62500286317823
-2.0701854468162386,2.605247692490466
-2.0572417440665625,2.599169051069138
-2.0440175906787137,2.5973041503885246
-2.031984490128714,2.6080821437050408
-1.9726392954783738,2.4369609011026583
-1.9670703743139968,2.6271303249409623
-1.9762545889814158,2.6084069584649012
-1.9625014181262135,2.629500183381244
-1.9931763378830423,2.5771990696297995
-2.0189237198387393,2.635214495168804
-2.036351559967247,2.612906396376226
-2.1007627326556833,2.6081476957184577
-2.1120198342818055,2.589321102648593
-2.11812872639692,2.611212166448179
-2.1258974538543356,2.6323242400443894
-2.1187528205910584,2.593929894966364
-2.141016095004003,2.5989274968534697
-2.112593729180265,2.642118414659313
-2.1092320878475936,2.6234831601294837
-2.049885351336697,2.5966421603589422
-2.017547234003476,2.638882630856665
-2.025848822961147,2.612341785484925
-1.9982647149567894,2.5819030243839944
-1.9951609739590368,2.6175915569235957
-1.957779052073936,2.6332570050822013
-1.9667120119934702,2.612584557370466
-1.9586441554686291,2.621616011285702
-1.981568021511459,2.613946812924746
-1.9697786796026184,2.613145641035669
-1.9339920358149851,2.5808776092845456
-1.942271666686314,2.599675961803002
-1.9287314083543525,2.61659200654751
-1.9327169133848072,2.614208765629724
-1.9486622421368398,2.6178717033647203
-1.9592386895797143,2.5710965325656705
-1.9222489069814677,2.597862962799488
-1.9340281465702314,2.619744313558254
-1.935361177765751,2.6230675437984314
-1.9085064237875056,2.6091176124390048
-1.9363931408442268,2.5935232752346793
-1.958213590243231,2.647435316011595
-1.9365368074656928,2.6080834306184837
-1.9310540400980294,2.6153747494640722
-1.9187196638399282,2.585407571272759
-1.8908606504122416,2.620256803807259
-1.8298311227001687,2.616727752982177
-1.8148260591388792,2.602060435029776
-1.7496356630787555,2.609702161133246
-1.705354077201785,2.598769961380333
-1.6786639931793532,2.600306127876011
-1.6437524327448614,2.56729381250928
-1.6218643393061827,2.59917568404745
-1.6307070508287824,2.6302815614699324
-1.5564734118742551,2.616032051184759
-1.5303566828097979,2.6458396184084827
-1.5366436758411182,2.618989499749321
-1.498772286412434,2.6115169241654463
-1.511707317510666,2.614583227772164
-1.4818092282502278,2.6012529466368837
-1.4734453099961562,2.6417179331408973
-1.4421678485359526,2.586259762238032
-1.468871975701493,2.6009447602682703
-1.444643635624534,2.6351555457592384
-1.416764282001804,2.6025757651106596
-1.4581436649942534,2.5972143509026155
-1.4265582941739763,2.618366276283102
-1.4801668896438271,2.6080006822581634
-1.5006614297501055,2.6081372199311312
-1.4641785172087736,2.621792491718222
-1.4907658942212012,2.6090370832806276
-1.4587172842375014,2.6135549039731485
-1.491476623330647,2.612497163599202
-1.5257441822023567,2.623521198836912
-1.539446721030377,2.640177583588412
-1.549855881689591,2.589976706621425
-1.5283597029101834,2.6261690022143704
-1.498423756103381,2.613667260652517
-1.5031948434091695,2.616054950299833
-1.4964387603046205,2.590923233700698
-1.4978751594710298,2.6178089768446107
-1.4706558064311934,2.6168416282852753
-1.446868900283087,2.5933778061347224
-1.4670290898988296,4.915652595210868
-1.4191340720855163,2.6162384128176215
-1.4781955915025318,2.628055353316993
-1.4609482749363216,2.6112409017884857
-1.511470334865607,2.5965356464577534
-1.5339438173545057,2.6428464909398492
-1.5368835532909255,3.4647270867586997
-1.5609295039033741,2.6045593519023447
-1.550924602566395,2.59204202864909
-1.6032974385138006,2.6175703817896014
-1.6123172082008546,2.6075783907139525
-1.6438566311126792,2.6087422377994574
-1.669918382501366,2.6277632990319972
-1.6641481960597437,2.631975316528449
-1.684792192177125,2.632034541014116
-1.6994204877124313,2.59859407256782
-1.6758419407237901,2.592007285760048
-1.710900111405975,2.6319754847964445
-1.7037711853017383,2.584664449672856
-1.6724461733160105,2.615286272035966
-1.7088074695454223,2.6269525976750523
-1.713657117272623,2.590458395279517
-1.6923956247851446,2.620293553117923
-1.7110906110100152,2.586772098797812
-1.7023523834730383,2.629987924494941
-1.6959629028115661,2.5727502996638587
-1.6942580291483216,2.642378896097349
-1.6514245747499903,2.645183058860858
-1.6146203698342387,2.5906922823472245
-1.6250209401915192,2.621556531012378
-1.5577210817352143,2.6337327941196937
-1.531740115099103,2.5979790643709277
-1.481242853282982,2.6265499225596396
-1.395639969270363,2.5929712015482527
-1.395623895971195,2.6281401647402913
-1.3591769673648115,2.617962120376189
-1.366782542416766,2.6140301418081724
-1.3851758238579899,2.6170670699479084
-1.3625132785022946,2.600361240767451
-1.4244774921201717,2.6051496265959417
-1.405627480861869,2.603161555791173
-1.4042327956522733,2.639166559886596
-1.4290124931101196,2.586560138169872
-1.421171985801077,2.615322936268958
-1.4276210464040067,2.6340463684971596
-1.429627380230218,2.5993521519987994
-1.4112221045386517,2.6365749455391194
-1.4047522225152267,2.6226835349277593
-1.4160898577085084,2.51087212767639
-1.4281000276933815,2.6064980506676383
-1.4625643643472368,2.6532814694719877
-1.4848161583058728,2.6199285315719316
-1.4795691682946717,2.6166079908581352
-1.5160327573794294,2.6114367292401406
-1.5322199407454347,4.717156043200144
-1.4708572692141912,2.6278864975903287
-1.4972605462815933,2.6116922520630066
-1.4948253446898696,2.5871899020183813
-1.489407159672561,2.6159683500265105
-1.4850555102551382,2.61481884862897
-1.4670073392898082,2.639811812477621
-1.4796457221921342,2.6145625390444893
-1.4690957276252528,2.6092396508175826
-1.4943117796417715,2.607931907910563
-1.5116472299668822,2.598945920972648
-1.5388388562797886,2.6005378659335556
-1.5183121351952815,2.61968243702452
-1.5212920389802638,2.6224240907126566
-1.5036530623625786,2.5958437589782464
-1.5000679470181335,2.5958326075030067
-1.5262215443207254,2.624450247399253
-1.5180882377091023,2.6291221884654363
-1.498448705340377,2.588034125036745
-1.4802825237797514,2.6145446038459044
-1.5110545430067908,4.177881935347572
-1.4646357544172175,2.622784753028788
-1.4187790108979277,2.6022605015816094
-1.4080845079487092,2.635652681842852
-1.402560237760059,2.5906014861936653
-1.3991760686061314,2.6381094396684137
-1.4311593446479027,2.612638775583029
-1.4099249588088547,2.6041096861082815
-1.416628854647043,2.612905221089781
-1.4433957279652914,2.6164531747643816
-1.4729985958048935,2.60028230451468
-1.5186425638426109,2.6422760557104894
-1.532044004505147,2.6017871072759244
-1.5500755344901027,2.5927769446358515
-1.5517728108041335,2.602021615570576
-1.5629803840816583,2.608308228527798
-1.5748283053871512,2.5920296265971494
-1.578580981578525,2.5910792036456187
-1.6174871182167492,2.6330554329565454
-1.6482907685271462,2.6366387204137745
-1.6653739238161391,2.6353599297999244
-1.7018478856360508,2.6325617562351105
-1.6935261587263055,2.6112094703700235
-1.690449412337367,2.585173340872705
-1.6920913035226943,2.6041397724797273
-1.6814176051679177,2.6114735207848203
-1.6861792445680854,2.6193672598090756
-1.6572177360758702,2.5850238321568817
-1.6602221399078625,2.5989995049553403
-1.634282954507036,2.6213024104082474
-1.6076166505674352,2.610958754224517
-1.6437895450493416,4.0608035629645975
-1.6522968519068675,2.61654014224207
-1.6203197302872987,2.626868883358482
-1.6480622058330925,2.576594615405883
-1.6463672052065697,2.6262161113275067
-1.6212314655992264,2.6197821493233784
-1.5980163424568818,2.614274221686288
-1.5797779359775241,2.6228783759053504
-1.5651425416663285,2.599069730076485
-1.551941641557338,2.590906845380393
-1.5172576546279843,2.594737902152201
-1.5153331997023798,2.6009163931124193
-1.489468081527673,2.586799784272774
-1.4685417334057165,2.6254409481849295
-1.4292762629448628,2.6166790927266708
-1.433594617169257,2.600510362210116
-1.4075944778157967,2.584431330876136
-1.3521429035336796,2.5942170176749486
-1.3592252541836902,2.512248267241199
-1.332173090270197,2.617536213453811
-1.3310622292247996,2.636246927678167
-1.3603762636860093,2.5838215294457028
-1.3600920917056671,2.6110374335666395
-1.3961718449655283,2.6214217954306216
-1.413238628258828,2.6115723516302074
-1.39694298030245,2.5907537298338745
-1.3973318801353452,2.621586208020573
-1.428985090077242,2.6296839596218655
-1.4330166198742305,2.617877475487247
-1.4349119332104723,2.6157015309643996
-1.4435277157069166,2.604410714798424
-1.4358760371877821,2.5593699254163362
-1.4362694273110257,2.591171089752493
-1.4439174951852787,2.592574124055102
-1.4556796063499886,2.597847623827799
-1.468660688278175,2.6300925817933787
-1.4706517247851991,2.634241594412476
-1.501593939474336,2.6195509238448675
-1.486577962863233,2.6205671790631784
-1.4733818670284107,2.6218659634400705
-1.4832977760592896,2.5818225966741477
-1.4574438739586324,2.5671174022629915
-1.4354244326479577,2.633980448264734
-1.4127457902248548,2.595245896914759
-1.3770661149864667,2.648720948170585
-1.3926297531086875,5.003303688104442
-1.3057169966299347,2.587113253646528
-1.2999284212654898,2.6179744280909287
-1.2892922463743877,2.5827279550990343
-1.2307560564567783,2.582518299676094
-1.214318168149178,2.5921023217075647
-1.198775992749256,2.601319293322528
-1.1716575546532617,2.6022672557938593
-1.190836534960738,2.5913488849553405
-1.1936502441308696,2.619377926466457
-1.1942328833553801,2.603848311862979
-1.2129850360656962,2.6262167693710334
-1.225009766197237,3.8546939288419395
-1.2488921635080026,2.638845572367324
-1.2424696401273672,2.6128327190570944
-1.283945567600676,2.595360654666639
-1.341251801566602,4.215753127322549
-1.29397689662127,2.600768043997025
-1.3331889052116908,2.563700677184307
-1.3170938763306117,2.597320286695351
-1.3353762583349762,3.4938454239170476
-1.3354262422890888,2.6039321724896
-1.3271700866307554,2.6054085080682303
-1.3094310364600796,2.5852537581574664
-1.3248436248745057,2.630635162550158
-1.3204576360645817,2.622213685300257
-1.3162927590263847,2.6316510413121135
-1.350276526795275,2.609445228641269
-1.3609808309055054,2.57851570286791
-1.3968829051497553,2.6434733873180303
-1.4403645574481692,2.594741984400846
-1.4763070879713152,2.624322751210782
-1.4734380760276464,2.599101787788536
-1.5038631846985815,2.636976812322068
-1.5474788460219642,2.601943752195577
-1.5771883754319032,2.5917768637226257
-1.626532804777096,2.618397077257809
-1.6302384740828464,2.592742226673407
-1.6259972782281147,2.598705555589599
-1.6637425769360439,2.6334343891932224
-1.6606771892627128,2.6568996792446744
-1.7061724575961086,2.586511714216685
-1.7162772222258662,2.6033263571503467
-1.7204525051772526,2.6255806810271345
-1.7305061255328307,2.5935095349418784
-1.7357945876938357,2.5981808837656972
-1.7451383990636542,2.6250956939755388
-1.768830230058663,2.619800113809381
-1.7433578644342511,2.5869442027112703
-1.7261138449900777,2.6233162661247684
-1.7020031909456448,2.582965087238894
-1.6881516708394333,2.6213557233304248
-1.7032023659284323,2.637096414084161
-1.6609918034873792,2.604491684878465
-1.6839061806769726,3.877039507509123
-1.6675213405500344,2.617206575405504
-1.6507388529089706,2.615027378251178
-1.6627930530415496,2.6012519822965823
-1.6733998676941841,2.5998319156100482
-1.6661117516000683,2.585135458047043
-1.6757569106977888,2.6305294711388463
-1.6686585067159883,2.6108565022576924
-1.6611044712625835,2.616546769843561
-1.6497338173107292,2.643350416585645
-1.6530052469772503,2.6245434581982217
-1.6743570177933353,2.5898121660919755
-1.6731614906626853,2.608282342193999
-1.6361263172546818,2.624448427949749
-1.6011505056976094,2.5916416665141506
-1.5877619663469886,2.609281489793463
-1.5724181598628841,2.613838607446856
-1.595837725722275,2.621554851955236
-1.5818948642258897,2.6197008044602934
-1.5828380885616284,2.590513398511321
-1.5416881234389366,2.6248130375505085
-1.540444317178907,2.6157276482466325
-1.5480396096882638,2.588202063478099
-1.550435881522795,2.57707773696818
-1.5332463616087175,2.6287040393983543
-1.5227571937827225,2.603940156247805
-1.5249161357444159,2.6271475045642467
-1.5160296860238474,2.6182194639829857
-1.50697860624278,2.617177554704131
-1.5197907089339593,2.6071138802275833
-1.4896053737796544,2.5993327698436306
-1.4555020414656066,2.630702369727406
-1.4349588805191076,2.6178182089039987
-1.3961652038486356,2.611654102908743
-1.3729380958955666,2.615523419119633
-1.3706897792177413,2.604085782763034
-1.333642881028201,2.6350704091181347
-1.2858129145864972,2.621173356373235
-1.2569268549232016,2.6084374050247634
-1.2565508685574995,2.599980054121604
-1.2243399425954227,2.5839152417228317
-1.1926098106503733,2.613351963615229
-1.158827301099385,2.606383621438774
-1.1434502779883824,2.601349769170459
-1.1150118213332558,2.624836549662773
-1.0876613934530155,2.614664478138849
-1.1000772183666783,2.6348332872300753
-1.0816154235840616,2.61178034966095
-1.071803325712199,2.60016790320071
-1.1057188594453462,2.5930975230567763
-1.094731096387873,2.6073870882611
-1.0666049450380966,2.594447494520531
-1.0898825370911989,2.607657888515522
-1.0847613081983125,2.6298501836183292
-1.0895640555407675,2.595435111270827
-1.100238162125717,2.582198065158256
-1.0990767281479161,2.5930306386792425
-1.0990790408288866,3.5214300562804883
-1.0946732182512544,2.618699529840948
-1.0653561423793954,2.611464220492221
-1.0644482502036618,2.6010491932443767
-1.0908029103455266,2.617222350117422
-1.056907730740505,2.6395763324522954
-1.0592961437003714,2.605716100379532
-1.0460922216063846,2.601083043811576
-1.0288676698742099,2.5982154309118672
-1.0261571443380688,2.616731639871579
-1.0160013892527116,2.6234030989540083
-0.9998484469510625,2.619660585289282
-1.0134369626175934,2.601091074398686
-0.9856588077089746,2.6320003580050777
-1.0138375225506777,2.607990049664793
-0.9832356965775882,2.6261147332435417
-0.9682720602771775,2.60498524944165
-0.9886214960673443,2.616574556939648
-0.9318684514495518,2.645782200467278
-0.936831187556621,2.6227937221144595
-0.9320785700956365,2.5949267538204794
-0.9095852019934529,2.6334215033899944
-0.9607041358142031,2.604906028029004
-0.9612038173658505,2.609472558873293
-0.9509917121398982,2.5964328006465376
-0.9303922987332298,2.593615207888747
-0.9236106828538639,2.614278780866581
-0.8858115078119652,2.585010522337792
-0.8645758462517578,2.61409840132412
-0.848692464981989,2.5964665680811136
-0.8182101879315066,2.613636601741658
-0.7877117535944395,2.5962983303773886
-0.7602334608104608,2.6313740874990628
-0.7527745627580679,2.60656769938222
-0.7339822614836876,2.60844173821245
-0.7266281939632679,2.6264790827999924
-0.7069122041365518,2.6112136779323203
-0.6995601323759646,2.589422513882418
-0.7165244561055637,5.018992550584843
-0.6732116291785266,2.584671817603355
-0.6531959067096567,2.608959144729832
-0.6322423915035594,2.605335195612892
-0.6201040636553958,2.594542864872435
-0.6173555494454297,2.6130844391681407
-0.6262988281260246,2.581414873749694
-0.646512432955607,2.617165474898345
-0.640444476268134,2.6322384756607464
-0.6862412280826141,2.605602114497324
-0.6958608549752137,2.5997551937653323
-0.6897773597238579,2.573757941552439
-0.7263774666869716,2.6091339093684947
-0.7135629785003602,2.6061850370549697
-0.7159531946004636,2.5935759485578185
-0.7301292960033384,2.609155690392051
-0.7185023704626405,2.6052730070801076
-0.712562794150927,2.6380055842873196
-0.7287351977410668,2.6150768018711914
-0.700181613012098,2.6066260253216114
-0.7049315346173894,2.6018586379578683
-0.7118080645851728,2.5671704971273086
-0.6836962920824096,2.6335515341718447
-0.6695300706256843,2.6142119741958423
-0.6593621803795198,2.61704904016968
-0.6517435049014516,2.6160856758302455
-0.6326713231509231,2.6399550268573964
-0.6016626423477517,2.633770387815237
-0.6562849856568986,4.6507323848392526
-0.6120115684168654,2.599801266042464
-0.5989106495333965,2.616819738513721
-0.5673537675285396,2.637365757009267
-0.598262969702809,3.518290176391572
-0.5540811239878234,2.580107977358897
-0.5893748936512311,2.5819002494607366
-0.5941286936560314,2.636492264949755
-0.5989389556211063,2.609159961530222
-0.6082284341474148,2.605008006629727
-0.5996444976213553,2.625192728982741
-0.6135592685417278,2.6119613086928535
-0.5949559271857275,2.6154297542483222
-0.5841268126512925,2.5822801496028687
-0.5860149319882053,2.6333764125926433
-0.5301404212300954,2.603002137646961
-0.4948317099219199,2.605582759389708
-0.4692500489618009,2.6391999649264437
-0.4136500675087506,2.6300113022598635
-0.37130148562636694,2.5820731460273065
-0.35401930755756045,2.6170095783052294
-0.31632537505159136,2.6090885377772706
-0.35869965774012375,4.757978504257617
-0.31439510718432767,2.6322800551874908
-0.3061888860533511,2.5856202642127126
-0.298970293417938,2.6009757208704367
-0.3001359991821603,2.5872482048226475
-0.3140521964713426,2.5757045129952405
-0.3414356366198161,2.606139342961575
-0.34207345852041776,2.6056332150939965
-0.3836257231298848,2.620493076908474
-0.3780274376853138,2.5914534073049857
-0.3907767669085755,2.6095061019351533
-0.4015107661615894,2.6353032926712223
-0.39598956498804394,2.5661585387797037
-0.42407307647353215,2.5839159916969905
-0.37768393832284025,2.599478504525304
-0.38169495599927356,3.1545186971703147
-0.41796297985473824,2.6241615229444384
-0.39419954160421355,2.5808143318601937
-0.39241005002330015,2.6396298802790006
-0.39074381126497837,2.6098492883035136
-0.37346288896519503,2.5857878006767816
-0.42000502806390566,2.605814462363964
-0.44700151920242437,3.3182006683538714
-0.4346467910414085,2.6060567066844738
-0.4204462005194217,2.6098278316692793
-0.43129472747918074,2.57144826541942
-0.49021231745934385,4.571191248822971
-0.4501900620683155,2.588074150116415
-0.44842246402141456,2.609418759615331
-0.4388894743047302,2.630528448576927
-0.42141003852856185,2.615836665621344
-0.4390427407188253,2.6103744741091766
-0.4778519249679878,2.6216890579500505
-0.5002164765363415,2.6077649743623517
-0.5842040592283773,2.6261324776663493
-0.611084655106498,2.609121819445633
-0.6314651609292412,2.6115849866411853
-0.6928698794222764,2.653594668528956
-0.6950963152651151,2.5751309669057294
-0.7374551881590506,2.619057754514721
-0.7546867798387168,2.606920992635245
-0.7504735988750298,2.614632334496732
-0.7440961398058822,2.571957524727611
-0.7535513645815602,2.6177180230721953
-0.77871877090482,4.558144568606798
-0.7642744293487944,2.5838813663218705
-0.7565693659161814,3.6725680073638323
-0.7280565054421699,2.5926577729685425
-0.7680488747544308,2.6304805397304896
-0.7986212357491032,2.649655853185842
-0.8016866720937074,2.608818438420028
-0.850491203504793,2.5988746655560764
-0.8696320811489328,2.630528847914319
-0.8983782561959753,2.6276174977093674
-0.9522166895400194,2.6363540685494464
-0.9789817967320843,2.6114563255434016
-1.0058308614133764,2.612903431019076
-1.0140110708168486,2.617983984724157
-0.992050132396025,2.6328335839784653
-1.005308517813462,2.621297186731914
-0.9883896790274446,2.655533660644248
-0.946835301016946,2.592412044517342
-0.9274402012872298,2.609306661884533
-0.9136008795617758,2.620419138538558
-0.9120460050656203,2.623421169520097
-0.8676733256873073,2.615019961147611
-0.8687404364262947,2.6051854688119573
-0.8738874929019483,4.128251759115547
-0.8326289867282127,2.6050433095265686
-0.8269420320794572,2.6089533938579903
-0.826610768030724,2.6063478585502993
-0.8420354212264817,2.59294608735359
-0.8428302296045134,3.850194117503341
-0.8099514794598288,2.630849551530679
-0.8324081399993081,2.5925480400369287
-0.8584352166238538,3.6986267259171055
-0.825854960945364,2.626952891302873
-0.8239850476697437,2.6061478909519766
-0.8270424173517466,2.5959419852385337
-0.8379795300980147,2.5989139667185017
-0.8235166062919002,2.6236011858232438
-0.7895280712704396,2.602302153974346
-0.817311701193675,4.287228307561113
-0.792979563753879,2.6292905399739634
-0.7442591007262422,2.5948159409176363
-0.7512939538868547,2.6001921526445404
-0.7509574153378984,2.5814343883800257
-0.773750684708621,3.7683156399696545
-0.766787049669155,2.6281675393635426
-0.7924771455565404,2.6268846115717976
-0.8214292673730111,2.639236886900032
-0.8455267167063686,2.575992135034585
-0.866874929492926,2.622987180984242
-0.8737403929352033,2.634356363750429
-0.8761026130222616,2.595441862510984
-0.8892624005439215,2.4435454127479224
-0.8971626055552779,2.6249368538051576
-0.9053202368100056,2.6140015823028753
-0.954556230328341,2.6369763652932656
-1.0219716033736719,2.6610867055268455
-1.026303620048874,2.606864561863582
-1.0734234728739656,2.6172840101050387
-1.0642902486176327,2.58629537944395
-1.0876303910345089,2.6513936689292206
-1.1079591235891162,2.5867261057804822
-1.1434186503762465,2.6133490506166948
-1.1218251139392885,2.614249141368938
-1.1070929584619256,2.63620225583189
-1.112442450551126,2.6112495013930492
-1.091719352159553,2.613904399376416
-1.0873139164602095,2.6148328412987505
-1.102671147461037,2.6296019390771472
-1.0657787602155981,2.614192669468746
-1.063085288495359,2.629644027763549
-1.0519040935143567,2.5973549632999378
-1.0345795036119083,2.6276361921445757
-1.0357467623596497,2.616217453302769
-1.0097258816018015,2.618638037255282
-0.9802770564329516,2.596335729543156
-0.9250230792003333,2.5837377687250793
-0.8972032979559738,2.6137304785201976
-0.8480338936125027,2.637319475025475
-0.8105303594801965,2.6244994296963173
-0.8035627729663763,2.6173743175339066
-0.7852774186275802,2.5926131481384638
-0.7549877498503866,2.630453672561565
-0.7332959268892619,2.6078444120394724
-0.7123092715846575,2.6209466919702398
-0.7279408491901221,2.6261870716077413
-0.7711909640805675,4.515864715040031
-0.7526371396975176,2.6256690158922393
-0.7282884765229708,2.623328528761707
-0.7502088382069548,2.588941259287598
-0.756283701829986,2.6349403270815186
-0.7820263179719783,2.43601691271251
-0.8801662416693068,2.659116768092375
-0.8952610373293626,2.597512604922767
-0.9337395010869541,2.596967719077762
-0.9716633351505879,2.6022593085382497
-0.9778761437501212,2.6173456410192757
-1.0799691113423342,2.6416956046504736
-1.143676887496413,2.5854239319989087
-1.2085886499206144,2.5011896085545327
-1.2663818522829333,2.602661773279265
-1.338133242617576,2.6264622392946952
-1.366438691461255,2.605505516785538
-1.3885192290526434,2.6024896378723366
-1.4167192842673648,2.631023966218555
-1.4200536565475954,2.626548833641707
-1.4493897041883668,2.6219178799764333
-1.451841501798671,2.5995743038177292
-1.485016671119836,2.6054035658090227
-1.4781243839621228,2.5938534176620465
-1.496208561366901,2.588271463800164
-1.5490473032383698,2.6031364375032324
-1.5658647254543654,2.6010272190335533
-1.5857410529067528,2.630928302796523
-1.636924010466899,2.601096670713229
-1.5998389288392332,2.6187354169703907
-1.6387093322774953,2.6146355813871294
-1.6688110921258066,2.6214031848694854
-1.6324740193004843,2.602176133123632
-1.6362481378281608,2.5980105803794897
-1.6277334216769188,2.615287051857283
-1.617589659946883,2.600607950817755
-1.647061916770753,2.6113779727846933
-1.6278337750610634,2.6124583752794837
-1.6149125116186551,2.5829732352919543
-1.622943506674595,2.5782451985562456
-1.643435543282525,3.52243989822524
-1.6676753546898704,2.979352528093007
-1.714386380104652,2.596352511121363
-1.7037472805966372,2.615937827006663
-1.7421502847129395,2.6119200867002093
-1.7498268647495059,2.612763650213323
-1.7766051734132853,2.6102408860281936
-1.8384621749897052,4.108960526866025
-1.832282784921038,2.6241869031319522
-1.8441867644836476,2.629094898715334
-1.8504321318309014,3.36406559806838
-1.8697733935474714,2.6278643157950725
-1.918228709384221,2.6335517209010573
-1.9148351529611638,2.6043839700888243
-1.9254276175516616,2.5898775130072154
-1.9819513351639488,2.6104062782361734
-1.9735460917865033,2.597711435505292
-1.9746954572622442,2.6114361890754045
-2.001492972195246,2.6003283239085624
-1.9723914110835743,2.6221188951284486
-2.000236429715917,2.616053169222905
-2.0286723588144784,2.6039351538830195
-2.0034399855883978,2.6115375567979866
-2.0381894265020235,2.6268367177981196
-2.030206564236495,2.6280513526927662
-2.028070094770194,2.590949302448657
-2.0370425631731806,2.605855251215265
-2.0041468803059117,2.604878532490292
-1.9738450113961274,2.599089692965957
-1.9817102643584203,2.618318595582355
-1.9433037617912112,2.6026261752543984
-1.9437785843447148,2.60842981659207
-1.9472086964780582,2.646850370473795
-1.9043658219955693,2.6109562778693385
-1.9083346580320748,2.579621838045305
-1.896776473971697,2.6350683552506418
-1.8860000101100196,2.6337729906556273
-1.875179762999615,2.589388560244455
-1.8687728185512558,2.6160959251288913
-1.8799377896788534,2.6094311314079808
-1.8509459395033372,2.6039117457282086
-1.8414770977883097,2.6208544873819983
-1.8430742290660445,2.600330729066389
-1.880171315129699,2.613931591198193
-1.8838271885279665,2.6191840252686003
-1.8909402201718342,2.6267111578110445
-1.892723948267758,2.605686810348962
-1.8773317590266818,2.601934690577239
-1.9176004634946238,2.635012283965696
-1.9472001221713042,2.628184922738605
-1.9521295115764994,2.6134271261975517
-1.934792561512233,2.62102774521668
-1.9541231001103334,2.5866501244115345
-1.9325571323246717,2.653300817030479
-1.9197698472828746,2.6410825262216298
-1.9040787778566224,2.620205506755405
-1.8740782770724778,2.622531207445346
-1.835810499971918,2.6177238833045986
-1.831069416895559,2.6325470949202203
-1.852026478245247,2.611705263353342
-1.85935903697071,2.6128667447904173
-1.8412769758005203,2.6206105046738455
-1.8658080070645153,2.5876858379487784
-1.8901590979467546,2.6071951450373443
-1.935694056467348,2.608205861418348
-1.9716892724661843,2.6059784605337186
-1.9770181048838635,2.600821565485522
-1.9786035218659714,2.6147498550356723
-1.9901809434374158,2.5827274732558854
-2.0130841706500466,2.590916166830092
-1.9869530836824756,2.6062647177999136
-2.018716453335131,4.278473387043749
-1.9650415575432243,2.4877512597367213
-1.9310334629366832,2.6128352685628218
-1.927644722560598,2.623301975876465
-1.9024702353679142,2.6192701341917637
-1.898157679865254,2.6337316814250387
-1.9230081319944856,2.660306351799223
-1.9073194606535209,2.631279186477062
-1.9125424201947825,2.6109991941335786
-1.910003970841628,2.5749711124186354
-1.8788442120872593,2.621442634923606
-1.8635265627911441,2.6208030018989685
-1.8853439512328363,2.6078973039187625
-1.849068895345672,2.6133094665853
-1.8413732094854816,2.6289746771970877
-1.8406097114568754,2.6101723248866073
-1.77929571074363,2.5784042430003495
-1.7697730556762772,2.6188676882812816
-1.7303248123463812,2.6262716308408125
-1.6632751894203641,2.6301726810526156
-1.6807624423645044,4.102817150580884
-1.6372165950326272,2.6140978645504704
-1.6115360094953646,2.5992479839059452
-1.6075644753328768,2.6165568380195827
-1.5778559316493141,2.602305096448576
-1.5373630247507053,2.632234386733943
-1.502473211096185,2.612935608081482
-1.5008954600496642,2.6029538278488205
-1.5111879727756112,2.611510461759386
-1.5275743688397228,2.6246101775201742
-1.5385340075727565,2.5855580234352553
-1.4735266436422414,2.5920681492990973
-1.4991191787023976,2.6161043152487475
-1.4832642870877504,2.588671308290295
-1.4789244340840648,2.6167762800690446
-1.5366618984323557,5.122595212577345
-1.4720836403568638,2.603064542191134
-1.423429822027785,2.5846538935919865
-1.4385815670583952,2.623407155754132
-1.4582515356245205,4.164793814385472
-1.4481289326716107,2.6182447061304006
-1.4286613318194021,2.601338720214887
-1.4315861191277726,2.6006761747965093
-1.4268521948104904,2.6148448839451124
-1.4382674907094486,2.6228230662566188
-1.4501114251259437,2.618974560360246
-1.4480063145620927,2.6253173040694935
-1.406471175444677,2.6318872370963526
-1.3971126058058374,2.5898534168884506
-1.3812165861669954,2.6163675324462305
-1.3503989086155619,2.6053492631083435
-1.3743351025681736,4.69380207044566
-1.3068448512985689,2.6341878274008175
-1.3237084982455907,2.656871702820959
-1.3317641294348377,3.414300640593253
-1.2686452753580495,2.590532084079832
-1.2712725228136397,2.6163230480573745
-1.2401807410624506,2.597595245538364
-1.255631682570798,2.6177868858149376
-1.2661174148656664,2.5979527184058515
-1.2938163617179088,2.606995117008934
-1.2892102204600715,2.613675422509212
-1.250426750845481,2.62043851579488
-1.2716383747112798,4.1837617376968135
-1.239657812090799,2.5932958124128045
-1.2182287035909851,2.610240646613131
-1.2340297304333354,2.592887529347717
-1.207676392405553,2.5972052757388253
-1.233609742067392,2.589873853742072
-1.2175947403661673,2.5932116195498955
-1.211508597920117,2.6252210526813924
-1.215198036129621,2.592159126611773
-1.2262067211794359,2.6097205580168286
-1.206498010619433,2.6290591064787114
-1.1825569152835111,2.60629731631389
-1.1307985445208577,2.594031686718967
-1.1172512137244626,3.315798745231479
-1.1359538502599509,2.6028029254896525
-1.120837946011455,2.6254955207525565
-1.1406104340145293,2.5738836791875657
-1.1326740242821023,2.620811476534939
-1.1174110441129173,2.617638016839053
-1.1467020472890204,2.6412356703031197
-1.1845471454875207,2.632798487506387
-1.2088169378419236,2.5904125736641594
-1.2074722103518398,2.603994558107631
-1.237827857651208,2.6083119133171704
-1.2586385627814223,2.6255361422188916
-1.2674978134790398,2.579363023042287
-1.2759136385511167,2.6273458128873144
-1.2794270345252488,2.635377226576148
-1.2714435186644193,2.605645613196481
-1.3195116300387164,3.3098715486950043
-1.2784675089727526,2.6142764025312877
-1.3301564576531937,5.191368136989206
-1.2825278998647722,2.61398385079582
-1.2562180162653274,2.643543621758515
-1.2824274915069211,2.6074834693625326
-1.2555606463346898,2.603290441996908
-1.1889318720541313,2.645666676049526
-1.1808579658917806,2.629967551924056
-1.1533852121908832,2.6178304715796488
-1.1387285944777434,2.60829671525541
-1.118896967779767,2.602727444707122
-1.1131946954018712,2.6258736647632
-1.1199772812764242,2.582988394187506
-1.1154498442016876,2.595483207313627
-1.121250123676492,2.582334276950251
-1.1297115171939967,2.5963481928479757
-1.10700837283279,2.6251654962106867
-1.0986063250179001,2.6027485553442062
-1.1159528554734455,4.2931892028787715
-1.0805341032429874,2.6073475649595275
-1.0941032306972225,2.6273941982626643
-1.128945914116584,2.604618659356192
-1.0718278519764939,2.614667302411181
-1.1084126827321275,2.5845004936535796
-1.090643644736673,2.624136474321634
-1.0480557383630722,2.6354910705386803
-1.0719154123882138,2.627829907374909
-1.0930821064900644,2.633162168706682
-1.1504022541195955,2.590400572284824
-1.175044135191163,2.607262488812681
-1.232973614238831,2.62255221111724
-1.2523937158757978,2.6220156778810404
-1.2662791749796678,2.6062983509530944
-1.3193596310952902,2.6511237495199875
-1.343412628949632,2.620344751003097
-1.3177481198784844,2.620991511405442
-1.3461434242644792,2.6070043658320246
-1.347859963369838,2.6328491742118714
-1.3386484505761522,2.6211310394256757
-1.3551065350469522,2.613108042628767
-1.3325865235385452,2.6063951865738537
-1.3178102423318305,2.612149366236364
-1.3415950342439273,3.5214769384357627
-1.2978878266776703,2.620258839656832
-1.320731217055874,2.6075877780561987
-1.272584550631715,2.6367819814546474
-1.2719235787271956,2.618442892597096
-1.2879777940661472,2.643193546243384
-1.2805604895969653,2.6086083873506634
-1.2899291808555025,2.6105933162667516
-1.2886628676252891,2.6101293727612442
-1.2684696084714895,2.5827617243551075
-1.2590632087329665,2.6182559908622736
-1.301991852518307,2.6147470295126403
-1.2817229440737457,2.595614892800323
-1.3130325315099975,2.612410659151234
-1.3016661371010962,2.626537864412708
-1.307590467062287,2.6197223734783934
-1.3159775337664863,2.6129852184225455
-1.3417869975841439,2.613251688566644
-1.3443477448124912,2.601809097104278
-1.375617671879842,2.6260645756532752
-1.36631646482645,2.6598428824792486
-1.3786529192489436,2.6440526801273148
-1.3628034898281272,2.5993125496829155
-1.367224138451238,2.609347689084291
-1.37837208327306,2.585595344262901
-1.3966607240893216,2.629120480791634
-1.4804423940918487,2.6134738778327424
-1.527451246049374,2.6298109386591997
-1.5463214919985122,2.5846170272261086
-1.575661157958201,2.63852398218925
-1.6115215579432243,2.6624178911873884
-1.650289855142104,2.5670851453034658
-1.6640144788983353,2.631846075732705
-1.7209706328636503,3.1368033061671907
-1.7363816657948201,2.622892298166813
-1.7112189727734084,2.594251394045056
-1.7897361361560862,4.918022353699634
-1.7301286073966962,2.619079322609749
-1.7126579224056466,2.6098715303213607
-1.723727395920047,2.6006604435860083
-1.7577294606142373,2.6070739262101834
-1.7362470428384613,2.6121883433203057
-1.7060298746008753,2.579169367292059
-1.7074723367330233,2.5977112916838485
-1.703938348868221,2.5999020786440052
-1.7033044103019508,2.602559658752697
-1.6926753104598966,2.5790281053148907
-1.7001409563842635,2.600405932871209
-1.704205214326166,2.63100378348599
-1.684288344000274,2.592442241888062
-1.6680447457968963,2.622857537536875
-1.6384080333275086,2.616539474137208
-1.6489882776180504,2.6435742408782947
-1.6491277534239628,2.6135034553699645
-1.6294858312735288,2.6072277882141393
-1.7120468367825274,4.71112146821729
-1.683208473190942,2.6007840568432736
-1.655993257787276,2.61105400575723
-1.7160726786517648,2.617619423375671
-1.7120286291514888,2.60706380787678
-1.6928801619124105,2.5955708725397937
-1.7391070497821695,2.620668856466161
-1.7104963480565905,2.6160834176090577
-1.699871700201118,2.598913787528452
-1.70812257659716,2.620261202062573
-1.6658611455923895,2.603600103649816
-1.6815440051928028,2.605935273075766
-1.6732885924375558,2.6078093320678852
-1.6604352221619922,2.59689029122958
-1.6743303664006481,2.6094744290983005
-1.6906371246461658,2.6111868064705366
-1.6975059309333407,2.5995093253341794
-1.7046878220464499,2.586185314221199
-1.7235739251388082,2.6025851933726716
-1.7171125213850769,2.6088669812535024
-1.6901422170423064,2.6048835173905514
-1.6985922615352325,2.591273691670236
-1.7008619428659522,2.5999535385842942
-1.640580086180148,2.6218657436150345
-1.6531487761988943,2.5927694372206624
-1.6344674228669367,2.6404204053838285
-1.583734961434614,2.608075922766851
-1.5803897268740537,2.623196896042891
-1.553554932316931,2.5837938851769056
-1.5382433435588405,2.5930170918652
-1.5374475118973658,2.6089914573922424
-1.5250898567489248,2.5919841778293473
-1.5046019254159066,2.599990300661876
-1.5169009670302545,2.5997240922643674
-1.461008703215725,2.6049695716842867
-1.4897882402376996,2.620160554998491
-1.523216229464002,2.6207564956735454
-1.4889475370448069,2.6196825634675585
-1.5081657576975571,2.6537723384466356
-1.5175032839311227,2.6250662663202835
-1.5310324109008433,2.607435496580759
-1.540095254821474,2.598624471113036
-1.5629897683441552,2.612305257773725
-1.5387322946952435,2.6125128460827276
-1.5813316989088377,2.6237711481614525
-1.591811302050674,2.584181392077964
-1.6080464611700915,2.6068947693255344
-1.6302673382967283,2.6049768474761295
-1.621595711562483,2.569724107888224
-1.6228248339618352,2.598058044670814
-1.646218704584478,2.600860885135129
-1.6095014866768527,2.6009749450269894
-1.577609641679713,2.651992422528725
-1.5638400955052407,2.6258734542072677
-1.5009731411412013,2.58854116127019
-1.4985738678490301,2.621542788728065
-1.4926137837287723,2.59782433336508
-1.4721205235369326,2.608736078530998
-1.4681801108207824,2.592083759063952
-1.4157172917026357,2.6146087791583486
-1.408341548776187,2.637713285554082
-1.3836556511229123,2.6235928506240973
-1.3561460986762668,2.606868899264348
-1.3312890565228688,2.607072160285376
-1.329099023797013,2.57660738695359
-1.3388978922672032,2.622983528692201
-1.2816074452258237,2.5875183637901156
-1.2641158146759421,2.6034887457467177
-1.2368060819346642,2.4786732617778626
-1.1971491447016664,2.593705778548693
-1.1833953930924777,2.5857054352940407
-1.199477462258677,2.614136329639318
-1.1519321641952607,2.6341348096223323
-1.130900571317401,2.602631291873659
-1.118802842316029,2.6152097823265597
-1.0810393844020965,2.603654542947218
-1.0679582604072202,2.6072249009095776
-1.0606168598399397,2.5966360849360477
-1.003635263449594,2.617715685393445
-0.9545542991752619,2.5916683346111875
-0.950841606130847,2.602042559002851
-0.8678985580127986,2.6141536781432366
-0.8465111654789814,2.6016903907626956
-0.8112045893569482,2.6097268369636475
-0.7667533056418527,2.6193825330236153
-0.7447322306967117,2.584839165086683
-0.7171264946695546,2.626438138539189
-0.6844626386686238,2.6177659249178005
-0.6960367949882141,2.6461287878391655
-0.6731826727881427,2.627166942216097
-0.6766918985043417,2.618575892607453
-0.6555951221076503,2.6259287017856283
-0.6348861891889006,2.5758440816587838
-0.6444311933012792,2.634939750711055
-0.6066977064467501,2.5904920624913705
-0.5798556570584442,2.6013799247991374
-0.5598362465152246,2.612476432397971
-0.5410590041562297,2.602226252930637
-0.504774164624975,2.6017993002408852
-0.4897446449350032,2.6039282862301896
-0.47158600057387595,2.619138729982988
-0.4077795413787836,2.5944615138955123
-0.436218337043729,2.593905726136038
-0.406109380918485,2.6168493353839932
-0.41053457160588214,2.613986104224841
-0.4629356268892856,4.568576570448205
-0.4156243385827164,2.6149606303545623
-0.43594062343059964,2.6129725802679196
-0.43828829451515555,2.589304693943889
-0.39488522404063015,2.6261846374795947
-0.37990270201421117,2.601617193131144
-0.3411211658901065,2.6281472002668016
-0.338068580894333,2.664452488649484
-0.3580514730048827,2.6105781324465576
-0.3200938956698541,2.5950547498398735
-0.32085826294536585,2.592413132465663
-0.326003662786806,4.507839125474083
-0.27806400604958154,2.6176169053169254
-0.31131983772591965,2.5866492096378084
-0.3236058746355001,2.6001811098299843
-0.3097875671605908,2.443496344161786
-0.3564821853525689,2.5934072000955397
-0.3640320705163895,2.590092038422004
-0.35697137560543984,2.6038028869685097
-0.390163652156489,2.608414141190181
-0.3581565171374995,2.6039215179132986
-0.3508445637140619,2.600997074725781
-0.4113038856339164,2.5902201600894603
-0.35476080388179637,2.647126644084074
-0.38607860085316953,2.587095275128286
-0.3809991191737404,2.603994970950802
-0.3420343448919829,2.576547946322451
-0.3801655014097482,2.599072998466167
-0.3524428987803409,2.5964315639279483
-0.3458424790973548,2.6091044843775353
-0.3352174165755008,2.6058871180378707
-0.3155557982650197,2.620810893732309
-0.33638257424263845,2.606252849058171
-0.33832793070903816,3.534376705362937
-0.30061783626732214,2.5946576484628805
-0.31389908561068264,2.5930319783006017
-0.31696472353779437,2.583393838878209
-0.2774241302434306,2.6089390969350736
-0.3014125173535337,2.610033807396676
-0.28674944811814174,2.636516771911146
-0.2929712655818659,2.6131706947228666
-0.30990848683319505,2.601965830495134
-0.2923293974134315,2.5704288000293323
-0.29897105589096,2.589120013880183
-0.2867711476423146,2.6038572261994606
-0.2929305917855934,2.590638608903309
-0.31488357944939704,2.5752387305688433
-0.2677077041116424,3.683834499756301
-0.25463154267606886,2.6201377025478862
-0.2427416798778681,2.6067057012672623
-0.2342377194249076,2.6043366502358536
-0.23280532280438754,2.5960033085977536
-0.24537318541081926,2.601921046025028
-0.19295006586753732,2.595481356835573
-0.17197296539085632,2.610227964363486
-0.19455727639452194,2.6048993775606637
-0.20752411026273285,2.614838679452413
-0.21509971596664557,2.622188822290227
-0.22775095544740934,2.605887423112349
-0.22764720995167803,2.624366465199444
-0.22336613010840486,2.578955846330156
-0.2307865639227676,2.597855777971502
-0.2299350956310283,2.59696729982414
-0.2175656118878903,2.588361670973181
-0.20811406021436685,2.5693878521651423
-0.1773517238972313,2.6089229280425625
-0.1669227323720751,2.6233603010001922
-0.13389159023843003,2.582909638509958
-0.13122812137892206,2.6033547571101083
-0.12073568637472792,2.6017976954268485
-0.1391115872213973,2.607853152768462
-0.14516590176936123,2.643704766962933
-0.13700030603582294,2.615415793002072
-0.16741990559443085,2.6087914881882144
-0.16579267765637523,2.6333436414063582
-0.18657146017107318,2.586363618183102
-0.23307760575847333,2.6112708935599267
-0.24153960923221138,2.631992618393125
-0.23911880967898347,2.589290587878445
-0.22953204556096884,2.607078709368527
-0.2065382406734813,2.605238808393807
-0.2041137389073909,2.5997094551738025
-0.16798309831495975,2.606482699661351
-0.10774134647942986,2.6056358128182957
-0.09718442414894722,2.6258744894601644
-0.10322661567855602,5.090829349268457
-0.04240468256446018,2.6262648623163543
-0.04832892234180357,2.6238149901434635
-0.034991073926191434,2.602660559073357
-0.027549056605139063,2.5782746247616317
-0.037318742922397445,2.6027882993152947
-0.04796449978063277,2.5751491721875066
-0.04735566887769281,2.6186932616167176
-0.05817113309847067,2.607076895050786
-0.05694476219308629,2.5886719743555417
-0.04637298563770109,2.6014960602416153
-0.04955184030556551,2.626720031808556
-0.0320940569807075,2.628461193470385
-0.016147678336296423,2.5784741189934803
-0.004631336302418606,2.57143615649517
0.03553389735702213,2.600625173958319
0.04631554372772992,2.5863410003309415
0.047681121414289894,2.5946176915713455
0.08870021664708357,2.632671117333456
0.05514022471683824,2.582747294227351
0.047808839310155664,2.6272028076777265
0.04200006370546884,2.613529324056446
0.0029153980173682354,2.594043859140818
-0.014219549244971524,2.6186644925752987
0.004752718516655394,2.6105700437924715
0.009265722218170173,2.6299666184458186
-0.019502273197437272,2.6346427080748174
0.02420010296381069,2.613184397472884
0.013125916539836491,2.6475460184653983
0.045285735461261814,2.607166048823181
0.07715461649700238,2.6075498142772107
0.0770216099923667,2.6426133061766035
0.08822152103023916,2.6022335511426653
0.0891216483338363,2.623773251901611
0.1092939754233085,2.6183793853208783
0.11786719915916337,2.6172671892414643
0.14575181031120293,2.569457335187277
0.1639682587267185,2.6337661052067283
0.18311698302458296,2.610874383679305
0.20749720596166749,2.592859939601417
0.25321583177350887,2.5952641525591504
0.261130253704081,2.6097829862930957
0.2719680259140266,2.6359908847141624
0.30152207918249635,2.625523385950147
0.28501744894801273,2.5848813110969577
0.28449674350472903,2.6082174515448737
0.28917331795110784,2.595573904402559
0.2667620243461271,2.5873933428190226
0.2615196479602402,2.6349708065183353
0.2566865450845838,2.6287784110261305
0.22142419378293451,2.6195665356534295
0.23716329596243282,2.5912299314771556
0.24922028004706562,2.627919430541112
0.2729849146746508,2.6229938372046955
0.24836691903880248,2.6343887279598004
0.2930239946713061,2.6347977911620024
0.3034370761426452,2.6149518363737205
0.28255295295676097,2.6155996598461932
0.296848739941516,2.5880736443253793
0.3091887605567519,2.5905587202012184
0.28006191465712466,2.6251561796303213
0.27795259009400747,2.6085186784773375
0.30053832864310526,2.599979604718729
0.27316801100382876,2.6003147524155152
0.2854803121135675,2.6474242652222526
0.29719736505829,2.5951460834219335
0.26255713338980596,4.9915398671679645
0.33012147753211224,2.596979215214577
0.34116144792850894,2.6085233744763046
0.3260905146966677,2.6120079440170176
0.38340180364126536,2.5806608397490525
0.3467697234741376,2.6384450772308456
0.36369526809929376,2.601444971529442
0.3712936006810061,2.6288957246073115
0.31916705118214356,2.6010889325655917
0.33484909555390424,2.5949478287395893
0.3091846801430338,2.5521351645981474
0.2509400071843286,4.943031862322309
0.2839649835940809,2.5782560674829553
0.25334569823793957,2.612680460576396
0.24620623839751107,2.6125465892901536
0.22635314166179907,2.6096771217563868
0.24166474730276818,2.5944104913929813
0.2210346039762818,2.6088168523945523
0.24075882054847536,2.5704377095544153
0.2443961239444755,2.5984008806947925
0.2464664895183367,2.5983824219790708
0.2716023436703372,2.614524257546689
0.3027918112568303,2.6151032939262655
0.3197762079450696,2.5889441145895513
0.315276807589182,2.606097464401049
0.3556782495694819,2.591098183576716
0.36705082135855877,2.6231093503930936
0.3783186510420876,2.5921948104278436
0.4080601290588207,2.619012474296148
0.4403480099384144,2.6350165431660204
0.478898719732438,2.5816749850791254
0.43251571874652556,4.732942561765635
0.5112181891987116,2.6141518596544056
0.5364346843373016,2.62265989109204
0.5302724287730414,2.603415169551293
0.573919048647748,2.609345590878515
0.567516047697921,2.5895731995409452
0.5769064125075785,2.623824770036068
0.5801570419651654,2.6383794969785996
0.5724893184381709,2.618348854362188
0.5669319187944531,2.642659707478803
0.5579256172712522,2.580729963423676
0.5597922767800718,2.567820883297422
0.5574847011547058,2.5958251848665297
0.5394914908538619,2.602905738686721
0.5332040668021416,2.6143263544720514
0.5246102663780685,2.6040195541208266
0.4858057025336267,4.1977301385721555
0.5131861510679135,2.588252057856585
0.49891401794485624,2.621358344910768
0.47593512119721587,2.5757649473286337
0.4875013214450584,2.5924169749294395
0.4919330267004202,2.614385134383552
0.44025752638966487,2.5851574824415207
0.4833444222591633,2.62746829232671
0.48792424154485287,2.595904975902864
0.48215984497356273,2.598212109485995
0.48323080463142837,2.6074561131896266
0.4669618635694242,2.625149676324671
0.4578565239351149,2.5853380929781147
0.48501259686540116,2.6305291771523622
0.4632191648581841,2.600264995697299
0.4370838797110472,2.613807349616263
0.44267041964502685,2.6133791912041477
0.4480488559628105,2.591928859313282
0.45226243754828727,2.620366892579083
0.46597090605477376,2.6086166919334848
0.4650444229884168,2.584989873319907
0.49259801780098184,2.58553227137331
0.4828290461646523,4.6160777897688074
0.5333426171339534,2.590512949051352
0.5403395428048742,2.618375804804518
0.5558292254096743,2.5991875744949753
0.571074026767435,2.5227343379487137
0.5571943751712607,2.5948873895769813
0.5869983923033772,2.6215408837717655
0.5720309884258684,2.609485398225199
0.5659493719732946,2.62687823519911
0.5781030862801896,2.5954394329568196
0.5631170289582285,2.5897668933286764
0.561779298564107,2.584236164222334
0.5965352129708758,2.6022337925467984
0.5942521923030172,2.605006367065224
0.5795302410415433,2.6342718418748117
0.5923972254196612,2.6078404014738115
0.5969359027997483,2.594401080115798
0.5918292526837876,2.587779203245616
0.5659157033784957,3.4466059109919227
0.6101033664327626,2.6081338053021876
0.6108646560097695,2.6084714210002513
0.6033170344427533,2.607497218382052
0.6421105610808168,2.622047654149968
0.6177540516302903,2.610231130396976
0.5927923212300408,4.9441409305387065
0.6602226690397643,2.6369723156820557
0.6964987875302996,2.6234659192156617
0.7021721358756511,2.604249026957517
0.7640809498187147,2.6060783114063115
0.8054425721154425,2.6101325397015813
0.7814495649219259,3.32905727048789
0.8565724344718878,2.5707791603815004
0.8553398301189354,2.622047999103605
0.8385650801007668,2.600054758592243
0.8926682972317469,2.5990912910393345
0.8894446369406365,2.6028582744180655
0.9044629401843699,2.5902973576499995
0.9295345547815764,2.614275131843918
0.9743098905771259,2.651184218168124
1.0088732498282982,2.6136118245244706
1.0293492831939852,2.596663131120456
1.0465382357776678,2.612120881936888
1.0397438132890595,2.6087113497622276
1.051094712737354,2.5873408569689773
1.0868793491941107,2.606511287413542
1.0975403561385175,2.6042422123630877
1.0354475582230296,5.031850202771505
1.0997319994872934,3.811815513042057
1.1430553611070735,2.578654832154338
1.1277468063284304,2.598537822841237
1.1667509416017836,2.602477503077532
1.1790850719680466,2.6165371543504854
1.154813943391407,2.6020736827406648
1.2109362531631356,2.6243170522117745
1.2140976223538265,2.6008785574997724
1.2010135604089514,2.5756726328735815
1.181516052044217,2.612757905767589
1.1786009238940853,2.5608781840010195
1.1609365575124786,2.5989148131222466
1.152939851659213,3.894883635947202
1.1359514132132607,2.6295394046840825
1.094987139240521,2.638287121253089
1.0851585244908442,2.5985041499706147
1.0528938465848579,2.588737761702482
1.0222098992064828,2.6033299779244508
1.031238200868946,2.6187452897165775
1.0251341904282676,2.578171710499739
1.0150053692087322,2.5953607239915684
1.0242517402734448,2.6474905252913263
1.0454583932403796,2.6199295284239876
1.0853926934561056,2.611122574129898
1.102590612690081,2.6340489474518063
1.1193421477568062,2.5880113259987114
1.1427411779529915,2.4932310876367367
1.14079064439665,2.5693445782902797
1.15786889329672,2.590828351971465
1.1858543608711585,2.63654129169882
1.2293971789396996,2.576518552239018
1.229622287765254,2.5695202007172155
1.2320153633256559,2.624240881543535
1.2655152786133952,2.6179003392069373
1.2607894318487438,2.5988255385773935
1.2609732040714552,2.610538544627986
1.2819347281251927,2.587262366467875
1.2636851855509743,2.570213730713738
1.2553678118272318,2.601026087023409
1.2395825295516252,2.618606784477134
1.2159680105279498,2.643295178489012
1.1990985458011036,2.609859981053555
1.1928696800203256,2.585164604636638
1.1976575862077918,2.5857573684808375
1.2048581478692368,2.621675129545326
1.181290284791846,2.595801333055381
1.1755486893599298,2.6064810983330386
1.177168157757018,2.588587381061533
1.1731566419162136,2.628122401274715
1.1816179571949987,2.613439870979826
1.1763031706075893,2.5780740975923013
1.1857083278201164,2.6152509143811935
1.1605176534994366,2.623067350110313
1.1525750539520967,2.5803470388531626
1.1644782957391737,2.6427128170078364
1.122328860043057,2.6354377869654173
1.136130698555328,2.5855895167656713
1.109224770697889,3.4560914209181965
1.1147801342605113,2.588063180899742
1.1296582335655918,2.602905335246356
1.1323382192506841,2.589350334566022
1.126319237377972,2.5768706644391974
1.1593979422208696,2.6251171456172746
1.1693574824634427,2.6198374017925157
1.1946555645158072,2.6113161955758106
1.1913161378800134,2.615594646452186
1.1774080442065893,2.606482177142708
1.1802186664762004,2.5885385888125727
1.1859127359556398,2.613205369210852
1.186843959238385,2.5856711814015543
1.1520245852500668,4.17384167180968
1.1497388563075959,2.5873104097610513
1.1364666892620499,2.5987775846058128
1.1310896698502617,2.6059972567704204
1.1424749768073892,2.6395261926808655
1.1662735994543916,2.5616910161593114
1.1522518938493844,2.584332495796868
1.1516122605297432,2.622629726004987
1.1599576583712488,2.6295622280666473
1.1513669048497126,2.6014095676718725
1.2011291441529341,2.61786099491597
1.2272668644844311,2.5931980787921067
1.2124123444817412,2.5816925836750237
1.2486051230192108,2.6074130476239765
1.253582825134758,2.618321492756487
1.2906794378626425,2.602899087503486
1.297128232512178,2.5844794741357617
1.2725908398296628,2.604219249654369
1.2657931071538722,2.601763695222045
1.3013881398641804,2.6157326961969662
1.3004244285428983,2.576093560486223
1.3031003765976814,2.570809050202808
1.2775046995633885,3.7795003071938
1.2697118706612076,2.598358911955626
1.3020447216568165,2.591636803717178
1.266645669029803,2.6712576181543337
1.2629181658928752,2.607910250672464
1.2636401277407598,2.617019656083201
1.2201302508600715,2.6057860757719067
1.1973651787812756,2.6015230350817866
1.193151595910122,2.6370434850552806
1.1756322435055442,2.636654749203864
1.1879710370796288,2.6222362175555256
1.173969040619985,2.570224115480386
1.1718470980170739,2.6043716491613127
1.179439127075048,3.919032010009548
1.1777075288204375,5.012889574498496
1.2523390806648018,2.5698362061256907
1.2856463560653608,2.636392892026936
1.281102064420386,2.6151607246580424
1.2850955257876013,2.599568904329726
1.3187911832074641,2.610232408266915
1.3239149316537437,2.6148013078659007
1.3235360915497005,2.584117361626193
1.3235893589613876,2.6145090280200365
1.3055679078024252,2.6277244130632926
1.3080680939544849,2.5429811391829764
1.2688341917705253,3.6885567787173317
1.2715073481082793,3.7381772072744237
1.2983521439256394,2.631562335728959
1.3067645225912894,2.6439408849446027
1.3399511594752371,2.626375936512808
1.3422782445976906,2.6030681331555727
1.3549023136438616,2.6102149226290026
1.3760193085921373,2.5679664701002594
1.3708567894363812,2.5986837959199423
1.368403113065797,2.6203130703632134
1.3494913345556472,2.5692443511416263
1.3349268423020748,2.5894964699244754
1.3277653795267037,2.6214731621413168
1.288408962089491,2.60743852840567
1.2887078136359098,2.604654094536274
1.2812775839994608,2.6058268232749735
1.2606094897845401,2.6016954320492416
1.258286348693135,2.599927152877231
1.239664282765203,2.5995820798692817
1.2844313508701037,2.5991342131787927
1.2708083084815869,3.674084894567584
1.2861833718098814,2.6311342277786838
1.3507053469710362,2.6359638948505775
1.3385516944404203,2.6076610844225803
1.3545018660190775,2.611949211115465
1.4071517099678588,2.580674582759329
1.3804098487643228,2.605469256269785
1.3759966862715203,2.5998873731494405
1.3734575527766808,2.6151962099093518
0.18109774775777882,1.308253902800831
0.2700208567754402,1.3133647585714032
0.29900632192228543,1.1203849313706222
0.40159399036711035,1.3469651005008472
0.38980189109861035,1.330169764410002
0.41824694871938284,1.3420692236541236
0.479213681506247,1.3314465808474143
0.4301971329340346,1.2987223240429058
0.35133769324750785,1.3640062994252795
0.24084317573183037,1.3315903262955702
0.16617939628281558,1.3217833285101785
0.055097509563749675,1.329633629059161
-0.0327682774628987,2.0884263137825445
-0.05926201247996378,1.337654663134159
-0.1546026572454905,1.360185174682122
-0.17375132483172245,1.3664906379526731
-0.19875768955062872,1.3425481719883992
-0.23120172939395237,1.3265669382323608
-0.1982397123303003,1.3411579372119178
-0.21530345306511056,1.2977264476837889
-0.2463491691689504,1.3478380165848907
-0.24545048631624075,1.3410234474443963
-0.2780594201584029,1.3577393819352372
-0.30293411711602786,1.3462320498046627
-0.3102738991034044,1.3617769683023124
-0.2865136248688431,1.3434515689067255
-0.2915836875375762,1.3137761845400553
-0.31775194421746406,1.3399679675473586
-0.3103710860228735,1.3200979986271713
-0.32304920184683655,1.3092477044978614
-0.3353871352118031,2.3441866983499353
-0.3070453693476512,1.3194506644223776
-0.315258178463748,1.3478353675190389
-0.27655963965565766,1.3298920125690994
-0.2674019868936483,1.3173751392933295
-0.2451029401310483,1.3271201792919298
-0.22630495388175803,1.3450066046547617
-0.1981129922046425,1.347580530255722
-0.19727006612871345,1.3181575959388734
-0.19788058234053713,1.3558955342794365
-0.1997010204148681,1.3626997787346145
-0.19736443543208032,1.3273389245138147
-0.26244733725713604,3.3168885637219154
-0.24569047002848615,1.3240646222141306
-0.2514802867936088,1.3729872491913495
-0.27223946493695994,1.3102136045264965
-0.3046641225306144,1.3547866691046602
-0.2951818665717372,1.3526924171283297
-0.26480127322944935,1.3055308822847964
-0.2775227131293815,1.3217913488474082
-0.2414666697297536,1.311679215176777
-0.235661170649263,1.3429712320177605
-0.2532014332550767,1.350403016626285
-0.22164089977481377,1.3364649505501354
-0.21797222113495984,1.3396351561788218
-0.20506805967410244,1.339524154469307
-0.1786903091904015,2.522150252004508
-0.1355884087950773,1.3582607751552092
-0.07133758930103767,1.1816917690430802
-0.04784552820869607,1.3323063760460825
-0.02402572997484785,1.334424888785005
0.0061730310657896,1.3296515370145887
0.04777870944132321,1.3429205267096707
0.09500098213651284,1.3330415780022955
0.098326174768637,1.3499412615874393
0.08770479936341506,1.3296111096314005
0.07292216705124549,1.32278416758835
0.0754465315495627,1.34615981391818
0.04881390276435436,1.3397330588254133
0.039267297684474976,1.3434158647273209
0.029646609146834545,1.3457878740225773
0.01688478302518584,1.3462388858044678
0.00037135372270255177,1.3434761767572454
0.010499036864699168,1.3219462425188055
-0.013901698316713016,1.3210847860868529
-0.026513829977802827,1.3614033830201782
-0.059221318391049806,1.3414306773909523
-0.04793726939817883,1.313068841835049
-0.06528201774252401,1.3164113640447588
-0.12565491003704504,3.1968860942001864
-0.059873916822966486,1.3590910244030217
-0.0568966306810023,1.3535045073765544
-0.05932266921508504,1.3125151618158104
-0.03678017007146266,1.3655067953432642
-0.019858318822560943,1.3443827401470974
-0.02885377475207537,1.3122386237217978
0.005733622302479274,1.355005090765613
0.013475494223587485,1.3355462052525238
0.02584312690963152,1.3328252476047304
0.056140692746530114,1.3296792141982257
0.06901250518170217,1.340314107486121
0.08662007658021088,1.34919147588166
0.09113338547000152,3.3841375875754407
0.1668238751990442,1.368392618011942
0.18741420256278427,1.3161943189457634
0.21635661707304316,1.3558228805272063
0.2385627796198158,1.3050610017924311
0.24245957707688046,1.3463631058225805
0.29310688099455545,1.3596467681257451
0.3205387807827162,1.3637599028917193
0.3177883401900787,1.3331011130746075
0.34562972241563605,1.3615640549736916
0.3770862647771406,1.3309637213744683
0.3637733114736318,1.3428658352341238
0.3619021567989493,1.312178093211965
0.40348020366031834,1.3579162898396129
0.3970389553979264,1.35068392979588
0.3720431883460157,1.3516333460638772
0.39054128182524506,1.3204884083373984
0.3899935080198008,1.3380230671408926
0.39720658292362615,1.3381879365660425
0.38657016511156567,1.3525597791929045
0.3863608770559256,1.36530753832626
0.3751789860045589,1.3405252529465748
0.3632172313352277,3.0020979524050717
0.37940329488813856,1.329792255175569
0.3428396178682471,1.3505439896989997
0.32438195686777593,1.315279338268464
0.2834828462448063,1.3220081918648914
0.2736650055806571,1.3392713693042286
0.22314641576861605,1.3567323103043434
0.24102643978140342,1.3580781201625696
0.2215215283679957,1.295856584567278
0.24446349139600004,1.3285202762097634
0.2635053341769231,1.322639300968227
0.24091223589583852,1.3371375659162148
0.2657517726252801,1.3345415787819557
0.27297127632849166,1.34169593512635
0.2614321293888446,1.32456873825207
0.2418042003876443,1.3255603567901726
0.23671678195416015,1.3363781458345065
0.22512800649039472,1.3558193052945409
0.22624953382545548,1.3543696868734814
0.22177223763347795,1.3389491388236168
0.1770104404646901,1.3598805382495676
0.19243034773818707,1.3108755978387208
0.15604428069165696,2.4841571147138577
0.20904011681635082,1.3700038797755016
0.23683795023077406,1.3235039253847314
0.2225486177639281,1.3385003059047291
0.2360804366047005,1.3095810371863634
0.27335754485748026,1.3346786867073521
0.23991181043940332,1.3249865299912789
0.25850523241657886,1.335208483061171
0.2915450155232425,1.3629200558578167
0.29183186582097054,1.319135906753309
0.29474783842623803,1.3471137962478095
0.2868913381114009,1.3261277540957708
0.2945889960217256,1.3492887870992538
0.27939826269248896,1.3128210744295175
0.2568865485364462,1.336769845219098
0.2312854002836949,1.298824201586057
0.20914990758705443,1.3586008878153533
0.16985459665133795,1.300977287122202
0.1381085434354517,1.370133959485849
0.0913557740977952,3.3409689679897263
0.11358905106342974,1.334451602673494
0.09690532770759676,1.3130507787834662
0.1151210183420714,1.3362683248745613
0.11856817049756742,1.3425260834006212
0.12068688493813816,1.365792554758956
0.16921807939295738,1.3690666176947475
0.14782326910168989,1.3556091668337231
0.1365561502425054,1.3396838940364475
0.13474989544395413,1.3203868944370976
0.12160246359317892,1.3324229903067362
0.10446740394127871,1.3395009882049627
0.12298603422627384,1.3188519167947004
0.10016891515846266,1.3350789577259141
0.09077084004899362,1.3453613186585345
0.094655677892899,2.1966650158895735
0.07371983787303207,2.872477237957928
0.11103683602976158,1.3232193773562124
0.15488202143809676,1.2931137084625772
0.1549438066787134,1.3158281087767165
0.17719443455235148,1.3188337453160648
0.17500022347301783,1.362085247350011
0.21158694705068018,1.351862758392421
0.23747205595443827,1.320150751489171
0.27236812928328513,1.3388653354767086
0.31114155288589407,1.3765830140328286
0.3194097606728844,1.3536388225820886
0.3360924429757261,1.3517333749160498
0.3428161624034384,1.3116775977455342
0.3746408804318571,1.315902474633262
0.3741265887024308,1.3464511481065564
0.4272621438113586,1.3572948505484337
0.44392568013662953,1.349645180064997
0.4490673451882387,1.3236164058739102
0.4627511118340783,1.3657550668439356
0.47431404859870624,1.3289671090417852
0.5101132786558539,1.3039025751681028
0.5599380167657961,1.3470613852282958
0.552653468703938,1.3079431365940437
0.6112121604638979,1.315783150629615
0.6237507267318857,1.3396043938256252
0.5683898129157116,2.8149436863659583
0.6158520875399756,3.6544610617498647
0.6594116057357859,1.3331460611078834
0.676720679527087,1.324778095116202
0.6736680921807054,1.332514831315451
0.7056841493281936,1.3495163586850898
0.7062898525715889,1.3393395545297124
0.7189450780563938,1.3585758834870256
0.685038047877845,3.5425295670848285
0.713656285918693,1.3471355963128755
0.6996419752562507,1.3311475672803503
0.6993449595447604,1.3319382859719242
0.7021614372673411,1.3377928671137533
0.688548428615981,1.311638452171555
0.688719110807697,1.326870101879288
0.6823189814910268,1.326453537133672
0.7047146422787269,1.3433186459674642
0.7053421719262071,1.342644851031682
0.7127814103542779,1.3209058319336244
0.7497757111547245,1.321365162980701
0.7674647473733925,1.38001410975551
0.8048082103850906,1.3473111492791092
0.7975309409063221,1.3387946257504244
0.795758270743253,1.3408155817442597
0.8252467880799363,1.3334629415650592
0.8135636640145116,1.3427829312218043
0.8535530680249581,1.3379369854478123
0.85014346430281,1.3486733835560487
0.8357486615073064,1.3457253683707842
0.8390721034147037,1.329390544868451
0.8598063243599665,1.3176769709146765
0.8468000863433496,1.3078190127153744
0.8285245353761826,1.2989307133502888
0.8407171019208712,1.3029611921089495
0.8137772337083381,2.992710486277586
0.838353958320954,1.358657607463259
0.8418216790946051,1.3322844081014877
0.8409574681805478,1.331034932931368
0.8554139902381394,1.3118549244406965
0.8664721399169181,1.3503108632065213
0.8832933455927912,1.341575523131902
0.8737397364363108,1.371904239220508
0.897642487069846,1.3563863382913004
0.9357388636174913,1.3448373301724432
0.9490311738813753,1.3394166384658257
0.9835733699872138,1.3306823076600651
0.993578688347941,1.3271493236340879
0.9892878181073897,1.3455049673793449
1.014802163324003,1.3086439784752908
0.9373691110366225,1.328437920605739
0.8986823007934591,1.220316458800055
0.8724022687004033,1.3435197723153125
0.8311471576786349,1.3273231886640544
0.8054522012897696,1.3466383129218673
0.7976120081227542,1.3605472250956194
0.7593210183573544,1.3337207150696697
0.7507543708154859,1.3284134175083302
0.7450656968922009,1.319658979558008
0.7770749881271525,1.167850598740609
0.7434311270454863,1.343977705503004
0.7522886948305879,1.3401838797983432
0.744775559320381,1.3652276799441991
0.7044097315123938,1.3257273288617146
0.6916491868388621,1.3286540422142954
0.6648977831650538,1.3188711899501329
0.639930537470657,1.3522057234623794
0.6286381493509006,1.3348504485897086
0.6252956728276968,1.3345220581018047
0.5790844834355785,1.338540255934858
0.5572679684744961,1.3407329752345238
0.5715618652843495,1.333606205859131
0.5289275094461509,1.3464860456328247
0.541847763517114,1.3245633576632037
0.5634064811356254,1.346538566997752
0.5346916442378525,1.3535486955347913
0.564802118414477,1.322171666078015
0.5750592107494658,1.3429550618049064
0.5928356216960718,1.3734601737759347
0.5841207803107266,1.3362227794365216
0.5923355447997594,1.338880020186673
0.5789141144903385,1.3133388702727185
0.580731864646765,1.3535681344152688
0.5852838810061151,1.3541804581299413
0.5673184133912285,1.324201315566294
0.5839738984984489,1.3427514856051024
0.5819057406649943,1.3529207483338606
0.5991643479789229,1.3400984619443035
0.6086223008526561,1.3323988887241804
0.5940935444235813,1.3271034719391879
0.5800543483657629,1.3403674418052007
0.5634649927430938,1.3187085013457343
0.6022089082288704,1.338892587702626
0.6038502420927461,1.3389145152201423
0.604140812359941,1.3411636529247961
0.6224094432786363,1.3399381279774698
0.6322150691158192,1.3546834348668984
0.6535897071209404,1.3546764771961166
0.6753908558423147,1.3599066306365213
0.6978948023958409,1.3263138635079195
0.693889074351845,1.3354051243456804
0.7016336210913492,1.3262790926511172
0.7092858935598693,1.3533133015190582
0.7072382919607056,1.3220732235344645
0.7074276560114848,1.3553939364874634
0.7184308995476283,1.3090760205614782
0.6835515836912194,1.339945997239756
0.6640769251147286,1.342899064544559
0.6475966370966648,1.3609598875271662
0.6052875658478114,1.3564963777310088
0.5845846714589181,1.3272420770183566
0.5516843389517927,1.3361768807230154
0.5095742732216607,1.3170045071479808
0.5046318131356515,1.3272388815925034
0.4988829208775668,1.3262825880845788
0.4821060858004735,1.3273920825685697
0.5005112120356647,1.343397047080343
0.47684242338299987,1.319419116843526
0.44234071139768943,1.3346689950278763
0.45073973538620976,1.3436723410289741
0.47491621574603055,1.3538484527709904
0.488641055241996,1.3255923267686622
0.4983632216552154,1.3201695567317064
0.5082408339210407,1.3705745239189628
0.5029493044446465,1.3476214866493685
0.5429070006230982,1.3406321496111406
0.5755455643263425,1.315621821421153
0.6202905371067088,1.3252357637023584
0.6338443229726416,1.3215046483958837
0.6423469975179465,1.328811547508568
0.6833750128842864,1.350629565546901
0.698580480493368,1.1879801638933507
0.6796175912982195,1.3248946099046228
0.6752628103750375,3.56399474378443
0.7082813374055397,1.3401939477872906
0.6915311081254607,1.3331567649694787
0.6857839959332279,1.3096301022503554
0.6826556886783842,1.3235858367760542
0.6777576871399927,1.3466563661764994
0.6987912470870805,1.3139842729196558
0.6762813118101428,1.3284572035404847
0.6784523965115681,1.328456867877783
0.6679103323219696,1.345070958888403
0.6663494959184637,1.332644670086082
0.6232257065726929,2.5300683586691584
0.6147772028391897,1.3609932467918617
0.622728760958307,1.363928802385025
0.6021820319864376,1.3200813308943853
0.5906621456580285,1.3259525053709786
0.5608106360405735,1.3398259635909846
0.5760932355933187,1.3694813063070308
0.5779172330586351,1.3202787390761785
0.5679156359641684,1.3371168683440058
0.6207533239581637,1.3505543252646344
0.5979005977516746,1.3081399841848331
0.5988840225555054,1.3321954818709847
0.6370858108845017,1.335639259348327
0.6448862472444651,1.3657462618220488
0.6177184585375343,1.8543873068472476
0.635757576188089,1.3325887919002268
0.6312419991125094,1.3542644471433787
0.6245954117334436,1.3444255148802342
0.6305553735925312,1.3546573440183831
0.62361086386071,1.3317414582271785
0.6304311165525601,1.3470705377376737
0.6039036219438223,1.3253186115871973
0.6007344560862593,1.3756404832390905
0.608911434698895,1.307733559781276
0.5859136363981142,1.3525960931246916
0.5574909294695098,1.3208588218152661
0.576517867013226,1.3667510169513657
0.5501128649236077,1.3558619249758508
0.5611750312094113,1.3544909005961743
0.5691596605442818,1.3459602555520451
0.5607034377384219,1.3401552205744163
0.5202191944557609,2.021669965536585
0.5571130945988726,1.3362655587791028
0.535924044027474,1.340874582051054
0.5340606335582538,1.3343258399616562
0.5512809433408871,1.3205370509309629
0.5467544247808415,1.3499022373935767
0.5362204980067702,1.344213755510926
0.5346140717900473,1.3366309032972334
0.5627387307192697,1.3499890370742196
0.5223173628567295,3.562981727796733
0.5160138251856233,3.312156145985705
0.562778067097173,1.3379638308527402
0.5569300418791605,1.3500323469576367
0.5401556625744468,1.340279365435884
0.5279958340290224,1.3227482316320902
0.5197378205412332,1.3199754664865377
0.5204079438204016,1.3308538975773259
0.5483423135132627,1.3320887342237946
0.5347283872553015,1.336553627072758
0.5382471157790221,1.3377369163757862
0.5524990469880308,1.3307721400365766
0.545249494818022,1.3327106432413112
0.5633672143571192,1.3261018152700998
0.5880034360087711,1.3376928703305127
0.6003978176412879,1.3258924782362076
0.6288978198235772,1.3089634364231069
0.6398613971485638,1.3113705514746883
0.6459782649633282,1.3210302287676599
0.6681309211540956,1.3541641276887781
0.634148644531467,1.3495748598869337
0.6803747511349115,1.3696944277073408
0.6653947136923737,1.3658873648361862
0.6224921867352476,1.3452358260977961
0.635098539085926,1.3233365854351848
0.6005094250861411,1.3332921434287917
0.6106913887845177,1.3406360857796356
0.6166032349139532,1.3113082903813529
0.6037921519737072,1.3618214514899987
0.61979563319936,1.361763408813133
0.646277340829591,1.355847571619363
0.645467718009589,1.30810171460478
0.6844712639488408,1.3277720329568932
0.7033813900327491,1.3776052775373064
0.7327931082531667,1.3359012812274131
0.7659369887036344,1.3446073703907304
0.7554341659507645,3.5881524027710956
0.8023606227547374,1.340791858603468
0.8040896678163408,1.3522727559930974
0.8116130248636714,1.300882077600269
0.8118531598809471,1.3565117135869627
0.811594928572034,1.3513030658097638
0.8427524741327984,1.3637733608130838
0.8373722493547485,1.3148713981215365
0.835746411923785,1.3300987275951746
0.8602872435543969,1.337825436365595
0.8635576003826826,1.3611868622019778
0.8727392536046147,2.4130255768616378
0.9011680714246064,1.3180462490949103
0.9146030404609031,1.3168265097026315
0.923850384878789,1.330446232690213
0.963439903490984,1.3466171015755712
0.9365490379189001,2.7342965414048948
0.9893787313658403,1.3446956715860394
1.0025075209070493,1.1854907502268968
0.9902124933595876,1.3564802458054177
1.0208027459585198,1.357903533676795
1.03039876200271,1.3240762125369332
1.027507913070204,1.3440730922908248
1.0554381861255175,1.3594258870211298
1.0441428934869479,1.3160945624970712
1.080358633129099,1.321493302067616
1.0884425281109247,1.3217589376867955
1.1291420276209274,1.3178957799727573
1.1406941821570433,1.3532385181523776
1.1436671247417303,1.356886230316171
1.171184887129695,1.348970705195331
1.1939157855204927,1.3387619772107513
1.2126915029403198,1.3306468439486523
1.2271287287177266,1.3639519662995865
1.2284858003298655,1.3497568163350038
1.2128778163171685,1.332125346363267
1.2487900135493764,1.3356996173924514
1.2992095837196642,1.3476652226490835
1.3427382383440578,1.342945726522092
1.33015135680436,1.3155752641890395
1.3419463070728097,1.3102305778136996
1.350696634271614,1.366256751932022
1.3545275336029565,1.3304177953537715
1.364042805452014,1.3532963241517253
1.3564346248944374,1.3377528051830658
1.3614863948957783,1.3430552300001548
1.3015981437204078,3.3239088260204883
1.3315249433654466,1.3381226115981113
1.3393736999472636,1.3242410950506451
1.3329812256591997,1.325640072583737
1.3227712578835145,1.3197996728062347
1.3109491334379275,1.3529299206749728
1.3263356763500118,1.3460976899920534
1.3258828401789633,1.3426688644902438
1.3424416696021166,1.3414971093199028
1.3379343240018984,1.3106754278802122
1.3360308926642857,1.3311854728408188
1.3573804996032233,1.2496842523779588
1.3246043077404621,1.339844247086559
1.3028809061843454,1.3392047710025248
1.292733984794806,1.307960295295303
1.25282412006993,1.3499845602559644
1.2583757178536787,1.3285739826368024
1.2230600243362937,1.3470216511411515
1.17393118054897,1.282879936490452
1.1350443801750942,1.3268778436128448
1.100410527835161,1.333675548138947
1.0958578273054176,1.3655888152042974
1.1035038552445173,1.3388669432680127
1.1022413490590137,1.375215939198153
1.1188668396717492,1.3759119025828015
1.125323543815883,1.3511923992963728
1.1032753902983106,1.3395244117609937
1.0932511586927216,1.317038188386091
1.0970632226299388,2.2088470067838104
1.0908156866302787,1.3703809333626085
1.107865075737989,1.3307030797957833
1.1315019869200547,1.3240721869270897
1.1228325662595455,1.3424493341416204
1.1632362318856286,1.3187071393763738
1.1957983607227467,1.3453103250154699
1.2005869932220798,1.333113210946441
1.2191744378763207,1.326375625318376
1.2280036385740012,1.3539056592029644
1.250439098653658,1.3256511215183109
1.270203338716316,1.3002371059018631
1.2703091948965874,1.350369276965195
1.2330116436539396,1.3701351227273513
1.191091883840045,1.322180392426526
1.1746145278015891,1.3008899398510798
1.128265849300803,1.348593661886748
1.1083041989137918,1.377288217181396
1.0744857652921058,1.34002858113986
1.0314514188246455,1.3208774976003637
1.019604955707505,1.3465683831539066
1.0141274482282585,1.330864832001604
1.012617160727242,1.3091417657981235
1.0421240141428627,1.3251939752575732
0.9956502672886096,1.3237567915200945
1.0151969400999843,1.347140978862954
1.0348899410537389,2.0789609463589818
0.9983871625198336,1.3326002482300827
1.0597838094179324,1.320676067848865
1.0369188844071657,1.3091098976253006
1.052797628545314,1.362674840091544
1.0771681516782532,1.3187779063685483
1.0757073721593844,1.3536085523027128
1.0925351882401164,1.3437138697459219
1.0977187176713425,1.3489654975687273
1.0589195767552808,1.3342300615141198
1.084749977620002,1.301894326349038
1.0700546033702227,1.351094409914296
1.0552860367004955,1.3216562218767596
1.0550687111472388,2.75169540055385
1.0825062632752014,1.3310235474974836
1.079452170375092,1.3200143979618009
1.079541075494268,2.1732666590982217
1.09653033235586,1.320930723333285
1.1157953853574787,1.3385119981940803
1.115462015666594,1.3429065515650356
1.129966805553736,1.3313435969117347
1.1379760381411759,1.3522647469882434
1.1853887558502194,1.3469590694268316
1.1849618369691124,1.3164295227949427
1.239177775709219,1.341324597151334
1.266946242291491,1.3385453466666744
1.2728253485946819,1.3154294456436388
1.3061029042245913,1.3138165196537976
1.308395073894863,1.3632260094018276
1.3176368037219266,1.339739167142692
1.321857110912076,1.3443526942946435
1.3118387790467998,1.3357678550211662
1.324436287912269,1.3452339581483268
1.3402651988835423,1.3589045137200786
1.3174071514665269,1.3343916453627174
1.3173300057809376,1.342922260704095
1.2855355805816704,1.3284740733244589
1.2701409665500452,1.350309764490728
1.2392583360136387,1.3255727701925628
1.2436513456637925,1.345193669151791
1.231549242249607,1.2999167066433455
1.2230905905546667,1.328112859405044
1.2435321905886458,1.3398123502760113
1.2494508817436145,1.3077444097589683
1.2655614396935082,1.3482513184641889
1.3227256416506448,1.3069581505161683
1.372237110010317,1.3228415385817234
1.3872538895893654,1.352258468836115
1.4962324139954712,1.3202592268235438
1.5299884689971344,1.3407538892968507
1.5300117601948038,1.3214618293940992
1.566812550181169,1.3264356546512799
1.571065603367471,1.3249797041106104
1.553006193801563,1.3427669374356834
1.5411575165325153,2.628474822165412
1.5786190078634972,1.3467265251002247
1.543617334216849,1.3509392084679632
1.5377190791200477,1.3334144318049783
1.5421974206664208,1.3366006000020865
1.54652281773522,1.3073166817371222
1.5576412801395478,1.3384891848912412
1.5435816073543245,1.3039583265216248
1.5094495215904027,1.361081961235093
1.503770768540151,1.3316495507797896
1.491682640797355,1.3514158147234467
1.4863542372005112,1.3254739045801445
1.5014417550999004,1.3455524480266037
1.4523103611050034,3.5843675577902454
1.4548113678718784,1.3067979887437933
1.4512384899990378,1.3315933737525298
1.4155789200569373,1.3388601510370879
1.4003740629326566,1.3155263011055252
1.3898374797848894,1.3349443380385697
1.3254491488301654,1.3113406653027726
1.2934315122636018,1.3528127561599792
1.2719708842681894,1.3315892826896332
1.2228481198904295,1.3226655678350572
1.2431159749111513,1.326667685814775
1.1915901105865208,3.6304073190051573
1.222413436097579,1.3266389455969332
1.2640297496653403,1.3287031758542143
1.2240730359712177,1.356434744214699
1.2627393613873368,1.3689921605051532
1.311634418983801,1.335101700634897
1.2801714878450778,1.3737752225964495
1.309499185791617,1.3515886641567783
1.3233079017155864,1.3447621362825914
1.2879992631895785,1.3616116425482427
1.2948278338731596,1.3264675542707651
1.2876969244452563,1.3596810690760035
1.2490340076869686,1.3108480388695536
1.229290048573282,1.359135935528319
1.2105251926242393,1.3591473605984588
1.1779812901967635,1.3321710039033627
1.1242278398972867,1.3242114212534188
1.0953279725339158,2.1609845276632087
1.0698678700541788,1.3394593302465863
1.0651789490431502,1.3087539755690272
1.029658552710488,1.318680821724831
1.0072534779862452,1.3589357573358516
0.9876957791041179,1.319274420896214
0.9986438775730904,1.33923308443733
1.0112308239835606,1.3340628234413343
0.9961525968566197,1.3318006729697516
0.9882276948603201,1.3111261844868811
0.9903851249407374,1.3172349926214744
0.9815046528545438,1.340478132892834
0.9813252842861153,1.322714131853863
1.0026879683234484,1.3311528620865096
1.0137621764266225,1.3179503867007007
1.0292294659564205,1.3266604872924526
1.0221454264710765,1.3465961090978604
1.0456111972920301,1.34979838105624
1.030464658083713,1.3482399617843255
1.0462830995036858,1.118713551581951
1.0771641102225957,1.3345512776288726
1.0981267470003964,1.3490978136600715
1.0886031316273574,1.3225453896819552
1.1104635957205427,1.3107345325092585
1.106778428925565,1.3359285395628873
1.1511690949124658,1.366530626773505
1.205162130072759,1.3411545854774631
1.2369065216030652,1.3096703583716487
1.24540638024435,1.3407954395282602
1.2795780545567728,1.385078244573491
1.3042419929113298,1.3111588085620287
1.3263017252644083,1.3024299437083413
1.3550421003593356,1.3401682965787884
1.3570061752875788,1.3295918221812453
1.3679831910017641,1.3312349401190473
1.3514345816682862,1.3167530912448149
1.365034328820085,1.3179173175353547
1.387691831012743,1.307559972694545
1.4057413387325268,1.3221167582038287
1.4256585201624208,1.32719322691627
1.4425348975382533,1.323204654454487
1.502853448576015,1.3498013021820707
1.524637917822027,1.3217777247640303
1.5329356981617062,1.369506337007225
1.5341720595507817,1.3525561872277863
1.5392202937712107,1.3521977119946293
1.554167227311817,1.3588120906207377
1.540377358133229,1.3045826802932123
1.5306455223413067,1.324500496457103
1.5090673359085636,1.2920728752667796
1.5324401881482592,1.3515033377207972
1.5120312194505412,1.3163526942380868
1.4366210107429669,3.6383350827466807
1.464504238536196,1.3258108861123277
1.4516498886485467,1.31457653446701
1.529044664781624,1.316873239925257
1.5380042594058532,1.3239592007857086
1.5548644545384693,1.3204865862289628
1.5932273453462278,1.331622925197729
1.5926562469097127,1.3508478198788587
1.6118659255467633,1.3634494014538536
1.5949031051596354,1.3310766514911128
1.5968110368742474,1.3190192060103745
1.6086655975314865,1.309493794708953
1.584315614547242,1.322369931115422
1.6075710531768288,1.324839215592915
1.5776891917796145,1.344061419191544
1.5766298815944957,1.3116966464977096
1.5901032077533905,1.2987545402426628
1.5987966076936757,1.3469164387796337
1.5837180369968789,1.3273778123118583
1.584122135928474,1.3107952502881668
1.5512126129420185,1.3511392520855883
1.6095010228093083,1.3224721425856094
1.6297374730920746,1.3546379404945736
1.6191349821110084,1.3310208743029226
1.65346997967709,1.3470919946186957
1.6510087743396986,2.491086147047829
1.6580258391083955,1.313101410803376
1.7053483941328693,1.3453509505547854
1.7314771947013952,1.3253571111151174
1.7524966088576455,1.3427011896248504
1.7640199204692315,1.3502162554254042
1.8138398417859731,1.3606712980386229
1.8228640610737084,1.3340468144219726
1.823445616946531,1.3277125215334746
1.8513942287611926,1.304263207422251
1.8782030685839834,1.329981802156601
1.8951990159833052,1.3523021242706308
1.9199307137710442,1.3544465980691753
1.9194679877371041,1.3228024241462537
1.9148946381469745,1.3520184143576743
1.9280613547430316,1.3471860127251052
1.9106656589702293,1.3109388319659345
1.923553488943002,1.3548192159793178
1.9619562562466972,1.3472991810639061
1.9657973852147343,1.3071965193202373
1.9514284376733677,1.344778346308501
1.9546484074198978,1.3035436006017722
1.9379250973469526,1.2919007098589248
1.9352495124304734,1.341467421133953
1.9374489626129558,1.356411579394925
1.9233613124506026,1.3383476158016125
1.905393845409606,1.3229918324094194
1.919758225282135,1.3510585626463016
1.933479453807987,1.2989236324676847
1.8852617508781397,2.179744180002274
1.9318662824716382,1.3146855041909364
1.9645905067089182,1.3519627288489215
1.9727341768887707,1.3256551833318997
1.9871371877923685,1.362359878059239
1.9883369845730996,1.3508038676599143
1.9893478234827453,1.3484597578109312
2.000230256049115,1.3317936958551904
2.0042435074959366,1.3090595936364833
2.002365863842086,1.3157291482030524
2.027033226439811,1.3335787779956236
2.0282359989426637,1.3548622473473697
2.066711453201112,1.1656651373672857
2.021530073043734,3.759084274098133
2.077925501740125,1.3535803307496055
2.115631703605645,1.331557220092265
2.1248452820620325,1.319696846105142
2.1356025182103777,1.3347466801276053
2.178579678579281,1.2378312663243307
2.2031396377107906,1.352207114592103
2.206163711276083,1.3301807878417793
2.223237635980733,1.3031742837024995
2.238747336106667,1.3336697943980058
2.214490248815227,1.345535952618783
2.2059378342507636,1.3528997964780023
2.2154110549628467,1.3080513963438267
2.203335230607085,1.3445688935093263
2.2190137442915545,1.3430443278654163
2.2116746983185105,1.3285566972674936
2.2031197555786277,1.706799860683255
2.2212961897079566,1.3381463487891023
2.2289069019300554,1.3088651848732735
2.1817146674426855,3.356445548962754
2.2073306482440582,1.3288320559609899
2.206534593795236,1.3620258514124044
2.189228124449928,1.3208243769556167
2.2244643557074677,1.325038866081305
2.2683624440437136,1.354127103591068
2.263572722431152,1.337005272609198
2.266640562491312,2.7800072761129635
2.3260150370204116,1.3019092042232374
2.3263001490337682,1.3443133022598766
2.3731956445454827,1.3471558268657016
2.380302803637527,1.3311668940252641
2.381984198556127,1.331678414092
2.377319644440236,1.323287483086607
2.3800251648891027,1.3082963851616445
2.4094886682818646,1.322159472615778
2.4298558688445206,1.3264760511943825
2.43602405758149,1.316721544896155
2.4816422186249847,1.250756868523249
2.481708360708771,1.3546996661725759
2.420913135292333,1.3763786919220176
2.448416720180606,1.3234671270304885
2.411529118087468,3.196340643514894
2.421528782850817,1.3330542742143667
2.4251378338127476,1.314227163032129
2.4787664323453638,1.3279844231574502
2.4666261918076144,1.3504803893893198
2.457464521906618,1.3148350933985342
2.491749355935205,1.366597994625712
2.4821426070984134,1.3300965540659562
2.4301266495562044,1.3425568675761226
2.4838098817028853,1.3365787032181633
2.450414539909457,1.3257021861954024
2.4392744250008347,1.1651732913691384
2.4244927341745184,1.3276290082066482
2.408819730222424,1.3395739970726552
2.366608102372088,1.3496278528654004
2.3818321973964216,1.3391447973513446
2.3906167463114394,1.3359285758010897
2.4014227962649937,1.3253994946413434
2.381969822381347,2.0285841058032057
2.3936628100514987,1.36356717630931
2.3871636855887135,1.3451856306562737
2.3974820573141327,1.3508598525110191
2.4135498608752592,1.3150920356022804
2.394196391644595,1.3274710647963517
2.3980449969018807,1.3479250671791907
2.417132691039063,1.3067300935757848
2.416955074047536,1.311894517971936
2.4281936803431794,1.3236622484829266
2.4604089016784565,1.3252862863678323
2.4295064127428696,2.390073920190772
2.4301029493472557,1.3365841663493538
2.4761017829711363,1.3339566141114172
2.468725564328691,1.3205473230682747
2.4607673544505957,1.31793563873032
2.4990563574966522,1.33771640889419
2.491394370136129,1.3155748182713316
2.473702480402706,1.400155237254996
2.4648105088874046,1.3546447615663648
2.461018396747576,1.3334288460245018
2.458289006164589,1.3312917460598392
2.4418306810636263,1.300406343611114
2.408519157747063,1.3455480612330442
2.402683967850745,1.3298954421945055
2.379664717836618,1.369422567359736
2.3959522046204333,1.3367480168089674
2.426005491642351,1.3480282199247449
2.418936984684963,1.3265516714036338
2.435310792069837,1.3033685474348453
2.4465753480805987,1.3337358490688596
2.440361592411807,1.3151008053185913
2.4382947885199395,1.3251054143227834
2.457441785995726,1.2833982981059435
2.428331728416101,1.3209007251406568
2.4340664555565263,1.3371088691207165
2.4316030009895657,1.3095135949617753
2.4692082845466876,1.342103382324362
2.4620322660533334,1.317351756405202
2.4088452171455685,1.3413253492580046
2.4104774956471364,1.3411679222293162
2.394507992865942,1.3549076227309194
2.4095837487912632,1.2872201400824046
2.4439839801531367,1.3199836891792425
2.4160584903718503,1.3245523420931629
2.440090921473263,1.3122973787747674
2.4420557086447414,1.31147762788819
2.4588408670766415,1.344701853179064
2.4586017080361886,1.3398227794417734
2.4991011112171058,1.3130171230284744
2.516183133916532,1.3393710583070104
2.5446883803655598,1.3593384733130307
2.5854256077373523,1.3534891658514736
2.583409448202767,1.316769830195484
2.590140410054901,1.330042416554755
2.5959216526515205,1.3385091656895558
2.6063220911793503,1.3423837288419516
2.5782289537899943,1.346912139143044
2.5625293323968394,1.3313835930436244
2.525964920402007,1.323771426532543
2.479406434911382,1.3265553106454901
2.4622558898727984,1.3464596323167708
2.444308503568565,1.333390948344108
2.426150339137185,1.342694335093293
2.410157858671311,1.3381374888396247
2.403485565297364,1.3360959444450289
2.3977688154683325,1.342460345859476
2.40787278615993,1.3007144257506469
2.413622216130947,1.3300834282903213
2.428504701125182,1.3317132020036104
2.3885461681466023,1.3395009009185395
2.3839055948530654,1.3550084198954253
2.3894916543224127,1.3247892929366025
2.3569918656031703,1.3207300199932333
2.3544979462949627,1.3649448977582492
2.357821333091694,1.3007783912219442
2.3255854387315344,1.316751069393734
2.3302014556066175,1.691347154609507
2.2809321199334534,1.3673619820284817
2.2172644434690243,1.3412525623879892
2.244312236115121,1.3193076230261969
2.237556997383046,1.3554529311459007
2.2547456661357463,1.3609998799589733
2.2281181014194598,1.26050396059276
2.173516354124456,1.3583996218472592
2.1915283497007234,1.3377266385702156
2.169384484144894,1.3394855230945817
2.2089527317233513,1.345711561946085
2.2289897027157144,1.3233852074003278
2.171223559933231,1.3652519302778392
2.175486567117556,1.3416538798624031
2.1898315223867466,1.3407491983429805
2.168320162685359,1.308499241268652
2.1974922781115946,1.3180717791555139
2.2160396733154655,1.350878528207344
2.1697902939297515,1.3490763770107645
2.2061714719412784,1.3239032639610533
2.1901282496181333,1.351554804955889
2.1659527670343235,1.3218563710062927
2.1729854914888307,1.3390438017367081
2.184789218561611,1.3422384513402046
2.17954461955202,1.3297857933807957
2.1639252696751585,1.3581092209675842
2.1614480689889968,1.327066277675817
2.154676001863674,1.3234429192415769
2.142044856186964,1.3243397155502845
2.143763026003172,1.3307356564184143
2.155756543027225,1.3137531355825562
2.1331832517924045,1.329357620551979
2.141543902908618,1.3557760209447045
2.12106272974298,1.346851283531612
2.0962403510456697,1.3270344025516512
2.1151816422929404,1.3519652452890931
2.0983094721549134,1.3298016078127852
2.1260266781132264,1.3438655461069546
2.1351253216422212,1.343698811138198
2.12521353063695,1.306863577469747
2.138516150693949,1.33740315616469
2.14398717027669,1.3574262601491516
2.1473179120291017,1.307679324216394
2.117270040444809,1.2923759208666499
2.1304661706789436,1.345142724956825
2.126436267980169,1.349083384235477
2.1219975841824867,1.318021457053905
2.1470767766652816,1.3310688567193636
2.1427079972101866,2.1612255589876823
2.1723457272865154,1.348387577081742
2.210448331079495,1.3153451626043955
2.1939292198196436,1.3348140170397442
2.2084687115753225,1.3433316999818776
2.181807306534141,1.3179399922743926
2.1976339978066743,1.342526594758946
2.2193856861590415,1.3300120213445117
2.2210583102389805,1.3483543215125309
2.237436163529954,1.3520551710009237
2.229383495516854,1.3089115442788148
2.224818743524569,1.3401924518800346
2.241954875702031,1.3291053702695461
2.28873514875611,1.3117880874785752
2.3242134569697703,1.3093420576802992
2.337433222080821,1.3413186345428043
2.370734089570675,1.3538544157230972
2.355948376669437,1.3282927437173973
2.3478399565806702,1.3157572013141265
2.381261008438233,1.3607612416545707
2.3575379566836614,2.3999933827091446
2.361263367923692,3.1891412162134842
2.3563196024630426,1.3332656198191575
2.3694316560117494,1.3211230933164293
2.3842096014728473,1.3392082855904945
2.3925235055586125,1.332918238104624
2.402052527604147,1.311627791198336
2.407114798276851,1.3279779879106548
2.4418411733340144,1.323960035697808
2.4290916439828742,1.320682106191996
2.4203497880732643,1.3470078028443029
2.4627600560607323,1.3282333827554802
2.4362204755940904,1.2992341916651053
2.4217698100846947,1.3307209863321965
2.4365582490869087,1.3116090278389692
2.4313182148980226,1.3183335897707684
2.4376740675621433,1.3378227861518097
2.4251225075295584,2.390955197099122
2.432604895326568,1.3007616428523714
2.463768931097883,1.349791641061811
2.4747757075801915,1.319958447323123
2.4451224879598685,1.2900429110234743
2.4808512226138792,1.323763423205958
2.4919214930758784,1.3494942745222804
2.4720993366892654,1.3529768605104118
2.5083919458646533,1.334591286192495
2.5040591742034803,1.3296839349609588
2.4950023901664506,1.340023032283183
2.4536280440500677,1.2973611781808008
2.410082587649594,1.3340704174963722
2.3880017094138473,1.3129649859636958
2.3452199073801894,1.3280726654353943
2.332018461767612,1.3481523005155696
2.336217157343929,1.3645168736307989
2.2871944310689156,1.3244909260919988
2.2953613196471974,1.3420727984674334
2.2751309610660693,1.3292314223377601
2.2761335631066215,1.314950674783684
2.2831295296608607,1.3363835632927252
2.294454383974281,1.3585386290803398
2.258093358571628,2.7783670465318773
2.288322329633659,1.334998817123489
2.303674926972095,1.3245274932028672
2.312771672555385,1.3215968888170633
2.3140763492996594,1.3212087211202177
2.343173719124337,1.3200990785859712
2.3267082519463522,1.3318280419556914
2.3440638496563175,1.3073107837320395
2.3485156848666144,1.359164592138446
2.359661788294499,1.3563358447054925
2.3920981571509423,1.2430621534034274
2.4034908811716003,1.3340746918190691
2.3914114769507986,1.3360849083847692
2.395775147826866,1.3135274064697133
2.3936685889724107,1.307337517109427
2.375200130875383,1.3073714626852488
2.4005989887700054,1.3141239460924123
2.3846213979921886,1.3572097043451024
2.3865107135351606,1.3567788740907325
2.40729781040249,1.334300950200338
2.414712504474889,1.3526893488149099
2.4265269705676396,1.3517367342133444
2.4622839790015667,1.3614613928072419
2.490971888150798,1.3405318711930554
2.5060918253650177,1.3497544574035851
2.5427247961019357,1.3168221699670142
2.516079304158244,1.3476003064279012
2.546964154883772,1.3285020918634098
2.58603683883138,1.3435549685138979
2.598800506841699,1.3314937167097887
2.5939663192790503,1.3338996232917348
2.5777945964446722,1.3286858150329635
2.586709368321291,1.3305437696304085
2.610332222213341,1.3034848318154875
2.6264511865935716,1.344177670064576
2.6355588560536427,1.3180399391371196
2.597902494492986,1.3053147816983288
2.629287268905326,1.3307813470837222
2.6410402522976333,1.3322624731531305
2.6209264601053697,1.338854032910394
2.6292992658860945,1.3340207950963288
2.664477554032439,1.345853135766175
2.6789369476846403,1.3467457659798714
2.7079226551117066,1.3236452141175532
2.700459537788117,1.3419923764304078
2.706049262369206,1.3021188281557956
2.7247006452776774,1.316569083837944
2.704365459530269,3.000195424668236
2.7614723722434,1.3160188750182225
2.756340119927843,1.3109406810776805
2.7592236623011743,1.361627393430482
2.7879746996337085,2.5627029671768713
2.810233469827546,1.342950781133891
2.8211813731215254,1.3643641615910451
2.844611056273015,1.330028438744541
2.8363963893079673,1.3125183378148042
2.7986766925007585,1.3491614425026066
2.817870081631131,1.3381466813550196
2.8075837201418774,1.309223997225559
2.781468105569339,1.3381541745851346
2.7989723508145286,1.3217321538086488
2.8141032757488373,1.3541609326495
2.7744663656142508,1.3479955244343
2.7846301081831784,1.3391247995474969
2.766509819999671,1.3249150412579551
2.7258353933675203,1.3650648895938329
2.740151340430055,1.3394958999938968
2.6910179029876056,1.3469934787555855
2.6562349767843005,1.322789013265653
2.6937199032607104,1.31430059181163
2.6824393672317552,1.3651103224722059
2.683296898665682,1.3424762395837928
2.703741617420065,1.3332121423678636
2.710147948779089,1.3270393833348675
2.6883878159695214,2.902506245611344
2.716002969270635,1.3219143844302164
2.7252727350063934,1.3483067696623485
2.7025027782274345,1.3089832363938132
2.708908069675345,1.338958485791465
2.7105458289461453,1.3360313796540095
2.727974231795492,1.1459224496983091
2.698181374480142,1.334315341123343
2.727069066177702,1.3488397179281668
2.6822955447183014,3.7273667092225997
2.6750434608826783,1.3544409265921524
2.6739289846091236,1.3464020584627585
2.63933412847404,1.346862021282809
2.593950122454738,1.3298013670256723
2.5878062974312006,2.8231651650452387
2.5955683925096595,1.3451253020313474
2.609210869501957,1.3373976438695954
2.594506765766858,1.352503299024474
2.591181080626019,1.3196359817350665
2.5958910856883772,1.328022114973134
2.5943187718877994,1.3377896154733355
2.5866085584968497,1.3234308949828613
2.5933946817436637,1.3311190267379078
2.5914567736691914,1.3251822912160454
2.610758679140545,1.3461545835701707
2.610165981375005,2.0383385566600345
2.6140146239424285,1.296384845469436
2.6067418400322095,1.3208796344619322
2.6276065878153414,1.3523384676637282
2.6364973258601228,1.322228510168486
2.6205400156578866,1.323100215733342
2.645721828927592,1.16645478484281
2.648896733435656,1.3458650201816795
2.6360569968323837,1.3171316743767296
2.6550951478818754,1.3452539214651016
2.669608664714228,1.3691092500370303
2.666865150711061,1.3419581311139415
2.6843096497191232,1.3077961515777836
2.7051556817012585,1.3589915665898995
2.7453730462238166,1.3633192583564184
2.77164763591204,1.3504614818101006
2.8043953574197733,1.3195438257124936
2.837585635465877,1.3193498647958166
2.830353943877574,1.3086999076215298
2.8402668334926235,1.350233232429388
2.855568301007827,1.342052564412575
2.8709078359257254,1.3560711122790512
2.8705130671034453,1.3240404930419696
2.878038904334985,1.3605737794865151
2.873272519477589,1.375012482030826
2.864569417676892,2.7720130356756214
2.8599441014702953,1.314849760491486
2.8724340295168957,1.3433301117353664
2.8528325406400477,1.322808277880226
2.8522753291957152,1.3258268630075876
2.851070454124702,1.3196093123313728
2.855771714646266,1.379415598065869
2.8240885238889866,1.3377267866131224
2.8191055146161923,1.3224921726509102
2.8272245596444217,1.3286254088209242
2.8119038163447905,1.326057892596844
2.819675642835211,2.4976751681769214
2.8139215465014233,1.3337935261930562
2.805356298084851,1.3406132387878495
2.7499324926526483,3.1374390441417184
2.7650241251646426,1.3591050337803907
2.7360346118268812,1.3485454886657307
2.7147278655058624,1.3537142942652751
2.6558172768895743,3.1579828627993587
2.690975881235338,1.3197234162389353
2.6679250788843576,1.3700461596944922
2.6385968503159005,1.3268059909733658
2.6509622584043067,1.3536679328721894
2.6281095333217017,1.3320594937744406
2.6483090830460525,1.3568118257255481
2.666637305565071,1.3210656168907977
2.6757663978502126,1.3142178474151698
2.6826322703502954,1.3296545578343126
2.727843983635256,1.289506931360364
2.711907069884819,1.3301677490704937
2.7356364530387074,1.3267899657397508
2.783016123985115,1.326029463386146
2.765785963591322,1.311251513493982
2.7853810670002987,1.3264893488421297
2.8098930477024333,1.3301396839538846
2.8208314986922494,2.0093776467500724
2.826552229823689,1.3206330220359206
2.8416743919984504,1.326587616945067
2.875132296418213,1.3572149587180384
2.8950511943508044,1.322746840381521
2.9214082183482843,1.3326125581823869
2.9176439859846943,2.0801721480828266
2.9470436766029606,1.3288147004081854
2.9431121444009034,1.3590837408302792
2.9613876122935507,1.293726118578688
2.9318673299513818,1.3486185219860614
2.914454705454937,1.3355597249958653
2.893612870952954,1.3327334568730176
2.8585990955779845,1.3227891317605176
2.8604459228529304,1.3503256534021162
2.8454933134516778,1.3441919398340434
2.8140756228918176,1.318840154144736
2.8111621016556145,1.30773036006852
2.7938581442226997,1.343142204867303
2.8171397611678737,1.2994747042441985
2.796164117086006,1.352631933431252
2.7938576698935504,1.3452167995610325
2.8120342406128405,1.3454456600214588
2.770299124443879,1.297223930406954
2.761787767546444,1.3173818515739788
2.779064995537787,1.3290259984329231
2.718515511797274,1.3423797172725334
2.702682918621567,1.3418188243413243
2.712774567639322,1.3227012406277825
2.6727781996193514,1.3540963741505792
2.6940434660976353,1.3295355717174482
2.7021552304406087,1.3252302016620303
2.7047348658082986,1.3177785665393076
2.69699775370525,1.3224286984693916
2.7005921432037474,1.3449097479462564
2.6606875097039677,1.3556647655097733
2.6349039163874113,1.2929398107396424
2.6169024051832146,1.3367568911008345
2.588158206191712,1.3337724910089495
2.5454987993755065,1.9687540342717327
2.5305509824698014,1.32005704322556
2.505960037803488,1.265609862173414
2.5182226410513295,1.3226082592459765
2.4954029944004272,1.3541408323800546
2.49249774976009,1.3472923509090575
2.4982159522316834,2.4182900479125893
2.4978472564010112,1.3560852426976944
2.49252204642644,1.2815249212616524
2.4711800322476956,1.3255788711613812
2.5095784816409634,1.3134478257101767
2.5253429346148195,1.3282401783324675
2.485762660653349,1.315143095183651
2.521156438632662,1.2987042262228221
2.470099842893278,1.362042072594045
2.4252462969477517,1.35788671545012
2.4350458223687963,1.3103819530619303
2.355124058614959,1.3116677258570324
2.335565393649706,1.3394854168807333
2.3249292592819315,1.3054577286292963
2.3074761858310393,1.327862736240289
2.3570291653322126,1.338108960602159
2.353690427189438,1.3056107713748935
2.3519431468386203,1.3240750915779491
2.3326296989817763,1.3550071772321683
2.324784373660759,1.3300125359633101
2.2862938719886845,1.325481937521856
2.261971220673478,1.346756059483398
2.287489752037672,1.3288765971969783
2.256318452970417,1.3119132919508905
2.274642661057593,1.3441086631970263
2.293338581940701,1.329272527054843
2.295356190520672,1.3462586189677488
2.3025785737557984,1.3016944388046106
2.326982516404299,1.3239014743952175
2.330096218585924,1.290685802852576
2.3410491652413943,1.3344262839673473
2.374880595983281,1.3426398342964627
2.35340175567119,3.2054737358059455
2.3517045843349527,3.7487722853374366
2.386220000652657,2.479364424180479
2.3871068678021614,1.2956242102562963
2.4205663618057724,1.31468560461805
2.435136519631641,1.3213917795643069
2.4538673926184034,1.3332054842031253
2.485154258536355,1.30842216879938
2.494142412222301,1.3625911392254424
2.507848415606033,1.3346751121998808
2.544894683949776,1.3176350174501155
2.590289982133283,1.3254809068233184
2.6147077509374643,1.3551485822616425
2.637005372847676,1.3461727186112284
2.6710047180416288,1.1949509742422195
2.650939506037456,1.3258976744746511
2.69007268667775,1.3336306853579736
2.699138277590108,1.336539368672794
2.719741106071454,1.3303042972025019
2.739822863476312,1.3684069550571325
2.751580616441903,1.3514447021864908
2.8172347960916615,1.3195042365845044
2.8442132066532033,1.3400347263696117
2.8596769435051352,1.3109146117101436
2.838076204391708,2.8712386451745875
2.87814592396691,1.3247417352222537
2.8559202728932687,1.3320305144498918
2.828857299226955,2.1941159473278953
2.832130314794145,1.3387492840881023
2.8313023000907607,1.3235857597320737
2.7897085364361485,1.3376536013837925
2.781800354204962,1.3427953204891856
2.7670436634504356,1.308955119063014
2.767617997348846,1.3020762799004797
2.7391678610752095,1.336984583551888
2.740172350816556,1.3367448471948298
2.7126296298209494,1.308306580759491
2.6957213670774784,1.3664897159062204
2.699360483569972,1.3062051700084967
2.6957566284160595,1.3253761062452645
2.6823155822356353,1.334719820671569
2.6548568346805155,1.342129608976694
2.6005498204207957,1.367287745579786
2.5847241905843203,1.3028128518012043
2.549975988087369,1.364142661411638
2.526058789475132,1.3373558888603274
2.557139654611384,1.3514645564386554
2.496641908111893,1.305765966861126
2.499201376698086,1.3268962042516423
2.4785015299392517,1.3508974552636457
2.4854037943205123,1.3298269874036273
2.4622955507154165,1.3139507426014136
2.463519950960337,1.3450705531509832
2.470496186455669,1.3336694931321023
2.4834355267683215,1.3482681927344682
2.5123061570942973,1.3571065966158953
2.5352924972307505,1.3559167616677568
2.612612108567675,1.3179412787753022
2.6098899216847764,1.3404433980421713
2.6386038441152486,1.3213923261287246
2.6815199895230766,1.3655843183934322
2.6992522005805597,1.32025299663405
2.715174618172193,1.3473650493779388
2.7063606059646075,1.3038101211711683
2.722603236474438,1.3177915413697947
2.727817929125667,1.3547996397100868
2.7289195841483886,1.3640268086587264
2.7431290770911594,1.3533296401426103
2.747453760301357,1.3476825356000892
2.7661340972929627,1.3286914948665383
2.794545864061757,1.1623073641866537
2.790842690678311,1.345157968634933
2.8005211690418474,1.3391438668421258
2.7878715010759327,1.3067857173226123
2.764912070847727,2.91323231544492
2.7918315270684375,1.3488619045650934
2.8068765926825288,1.3085870083660913
2.8143845605519684,1.321508172359597
2.7918344295821274,1.359277495698268
2.7687050723253868,1.3118139940380302
2.734216312729721,1.3326026532845392
2.728406543095841,1.3078509473986857
2.7182298337668636,1.3298724445028967
2.7416104206914014,1.3412874826452346
2.742609174673572,1.3337895508185877
2.743228426743156,1.3505471526815296
2.7444116896859487,1.376159036430754
2.7128753788033246,1.3212550091276702
2.7770718586318317,1.3406896708755462
2.7852177456678917,1.3524008712815225
2.764836677290679,1.3262149708564839
2.7717674940923422,1.3475073405085345
2.7488445637151737,1.3281751440782161
2.7289578029392767,3.211408245648274
2.735722309906297,2.745915151097326
2.7449751262228057,1.3403384740255295
2.703208521518677,1.3237170622047782
2.6871405372385224,1.355219320639714
2.6698143721922967,1.3416420731907899
2.645675170967451,1.3666916308587995
2.6518406246859496,1.3387103483449694
2.608282819893518,1.3191234866662702
2.604683453015464,1.3533643927803174
2.6051504712598716,1.3296494618510168
2.597669872932971,1.3485063578000949
2.538613918346428,3.6494677343222692
2.5834646308487375,1.3323094588724003
2.6034951112781353,1.3111140226818043
2.581663876561779,1.355609716072753
2.6022035584770866,1.3431671087309818
2.586958780836724,1.3517399874842118
2.606769220186899,1.343498813173167
2.592583471634265,1.3472306750328007
2.643975765306892,1.3135629073469652
2.6876896890472706,1.3373324694811162
2.698473249478098,1.3398577771374605
2.7129621486086286,1.3300521234153793
2.765776211706293,1.330421282987691
2.763687183718827,1.3157436453397366
2.7921860440079187,1.2866791215885334
2.815109427128762,1.3428455423282948
2.7868885365875657,1.3098700971044992
2.7632421086081624,1.3212127486746128
2.748998179770959,1.3716134209584165
2.709443515828499,1.3530406023941752
2.7419052921006717,1.3235225264101733
2.7819299092445253,1.3117900683441361
2.7714163419274915,1.3358426110392339
2.7537423010161435,1.3240048641788493
2.7679374540224932,1.3085254097950225
2.750686848382792,1.332879225938961
2.725074604948591,1.3065660775441663
2.742673340302717,1.325166220442697
2.735157276260183,2.2330363380687834
2.7408441275882995,1.3366937074798013
2.767532965095723,1.3513358741835972
2.775718056846332,1.349932833098982
2.7937985217821284,1.3353889079935182
2.8224853139401507,1.311709591489799
2.816702462269408,1.3464279621015018
2.7782104626396067,3.144986594471049
2.8100712450424203,1.3534758477601874
2.787612541368306,1.3719141397903936
2.7782603588157913,1.3588354541953176
2.756954579191347,1.3339728303711402
2.7450405929982313,1.3096650899782085
2.750366528287025,1.315758178046683
2.720446975421006,1.3148289024856732
2.7233219657098804,1.3062748219906442
2.7439507552290827,1.2996846638470385
2.7724549522041304,1.3569531888284068
2.7601915991018076,1.3102412991116394
2.7578549952923073,1.3088918921668276
2.770389502756576,1.3530960863982693
2.7577178542763368,1.9406382237411663
2.8021770880115398,1.3487232087604937
2.8127005306179456,1.3172001728788183
2.8287333662734144,1.3242382351495263
2.837369614780335,1.3291236775518203
2.86392813350541,1.3139340574174034
2.9017549805949603,1.3315455576361814
2.9091998022261167,1.3290574832670725
2.9189233166130957,1.3257002660299801
2.88856171260568,1.3392068156144472
2.899413614619179,1.3380553114742464
2.8791811505236637,1.3164483554513284
2.9051182573275542,1.3585698031074909
2.933552355891555,1.338842405577589
2.91922876683369,1.3344961517335803
2.879763298064848,3.346560345671248
2.880206865807561,1.3399470161544884
2.8974880997140136,1.313527756565393
2.8842450074888886,1.3400001494629348
2.8759918968440124,1.3448133517218657
2.81498607003596,1.3058946424066609
2.7409605644384145,1.347054920015299
2.7164830005354683,1.3212159556395604
2.6468146461931057,1.9474766658249827
2.604329170270406,1.3634016837277378
2.596310105274411,1.3170463380895232
2.5493236711269214,1.2985186265671367
2.5031600764453095,1.315777928603238
2.4966469835594207,1.3325434944070051
2.520681479514719,1.3422535195286975
2.536534239974227,1.336051237906974
2.5521032178737464,1.3240343481845451
2.582298527363773,1.3251831415433428
2.5982622076043196,1.3294693981775072
2.6278645867020054,1.3187266531821331
2.6353441792476198,1.3204671420328429
2.7014113682595986,1.3089501645626689
2.698893228421165,2.488999315879251
2.7238743583973757,1.3193962978899703
2.761267715181132,1.3390749681222909
2.7358583371423078,1.3191265985471496
2.7229059395960635,1.3065991210913375
2.750708665742236,1.3391717175760198
2.7703839609863246,1.317341639332578
2.745101177371553,1.3297447675033327
2.7527369714445364,1.317565093224805
2.7461484256448987,1.299549816853249
2.722767770575382,1.3162290163819181
2.733533078227291,1.3123030390905057
2.7269891762768275,1.3286615512556912
2.7471188677914338,1.3460771094563118
2.777193851655488,1.3044118172323513
2.7774996456444545,1.3380481459175324
2.794784455216992,1.307066780499347
2.7893970940494164,1.3361110642498004
2.809211337867255,1.3351954360998384
2.8224303318395245,1.3385050941105905
2.865865991861438,1.3232868660356698
2.8940563966016932,1.2902051417624945
2.924883244687724,1.340050324479759
2.9060449078093558,1.3215379442950947
2.9152271830796854,1.355043397571547
2.9019119669188345,1.3584821638290676
2.8603305620461734,1.332788415078704
2.8946839023982434,1.3591666973528063
2.837014853576018,1.2989042684039558
2.835174499874468,1.342660058034798
2.8120376186404825,1.337188844844387
2.7908290149364103,1.3428415677573229
2.791730421331754,1.2863612353853628
2.802230733747345,1.3396819033817549
2.7819822289489125,1.3400872676403504
2.763919335200458,1.318053243250916
2.797575851383688,1.3410654484736009
2.736713724296696,3.503770321089616
2.7480898144253,1.338873683937225
2.7398711490269565,1.3598048606193496
2.7168311981095563,1.3200474620039568
2.6936176085356136,1.3368152737931467
2.6824436558996645,1.3373064525482028
2.6739639023642976,1.3398863952818534
2.609295691242052,1.3535393279009444
2.60302098619972,1.3451065301853105
2.584770529983619,1.3190727656254848
2.5641899357562936,1.3320107570074213
2.5519695086260077,1.3278208203091222
2.5746690524272706,1.3463111507904573
2.5606475871575474,1.312814231958258
2.591073981542891,1.3166845331609367
2.614194588552487,1.362571501449778
2.6000913511869594,1.3342491247959352
2.5965721593687774,1.3427142510444425
2.5953356472479703,1.322889261889233
2.598314206935056,1.3169860386675116
2.5677167888992027,1.3428581149044931
2.5790624646606974,1.3567163435800182
2.5861667918469498,1.3338146873692565
2.559752515719521,1.3319003444417121
2.5657876500151193,1.2784425296897794
2.5701902267290455,1.3275590936439994
2.5568444669267114,1.3482631018318378
2.512751400287055,1.3598367198994539
2.47099347880667,1.345569448923783
2.4869224306809383,1.3420596649970251
2.503274012441196,1.3681891931442163
2.492585793823011,1.295048953270773
2.5035411862022268,1.3550420978126907
2.5164438222168752,1.3259026030075143
2.5116051825013095,1.311359669243483
2.5573888259954196,1.3395691310240097
2.585857998679977,1.3405228351419542
2.5970574042556054,1.31444955002426
2.614936481312542,1.3548315097135635
2.632356677493441,1.346590349125806
2.6358776273739535,1.3255678833873525
2.621198324695926,1.3434702669904734
2.6375900045975307,1.3236851180690368
2.6190524292319477,1.299755551712343
2.613722644397529,1.3498763370910938
2.6241390265470583,1.3574294234968554
2.635686086196914,1.170116001798688
2.602692975654999,1.3307257936873844
2.6331203716504996,1.3373557178388897
2.5997149689099364,1.3279181866068313
2.5811187822532005,1.3474699019231877
2.595866857207785,1.3149876801281093
2.57163860588345,1.3467357655639232
2.552522649744192,2.461722551783914
2.530339526860996,3.6375531839074196
2.5234386462805642,3.338015323399105
2.562561959918903,1.311992408915526
2.571358801578673,1.3257466189247842
2.571101594385666,1.3438252934333388
2.5908540906021784,1.3592185330974285
2.618136302353816,1.3691595101113903
2.62150035285531,1.33046549139995
2.6483796583544974,1.3458282893493165
2.6873642050139126,1.306791243047526
2.6972297778489596,3.3211654848627257
2.746188801115141,1.3401025267392062
2.804506370938726,1.3519753447194498
2.8033796989213102,1.3513691177818832
2.7908795924364957,1.352348088643119
2.794216265381123,2.214121237410915
2.8086173232043388,2.009330082299428
2.8084662126209903,1.3205028384796789
2.8285515462411652,1.3310633176665256
2.824513603269317,1.3174226710996448
2.831232631426136,1.364249305801182
2.8205144034439096,1.3284739707564086
2.8308506384252294,1.3197191367527483
2.838224476567955,1.3468837312152087
2.7797637389557264,1.3226873052435926
2.7659519696238632,1.3458636658581533
2.746693125545968,1.3124926675447228
2.7018550253211338,1.3443646124414788
2.6647478831402704,2.9117246729876443
2.623617899166265,1.3872301580555666
2.5750429908359562,1.304464924492155
2.5737758654174097,1.3125451167595428
2.517632200471686,1.3695671546830408
2.5299959263992173,1.3482871832783203
2.540636017120249,1.3427064302056557
2.4845392632366896,1.3699999968208998
2.5033423457835706,1.3533979214325416
2.513118441298743,1.363113200585624
2.5035238408547316,1.3314099631565413
2.5534550438584285,1.3359275301149414
2.5737691466997688,1.3366367598884883
2.5576130830078214,1.3090613131505493
2.5825013462685416,1.339049203760533
2.5622536168161987,1.3081409280914784
2.582920109634532,1.3561377767593985
2.5917848194613433,1.32317552139971
2.561908746443771,1.3280797095879548
2.5621004054112984,1.327069347955848
2.5399690323464794,1.3531675355024562
2.5907580572993623,1.329928808412426
2.6209016104884437,1.3154985029061188
2.5997872898290906,1.3322066905924534
2.6423624314623546,1.3441321146501595
2.5903387048714404,1.3421880054297368
2.6284581981752324,1.3449555149763306
2.6295421732588062,1.3326400954682787
2.622059841908753,1.3444456886440863
2.5966132974240894,1.3342213301775867
2.5947042971880725,1.3525203121521228
2.603175138395173,1.3040262665633011
2.5946842192233306,1.3230631106226627
2.5990079492065448,1.3486911607416376
2.6043755887362554,1.332545068186518
2.6039458624757854,1.3153995623759533
2.6088286272467607,1.3332438524557548
2.605218468155432,1.3249017841751178
2.612283804831393,1.3224322704773763
2.611990838295514,1.3193633627275017
2.572941480831645,3.0850615875235294
2.6132724758951182,1.316790611506996
2.605368312487203,2.377579427618631
2.5974508652490322,1.313603701638942
2.6057592442901965,1.3419517772405811
2.6237417992740584,1.3560315637656835
2.626538650880529,1.3492781055855259
2.628492461901935,1.347129373658236
2.622460970725388,1.304565649578859
2.6141328594258932,1.3194655017606536
2.621992499894924,1.347031091527758
2.630782114448536,1.3250547658880276
2.6033880520596018,1.3434936657207497
2.595830910659315,1.326981663646933
2.604946762239853,1.3347853374707495
2.563435723900532,2.4730461935396177
2.574312797041896,1.3525251107854424
2.583812982513321,1.33667733422941
2.6087670483819716,1.1814186839282188
2.59188990870094,1.3443718741680937
-0.42117097971809975,-2.0481263798513383
-0.5320787415133146,-2.0696836721955183
-0.5897939228565151,-2.092257886396322
-0.686816079391788,-2.067606696972289
-0.7452678136371054,-2.106208028866516
-0.7671819221946258,-2.0602579583986875
-0.8877061283540246,-2.0737076343738474
-0.989345236032406,-2.1123537206051552
-1.3333439089358394,-2.0934512277950414
-1.748223574281409,-2.1014337748936716
-1.880410576637022,-2.06331544563421
-2.19275443018129,-2.0662086840788008
-2.320959923456042,-2.0305297434235077
-2.3858569100384206,-2.0567368308283194
-2.686516806486571,-2.0756113250268733
-2.798026380628752,-2.0688103107858806
-2.8243480653621575,-2.084410807524119
-2.8515167205939274,-2.0539928007651773
-2.8785247743717712,-2.0802018976132803
-2.901230953615722,-2.1051222098325963
-2.8674178606828367,-2.060763738528735
-2.8919090007510393,-2.0707428676134403
-2.875295618228048,-2.084448817468609
-2.845866877780054,-2.0698984970225567
-2.8502514898739677,-2.141059441352873
-2.8270717999660704,-2.0674270916893405
-2.7982689181563245,-2.0972066973886876
-2.7990919953139333,-2.079272159802551
-2.7916485169047767,-2.084209767565874
-2.7967798156884203,-2.0815736371545706
-2.7921972708724385,-2.0938760449546865
-2.770518963270819,-2.0562727310776405
-2.792617163960396,-2.10318894319415
-2.774869706528083,-2.0858802327056054
-2.807003592079464,-2.10252806158153
-2.823850150450744,-2.0541635324804495
-2.825587172388542,-2.085911249402544
-2.857423179344692,-2.06332246139229
-2.8457692971274726,-2.1045569700215814
-2.8297092998772833,-2.0818012024739447
-2.8248525614763484,-2.0814632858609032
-2.805201306689957,-2.113470239581035
-2.756531856790492,-2.0879207953729066
-2.746975860482754,-2.0955931346991177
-2.733966338046868,-2.0314397718910824
-2.7023149102967703,-2.052056156050422
-2.690732006598163,-2.144979963729562
-2.690765882299056,-2.082168163348865
-2.643799014318647,-2.099910205733928
-2.598031513735889,-2.0905734280275725
-2.5674045291732,-2.054796211900793
-2.5536794513122447,-2.098093978777677
-2.4998578469889625,-2.076153790829514
-2.4861217495834644,-2.059673876473004
-2.4649710598907872,-2.0794936427002693
-2.3921821502535754,-2.0737101597326775
-2.3869952618681682,-2.11872732823705
-2.378130070455745,-2.0775884311879946
-2.378106250081577,-1.3846960462227123
-2.383638533434078,-2.082366144152295
-2.3944548871877336,-2.066908691416277
-2.397619682235743,-2.1039838430556643
-2.4353612386936256,-2.0681241975400573
-2.4146151854025257,-2.0631957331656205
-2.447404209006267,-0.5727042401605144
-2.4291608321418554,-2.2698273785105654
-2.4081490069375193,-2.1002845609518634
-2.40979672119867,-2.0782878397164835
-2.3992959307536244,-2.103876742375614
-2.3875241635487447,-2.0755588147308903
-2.3917741412436193,-2.0859110572416935
-2.3600037515615298,-2.0903646644981473
-2.3529589560999993,-2.0473902988351615
-2.345156952967834,-2.0720136791299315
-2.321878474269428,-2.086086732080952
-2.319126156959055,-2.0778221939354844
-2.2751251005271382,-2.0989505778897164
-2.26279029983678,-2.0732424371024503
-2.27814002668548,-1.533667783667662
-2.2019216142724267,-2.107565601398528
-2.2374810974123807,-2.092435586359685
-2.2181463005565227,-2.0835792802979265
-2.2163355004731504,-2.076876953146713
-2.223217960614644,-2.0700036112204376
-2.2000514166782508,-2.073642124259188
-2.2054278689198474,-0.6208044020796769
-2.1473235939920907,-2.0744919214894537
-2.1057875670859363,-2.0636545287855066
-2.091428249846616,-2.090714010631019
-2.022039548502392,-2.2312586870757194
-2.064077075370238,-2.101171190885193
-2.0635294282484744,-2.0882370626866718
-1.973677381981859,-2.058348598529255
-1.986962477616269,-2.0745588473505268
-1.9791350917317592,-2.1165336629476257
-1.979903813638287,-2.0973496563543
-1.9857548650549508,-2.0804331486584395
-1.987006731497203,-2.077881228506406
-1.9638774681191118,-2.1019906844024083
-1.9506830321847215,-2.0961674857178374
-1.9723990257873696,-2.0815897157804786
-1.9715157986296863,-2.063840641312748
-1.9493525773331564,-2.077784180349573
-1.9387708988385621,-2.1132150614381744
-1.9312433373308378,-2.0604078651037856
-1.9124424171750103,-2.0795330464043733
-1.9049298623529396,-2.0683853880078975
-1.8827106699239848,-2.070614190482483
-1.854820349230358,-2.0790236262644646
-1.8544834484124888,-2.075397700196522
-1.831908706860077,-2.0607644430872387
-1.7857063971674279,-2.075517088965235
-1.7454922886710467,-2.098712546840437
-1.761574323675481,-2.0802449451894462
-1.761399610259764,-2.0815594801962405
-1.7783681575825057,-2.0582118551451374
-1.7931579391310988,-2.092053074318517
-1.752019436707882,-2.079222105559637
-1.7857711700562324,-2.0922532836504923
-1.8094514794060477,-2.0724240142336305
-1.7949789685230686,-2.0817155136177607
-1.8239747811984721,-2.052831171384023
-1.8737449750330415,-0.858293813889494
-1.8549923762230685,-2.0928891373449083
-1.9078958409386468,-0.29914105921708245
-1.9198465724324691,-2.0402960529283916
-1.9464940209489885,-2.0854823748893105
-1.9580549927115858,-2.1017430421557153
-1.9848051701023797,-2.07664929868493
-1.9934177848263936,-2.0993470696912464
-1.975187949432911,-2.0747072030064326
-1.9538100131190712,-2.085276857134317
-1.96948617036468,-2.074861556429234
-1.9521426965013062,-2.0649755773094864
-1.8818003599281292,-2.089644414684045
-1.8624241890500288,-2.087798827474902
-1.875603096208703,-2.066444615945344
-1.8337446532594155,-0.9187988933880944
-1.8200342157833485,-2.0795634351816674
-1.8386114572562953,-2.0766345478222337
-1.814791734931509,-2.0610641725736802
-1.8219107645109553,-2.094908784563134
-1.8143006727664646,-2.0816582357636335
-1.7731431852334774,-2.0802957637294424
-1.8018622138005675,-2.0617377917467623
-1.7566482500785325,-2.091481302455227
-1.7417601515859071,-2.083913394121168
-1.753800690019954,-2.064018491468837
-1.683425737677054,-2.0669013601121327
-1.6792440893021514,-2.0741025129646964
-1.6602332448834742,-2.1003982093802325
-1.620228094918843,-2.059424318901782
-1.5982889109764646,-2.081757430686099
-1.6168106308535166,-2.106471884959955
-1.582186249596986,-2.101894329612572
-1.586801002859098,-2.087334275445313
-1.6020847146894561,-2.0825231964823754
-1.5771150016520863,-2.0779434785544875
-1.5642603365581427,-2.0971313443256423
-1.6180858809497518,-2.088504144467803
-1.650415898875365,-1.0581998289321026
-1.64868634677471,-2.0808710093191323
-1.703787592403675,-2.069429156215274
-1.6970814674035903,-2.0891014304389186
-1.7333093866795017,-2.0897529920686804
-1.788775671268585,-2.086362955513292
-1.7911097761287498,-2.07067542803625
-1.807769780974705,-2.06677580437389
-1.8355288153448759,-2.0696694381654908
-1.8684377724212773,-2.07078609073919
-1.884458672087002,-2.041452393793023
-1.9241696278801323,-2.0782348371050037
-1.9334481736350657,-2.094312923141396
-1.9628545536351434,-2.0524901260184714
-1.9985565187107885,-2.079725536731823
-2.0027286016638923,-2.062105737390424
-1.9689367276989052,-2.0937042558523515
-1.9814592083208047,-2.051782614100572
-1.9828597098135055,-2.073375829287005
-2.0009985347948143,-2.0678027877152187
-1.9710902241494153,-2.0634012475769334
-1.9279234316245837,-2.0824024224328723
-1.9548779480873835,-2.085409683788453
-1.958040503810118,-2.100546874119166
-1.9864992935083663,-2.101817443898254
-2.0209596075169958,-2.0946654274217145
-1.9912485645781663,-2.080572213851467
-2.035816851762048,-2.067395728169584
-2.0473933135863893,-2.0934659342259634
-2.0493470126601285,-2.093655704000201
-2.071017201231843,-2.122921376638764
-2.08309996562811,-2.09478112648494
-2.149804886603836,-2.074411472142516
-2.2223304339148187,-2.106474537690201
-2.249952483790842,-2.103493409916497
-2.286841107489093,-2.120905795150446
-2.310505461490579,-2.075432216316999
-2.351313222868953,-2.0918435456257067
-2.4219289686294396,-2.070192909674648
-2.4353579882375636,-2.066453233479787
-2.44360089791942,-2.0516358444732905
-2.475433529024308,-2.1077235674125037
-2.485717000874156,-2.079626142997114
-2.498099811193923,-2.06467924099028
-2.5071278923877163,-2.061242474843021
-2.4726421086041688,-2.111933406437652
-2.458438350654271,-2.0544887589790157
-2.4654459836980216,-2.0691849125255874
-2.4301768349743713,-2.092492988318736
-2.4048919327195786,-2.0404129396965898
-2.4007554511488634,-2.0627381618879364
-2.3947113952369095,-2.097346046457502
-2.3921667172890455,-2.1009687085829998
-2.3625074071287138,-2.079522630725832
-2.3691037682357647,-2.077726944894108
-2.3492247297466706,-2.0160654429040585
-2.3769108543403146,-2.0650584791749216
-2.360155889291842,-2.0662196899147953
-2.3949059787759093,-2.0659887349541197
-2.4120131287309574,-2.0897104711717236
-2.3710694279873494,-2.0991474384854776
-2.396164259710655,-2.0755794485763954
-2.361900316014063,-2.082995307033817
-2.3849283691406744,-0.6902080971879506
-2.3980071856532823,-2.10769668532117
-2.412801514052719,-2.07307895427783
-2.4189557896972196,-2.074179005727033
-2.403715085117852,-2.081205368846472
-2.3889065394347373,-2.069726884273588
-2.4355229869091044,-2.0704931667834283
-2.4122282898259972,-2.0347552370016553
-2.412503803261469,-2.07374655520135
-2.4056681288691286,-2.096299656676199
-2.415987156807502,-2.099415136154486
-2.4002175462378106,-2.1109011655530843
-2.40553236375894,-2.072379222507959
-2.4161048703516794,-2.1006269922594747
-2.4162653860685164,-2.0809952497505737
-2.4241080595593356,-2.0752002725783187
-2.424364048342613,-2.115097361001146
-2.3989028030675574,-2.092184513739646
-2.4301834589009403,-2.063556295113419
-2.395157109706015,-2.0551663207531763
-2.4128848952533173,-2.0482132962820185
-2.426501396905482,-2.064088987967588
-2.4209192390455976,-2.0972868607406117
-2.4311461023600915,-2.078160457372393
-2.48802580261876,-2.0708852191065583
-2.487013102944273,-2.1068118463941885
-2.5139083089941017,-2.0890207014625135
-2.553436503866238,-2.0674248667234982
-2.5533612333093068,-2.050052794532754
-2.5793711753998982,-1.7285037403638397
-2.6051900139436537,-2.088922738562308
-2.597697296800768,-2.050184087834809
-2.615291250246715,-2.064689343821584
-2.612839288718478,-2.048166405637257
-2.591518295780732,-2.1093845508592124
-2.6153277872702576,-2.056420405967538
-2.599869996185465,-2.0775999213911884
-2.6467370864290793,-2.0850588228298044
-2.6690964415611096,-2.0744457310051243
-2.655060451065234,-2.0675363909485998
-2.6788918867320715,-2.098333162137028
-2.7282149886052456,-2.0972351869531654
-2.760791200118001,-2.0707512968673956
-2.7606046190643805,-2.0716046906771863
-2.797131561693671,-2.0657332095208263
-2.7726649309930886,-2.066736396717197
-2.789997347131786,-2.105942758708761
-2.852962872876873,-2.0813307132019814
-2.856459486561311,-2.042387930779907
-2.8601924278915187,-2.0760874523342663
-2.891653602902371,-0.7338615277258521
-2.8528818190404164,-2.06152483656189
-2.858945380261533,-1.388228672514336
-2.859355307958203,-2.06786351366512
-2.8430951823305333,-2.06755665608149
-2.81833405732893,-2.078625197054008
-2.856329912268311,-2.0580405538872557
-2.844387946989712,-2.0800776775806207
-2.831871871335764,-2.059387000065317
-2.869985784680041,-2.06445538627664
-2.8664625061697016,-2.065251595595262
-2.883557716089654,-2.0947916986490656
-2.8847320849126623,-2.0698831141552274
-2.854837084738681,-2.079664632474601
-2.8649213532281395,-2.072607052189611
-2.872342513317737,-2.081569297867838
-2.855542241805141,-2.0508504893534907
-2.8577285376227897,-2.0550286389821455
-2.8091891613912456,-2.0853314448092997
-2.8138625571525546,-2.086431266633874
-2.7891482027323646,-2.096550188308533
-2.828763216554227,0.10930234427044695
-2.745953481391806,-2.0689888990752956
-2.746738460322959,-2.0650363990515044
-2.7748199440884984,-2.070119461147615
-2.7735748523050336,-2.0888841172079875
-2.8026147701268442,-2.083057542465995
-2.808265898270525,-2.082826637261006
-2.814651059037689,-2.0740047967080613
-2.8188784017351742,-2.0857864630185796
-2.813819676750537,-2.054537880602011
-2.8346293504494815,-2.0789594385231593
-2.846884414203966,-2.0825001845582816
-2.874141430011018,-2.0796459830472225
-2.9070625296767925,-2.0692312949956673
-2.878807985186748,-2.1037703283504516
-2.865452186196857,-2.0920516243744096
-2.8914383287071765,-2.0829746549733827
-2.8794055295025336,-2.14778904928695
-2.863582508075255,-2.0507025662915317
-2.8581107920382127,-2.062377121571831
-2.843109147242946,-2.0622542672170727
-2.8558666050555654,-2.100190533144715
-2.825420700256246,-2.0853195085712186
-2.824939755544189,-2.0690136196324924
-2.8165891772083187,-1.0341851355154494
-2.7848077592873937,-2.082015893342802
-2.7911295714451567,-2.0620398763878294
-2.7793401546203786,-2.1046210668934204
-2.7728171763568072,-2.0736075905051745
-2.743583557393,-2.095157464554295
-2.7256084613393945,-2.0722211621500315
-2.7220273988389025,-2.0848016276640142
-2.676537075800166,-2.0659023343550738
-2.658701546562947,-2.048814014387768
-2.6552122647684726,-2.087304475450223
-2.6587409452827475,-2.1008232947691794
-2.6623110357683477,-2.083690440796424
-2.7108233659245884,-2.073288223087661
-2.718747299830348,-2.0812086556209795
-2.721036247177754,-2.0932410409528517
-2.761654884821113,-2.0968179301435765
-2.7689724436020122,-2.081069075678742
-2.7979488444540186,-2.086448644217669
-2.821200731241463,-2.1062380452886655
-2.8343310078911084,-2.036194192209279
-2.845151277983526,-2.09004516380635
-2.850007958433198,-2.079091932740908
-2.8698013234870206,-2.080581153301865
-2.82260534177939,-2.0975212244556056
-2.848405723893849,-2.0706705269970174
-2.880176127463543,-2.1030124521500126
-2.8770362521777804,-2.08742045439418
-2.8961087177987994,-2.0978132118641386
-2.877082602929507,-2.0673914412640824
-2.8816800135447065,-2.106027669501582
-2.898020892376913,-2.0949665987269923
-2.8902300105113126,-2.0711347809969327
-2.8891534584898104,-2.143416113803771
-2.8948270082562755,-2.065366913898261
-2.8634624273421005,-2.0691170560871166
-2.820456699203558,-2.0834119800937465
-2.802637659873503,-2.0717292079322944
-2.7581301058473566,-2.07576585685691
-2.7444858288720324,-2.05978585832961
-2.7412355381384743,-2.073515266598613
-2.7068696839146726,-2.109493634905305
-2.684283350118994,-2.111413098935985
-2.663504082824042,-2.0738228642158725
-2.7100364538126613,-2.069589783120187
-2.696289817882897,-1.3851993922405577
-2.7040845789538652,-2.075471648269089
-2.6908730686163995,-2.0599622418601067
-2.7316331760957087,-2.0795123340500776
-2.7222237241674665,-2.0675610355222815
-2.677239076833554,-2.052847153688174
-2.6978250714974643,-2.0618579229472496
-2.6607451331493674,-2.0868639809847154
-2.6328175793399144,-2.0619076169588073
-2.637773337482376,-2.102350365442521
-2.6014798560820696,-2.094469557268119
-2.5624111927352415,-2.0744503506614747
-2.563608016916323,-2.069281158935776
-2.5566315527037675,-2.0576617139554414
-2.5276016473440057,-2.084566760993391
-2.4942881999269964,-2.0828749797816744
-2.5183494930812227,-2.0917913215254464
-2.5022438813392696,-2.078518686605358
-2.4814646023041136,-2.0760434226066793
-2.490988044194329,-2.073102570928307
-2.4428473284163634,-2.0679517774350176
-2.455695385914911,-2.0874741401610115
-2.455102398290006,-2.1155830386530603
-2.4514478790141028,-2.0823259547553135
-2.4254367025325387,-2.0737784132932746
-2.4419261104768157,-0.6844663771328112
-2.404093411748903,-2.079949291850697
-2.4360853378623935,-0.24424859143247488
-2.414705006533408,-2.0536250053103444
-2.3893327591480373,-2.0910171035644254
-2.406020893526836,-2.0748671378943513
-2.385997165924039,-2.074318152412389
-2.3970473980036706,-2.077905127123508
-2.4221652244889116,-2.074288520192167
-2.4515076021646633,-2.098519665795988
-2.47411717073723,-2.0816635369317753
-2.499224573757846,-2.0955187753257527
-2.4862198981994568,-2.1090395574655534
-2.51415582761374,-2.0966601659911484
-2.5219097181612704,-2.0735553161506592
-2.486106311126144,-2.071284246740804
-2.4891320151259078,-2.070623221691456
-2.492357729280353,-2.0894250083840302
-2.4935364078105677,-0.7786433718033308
-2.455606614515932,-2.1094295124328077
-2.466228596922962,-2.0552275393058035
-2.4362833491199885,-2.089184560697916
-2.443669941007264,-2.0993331834186706
-2.447175132223808,-2.073988038398268
-2.439372796547886,-2.0922873284338737
-2.4838039788444877,-2.127641377756501
-2.4462720260996673,-2.066411432134275
-2.428476868798324,-2.0690977223729052
-2.437819676277029,-2.0757753106363492
-2.411044820624021,-2.078516157115597
-2.4094695342638035,-2.068173536649274
-2.4044859100169105,-2.069048455425698
-2.427945139913312,-1.0573117270892736
-2.4035495886401526,-2.083611688071082
-2.38695933115691,-2.071271116362205
-2.3769726529652604,-2.0638196471521737
-2.3755711549550744,-2.0943851362219696
-2.3628300243813323,-2.2338605487796945
-2.426654208784198,-0.28143763746610817
-2.4155980843583547,-2.088362090179739
-2.407499702197176,-2.0662846227333103
-2.3907992060477077,-2.0745049554642456
-2.4155684126282684,-2.0780656260277452
-2.4148680546719623,-2.1130383981635568
-2.414399638628523,-2.085637858548682
-2.4109490436978493,-2.0745951020152
-2.439776173122902,-2.0702725694417814
-2.412540697538443,-2.07829003622409
-2.4360516356771513,-2.1056994282217003
-2.4348893301015324,-2.0809894693228577
-2.4381712122570702,-2.0524340404255974
-2.4427222411412424,-2.046671754418933
-2.3914958549387073,-2.0951759991891756
-2.3723236515146815,-2.072146427737062
-2.369937397744633,-2.099681492199375
-2.3579360415986725,-2.070786265172026
-2.3392249417634674,-2.0981687671930915
-2.355924997116465,-2.0543200810791586
-2.3131305596231067,-2.081177461381027
-2.3324548177564344,-2.0683370395923335
-2.338760748828242,-2.0733123394688135
-2.312631888602946,-2.076390657390251
-2.3361406567508354,-2.0326382523275575
-2.3430960447911167,-2.0573027154077734
-2.3374500210507994,-2.0849558169071183
-2.357605288208113,-2.083796717486539
-2.3549668463724864,-2.0672506117139577
-2.33976451795342,-2.0553028247475313
-2.331150367899317,-2.052823687483937
-2.33508643577874,-2.1001569819058563
-2.317211550206236,-2.0656634258509197
-2.287407400743557,-2.05339238684891
-2.261208298710719,-2.0996939554201957
-2.2402288573211897,-2.0937114076873264
-2.195014212044781,-2.0707837760583265
-2.1857558799311776,-2.07449444190485
-2.176895682213347,-2.0859454479041033
-2.103243065233509,-2.0900659391213203
-2.121427786570882,-2.0687833540324485
-2.112295132921068,-2.085869311917523
-2.1292425983624965,-2.043847254488982
-2.149511310364746,-2.0905884762732905
-2.1077135119205472,-2.0815523712835042
-2.1083091079580045,-2.0570623911570185
-2.1508257104020085,-2.0473700112107807
-2.1831077431449657,-2.0720701537203796
-2.2065362373603588,-2.065196756682788
-2.2135195681981816,-2.0791982759685856
-2.2346592156487737,-2.082724472571682
-2.2605743590937073,-2.0805495882295717
-2.273602531426802,-2.087139278374255
-2.3106730942814555,-2.090496559247459
-2.3210373378920024,-2.086589911818892
-2.325034597223093,-2.0840379452677618
-2.3224601086657586,-2.070723311599927
-2.3463247533058595,-2.0845939295153904
-2.3480040965411284,-2.0810804637462734
-2.3523206804728063,-2.080110200582584
-2.3787147495879246,-2.1149616840611887
-2.3557278172413905,-2.09381111729217
-2.369946018863279,-2.0910836559349684
-2.3805890958533067,-2.0545331856860907
-2.3597577738229227,-2.07816405483465
-2.369434635474576,-2.063263050678635
-2.36218041455431,-2.1038071275133583
-2.354363960987862,-2.2638311288978814
-2.3430469735078057,-2.1077288795919498
-2.328467730092356,-2.0695050541100057
-2.326099848546384,-2.0843652075344727
-2.3176901617142103,-2.0731316494892678
-2.3194823282356483,-2.0838434444513854
-2.37342107310458,-2.06398168115507
-2.3856076571268154,-2.093509349331333
-2.3996181214318932,-2.0559338869428614
-2.419022288477462,-2.0917936965205386
-2.4349829823333957,-2.0901171610457605
-2.4327430660837353,-2.0494201935347633
-2.4395762457668244,-2.109083252099519
-2.4745830049024127,-2.0782962642619003
-2.461499374920907,-2.0680389721618275
-2.4720492220746753,-2.0883567382264165
-2.4641982399523914,-2.0676585814342645
-2.4752393894643037,-2.0717236552785434
-2.4758770666959573,-2.107802595971326
-2.457866282029874,-2.090748562549957
-2.458614577124874,-2.0452756224831963
-2.428417666746398,-2.07774653132663
-2.451471306052616,-2.0530185259987364
-2.4312517810670626,-2.0867600622912788
-2.430925935977774,-2.0982966814945136
-2.412992070902031,-2.092886506902328
-2.4133566183278017,-2.049539764968724
-2.3957177032286534,-2.1024840238138944
-2.371629223345805,-2.0501663771330527
-2.378748191539635,-2.0736630604194124
-2.347611720988107,-2.096373311406279
-2.342232951397989,-2.062804955333409
-2.326503983571579,-2.0912453878013295
-2.3137828509080185,-2.063506740663212
-2.3094415369224377,-2.0967112546299163
-2.283713231336981,-2.0689956998260497
-2.2768789194350205,-2.072637896543939
-2.27523412025157,-2.0809564568310086
-2.2752998914035705,-1.1340946217718848
-2.287754054920901,-2.0698265219170318
-2.272025900104419,-2.066547157079769
-2.315911280824114,-2.093584339662283
-2.3275105485494385,-2.0922198646461947
-2.317911977417272,-2.074991227089835
-2.3362466021703794,-2.0624570588147626
-2.3374979140349486,-2.07271134576779
-2.335589863628112,-2.1017011602426368
-2.3356013454189486,-2.085690855565384
-2.3483535963192743,-2.08301618420595
-2.3462381965211274,-2.100041176223226
-2.352671653573093,-2.079219683904143
-2.361645306003325,-2.099077287801149
-2.3276773274837588,-2.205790128334817
-2.3280440839906165,-2.079821952032822
-2.28615219741549,-2.0705312179849815
-2.300396717858759,-2.0828655679239025
-2.2923207421243355,-2.0574680077310883
-2.279423166865224,-2.0856034856250143
-2.272530132612964,-2.072584191978755
-2.2829017774975275,-2.0835680586097323
-2.2856406467884463,-2.1068085296095647
-2.269143585421232,-2.0494038175908957
-2.2686093590829484,-2.043086078258926
-2.2831978452477015,-1.5469278865875038
-2.297712898996396,-2.0785561054742008
-2.286791357481817,-2.066869576808106
-2.3047978430520586,-2.0865231715418973
-2.3158163957504145,-2.174434078643181
-2.3128078704322625,-2.0834082448689686
-2.337868792527262,-2.067546807390749
-2.3359994896122216,-2.061983290996733
-2.3424374140380326,-2.103680716385141
-2.3682902226435587,-2.0910718406332025
-2.346077153644556,-2.1059482374051033
-2.3271275968864424,-2.181375972213418
-2.3226042732490835,-2.0767098945033458
-2.3005639335455537,-2.085102146170687
-2.2776857017912384,-2.063229311662939
-2.252903577550807,-2.078013047428442
-2.2189777234316246,-2.0829375271653805
-2.2057549744144436,-2.09299216378781
-2.1777680378578252,-2.070170914780038
-2.129700407482001,-2.058542157225188
-2.0826872936060097,-2.077531718847085
-2.040176105299611,-2.0545407899400416
-2.0021119180666136,-2.0529754340528994
-1.9725563729138451,-2.0940806380763015
-1.9427392252579854,-2.0607519658356215
-1.9070217101691291,-2.076547966017428
-1.8871174039385048,-2.060241259026975
-1.8368032269089773,-2.0844705562980486
-1.8334881347149046,-2.0949339503931137
-1.8202122194842836,-2.0989616048560817
-1.8038579506922057,-2.062663326368654
-1.7937229327151007,-2.076956436704951
-1.7848859782087956,-2.065829444733313
-1.7738147708779257,-2.121683448436853
-1.7689645419927587,-2.0709196077846
-1.7910616122284726,-2.0634469271982803
-1.7561776735222516,-2.0924173539428588
-1.8078182942031458,-2.076824880934254
-1.8528228444086328,-1.3739962944404258
-1.8142087350410034,-2.114760078806803
-1.840797573678498,-2.1072113561936177
-1.842974714801464,-2.0754256375552833
-1.8035874455928098,-2.079298562546244
-1.8622727484717119,-2.0847543197775993
-1.8455188799831197,-2.0756309928086516
-1.8085417603355347,-2.0888086774901113
-1.8312867934854598,-2.0878374543010714
-1.8039526224350353,-2.1116887208540827
-1.7697632243583818,-2.0953493362738307
-1.7462007520456284,-2.0996992628642794
-1.7047899643029583,-2.061364631975956
-1.6626623461601358,-2.251005734742954
-1.6529878445715542,-2.0981841909660894
-1.646187729401335,-2.0724190061469425
-1.6449971184529035,-2.1045590992555776
-1.624859475469256,-2.077697128207261
-1.6271346460466576,-2.0544316711376016
-1.6357390668107452,-2.071846951159405
-1.6043751267316997,-2.0862808776026744
-1.6167030404265688,-2.1092507085657455
-1.6150092028611942,-2.0940138274881614
-1.5948130855885494,-2.0863098513814893
-1.600154410647844,-2.032965207845046
-1.6274917527988675,-2.096305545751402
-1.6008530854555674,-2.072332630443988
-1.6439530438285026,-2.1078852911378667
-1.6008631797299617,-2.0544457519323176
-1.6183568599369704,-1.0827546090807165
-1.6360928987415597,-2.0632109291579743
-1.631891087595473,-2.081499936290258
-1.6474644059229593,-2.101391445439923
-1.6438082179877513,-2.097968630180769
-1.6401200794724076,-2.0582947945819527
-1.6764315233229696,-1.3974888621168569
-1.6509341450599126,-2.05165506272569
-1.6585968582857995,-2.0728633224327413
-1.6402896591269012,-2.0705017328143946
-1.640412201599781,-2.092727981711511
-1.648944301384168,-2.071682806720946
-1.6346711814282675,-2.1029112846018565
-1.6393436569276845,-2.077205966916425
-1.623837286408348,-2.1045277825752047
-1.6439794825532896,-0.9740638419012441
-1.6094523376507306,-2.0652158265670035
-1.5814226118378631,-2.084645925990357
-1.6039729745710254,-2.0692739458800604
-1.5770037956318066,-2.0864456355955956
-1.5897259760672577,-2.083727495893005
-1.6289061548619233,-0.267658594096358
-1.5648870118680176,-2.0670841321272166
-1.5486569574878253,-2.083926617342574
-1.5392757755810775,-2.0785314029685105
-1.5151445903915126,-2.073884771692815
-1.505993261951559,-2.1594731916545573
-1.5330159078448091,-2.09331313955585
-1.5128435819106818,-2.0529777892762575
-1.4898482650621556,-2.0858146796542285
-1.4869654167082824,-2.065485303398372
-1.458366909495417,-2.076183173609117
-1.4728094844491573,-2.0841054581998835
-1.461657826200714,-2.084865882442531
-1.4466992635957265,-2.0726735134246796
-1.4305372556321836,-2.06188082334923
-1.4245434280461688,-2.0700039169745925
-1.4535536838789034,-1.0238329645971604
-1.468108254973445,-2.0827207034724373
-1.4686269785834754,-1.348028116575861
-1.5212110717395289,-2.0565184389856976
-1.5132695774327893,-0.3606925103990535
-1.4945208232718394,-2.0809536168346097
-1.5646611667933257,-2.100313243982064
-1.5566396406211085,-2.0900226483767854
-1.627775561193033,-0.38948251210392804
-1.625553698659769,-2.144433166783507
-1.6230184787888744,-2.0977442395944883
-1.6468865467830334,-2.1130028036083286
-1.6603361769961313,-2.092778017939022
-1.660974901787172,-2.061242536510103
-1.6616172989206084,-2.070580816185746
-1.6775357595175422,-2.0829314541758195
-1.6607464418513165,-2.1182798177835487
-1.6924331960352306,-2.100838836333675
-1.710414828099672,-0.46944711673235134
-1.664544297825323,-2.0650361930483054
-1.6844404928652958,-2.1491294647121646
-1.6519093000752902,-2.086791472750855
-1.6413338540221236,-2.0731678047268476
-1.6349708302975596,-2.1047073953597835
-1.6228436050439206,-2.070290271588817
-1.6182587421677748,-2.067922100185187
-1.6145104942822681,-2.0676383096698494
-1.6197366807610718,-2.0661412600899376
-1.616399977441883,-2.0782678813499085
-1.6558511944291352,-2.0823476955610447
-1.6986656145621888,-2.109531329255869
-1.6803691559719298,-2.0934710186242307
-1.7035415771450626,-2.098527349756725
-1.733175547341546,-2.079950764930013
-1.7270745219186188,-2.0578299715240123
-1.7510063151420407,-2.0693821118331073
-1.7698286086367905,-0.7924971309304857
-1.7330068341383982,-2.085978219503029
-1.7653635648991715,-2.10713763702926
-1.779161774942951,-2.1200328491479508
-1.7653629261342256,-2.0758342659219355
-1.7678090399853708,-2.099877236663451
-1.7816636637015117,-2.094767606501731
-1.8307769139865944,-2.0674472340724726
-1.8486476067264517,-2.086920746678685
-1.882739760855056,-2.1064768616164846
-1.8888623353461753,-2.072218014473545
-1.8795819912740408,-2.0920821007152397
-1.8940669781357882,-2.0676904422064433
-1.8937333451595042,-2.0829607203784457
-1.8860234701477772,-2.045891133698216
-1.870304633074921,-2.0996168986409813
-1.8590157127856461,-2.086616273314467
-1.8651760897258178,-2.079007175301633
-1.8454597071073602,-2.095500969997704
-1.8395579484672644,-2.0753181756890666
-1.8461262147435136,-2.077575942372889
-1.8316074408535696,-2.0796719243037787
-1.8155313137045814,-2.099534705832125
-1.8264607973029856,-2.0914118273449342
-1.8200604566872938,-2.075525261983928
-1.8116690595695044,-2.092608386405176
-1.8560835100241118,-2.079795585267104
-1.8846422180664417,-2.097316275468533
-1.8623160419147362,-2.084107460742637
-1.8873235384535902,-2.107596382287997
-1.8829371987552348,-2.095106642681945
-1.8965035007480078,-2.1009757323049856
-1.9063057426844963,-2.0625315467367535
-1.8686744218732492,-2.073193885118511
-1.886083657208406,-2.1179667979255994
-1.8554966894619365,-2.080105089881798
-1.889778156606159,-0.0684729683847454
-1.838119518050606,-2.064923206559596
-1.7898530960192622,-2.082501520931616
-1.768579260259744,-2.0885862982515087
-1.763291730162558,-2.076052268665975
-1.7686260735716,-2.080117674582982
-1.7267615445372109,-2.060022520888883
-1.7321504623952473,-2.0972467439668163
-1.7327414167897217,-2.0730720405226584
-1.7312707290821214,-2.0691331991946416
-1.7786485142349433,-2.0779206575053335
-1.7873739043028685,-2.1032652489060264
-1.7968273458107091,-2.0832221264512225
-1.7892865268907436,-2.0860026323593868
-1.796817704810018,-2.084836797986868
-1.8500430590303132,-2.0623827798048384
-1.8643924071274351,-2.0474208228220045
-1.86749263972467,-2.1009107262037303
-1.881669044863575,-2.1102152559224314
-1.8729952407788584,-2.0870491908890196
-1.854960900597352,-2.097470880310938
-1.8799604030429953,-2.0677023110722628
-1.8505218347502952,-2.061454309605922
-1.8527343583245042,-2.103036753994911
-1.825086726448275,-2.0549518832446876
-1.8229778164075174,-2.0702784902094025
-1.8091428164933354,-2.167239229668794
-1.796791890265633,-2.061398205262691
-1.8044837439496866,-2.095503612151732
-1.800996560946866,-2.0827789869668627
-1.7999905079110239,-2.0892410868933697
-1.8095876485747755,-2.096971842957249
-1.821920303037812,-1.3657172281513126
-1.8552420597753803,-2.1137936084672173
-1.8633033571003594,-2.0831412193693217
-1.8562901562086433,-2.085592405835762
-1.8899276189778884,-2.0820421427447835
-1.856399233559152,-2.097038722353911
-1.8630421768101542,-2.1007916696888094
-1.8496734759893638,-2.056951986226625
-1.838795662279458,-2.084018399416492
-1.8723394963323294,-2.104816769611133
-1.8551414136128868,-2.0652127402793803
-1.8636911473945224,-2.0486027664051125
-1.8545801093732583,-2.0475117207208284
-1.838924267974247,-2.0961229541164723
-1.8917951564740136,-2.0973380561566186
-1.8927408553235068,-2.0806654411262357
-1.902038728608147,-2.086614232423699
-1.9244882266740664,-2.063782208786713
-1.9228751326520228,-2.1102418820455173
-1.94098998390342,-2.113510383333029
-1.960602388044189,-2.073350424999383
-1.960952343676924,-2.0875110336548692
-1.9834684772106015,-1.3941169814957115
-1.9935863308544928,-2.0934511539695255
-1.9990594936122672,-2.0802731550348583
-1.998695186405697,-2.0969851208862296
-1.985834508179685,-2.0563185828530197
-2.0032160531764114,-2.0853340139847796
-2.02779800379134,-2.0839800406324582
-2.045808038272189,-2.0881906917196233
-2.0521460105099365,-2.0820431434679696
-2.0517202945488298,-2.08781307982218
-2.040196942314633,-2.112061152475204
-2.053350405819112,-2.089660648092478
-2.0822695707104963,-2.095151545962898
-2.101745036511348,-2.085167123622916
-2.117142319875024,-2.06788571792529
-2.133586162801816,-2.044462981831328
-2.1856000653960908,-2.062374984600026
-2.188915200855716,-2.074625679511534
-2.240426187058364,-2.0967868876588747
-2.2803728801836636,-2.055251730977734
-2.2879522860048493,-2.0600086124658645
-2.306770186317804,-2.0969811502406217
-2.371697358157499,-0.6162204075899705
-2.365248639855738,-2.064476243091651
-2.3835861089913184,-2.1020663254306977
-2.3949523122258567,-2.0173953657159327
-2.434866806963586,-2.09336616892372
-2.4553222052203814,-2.050242596789357
-2.484242078536325,-2.097638699444008
-2.5082866675187603,-2.0679138426811092
-2.5141135326467334,-0.02992618207280316
-2.481473839487575,-2.0690123863131777
-2.4949429711206665,-2.072607330916847
-2.519024293953957,-2.0767394988706775
-2.5392451074641107,-2.0654184098191912
-2.515439748844168,-2.1110181591583226
-2.5157975607330787,-2.0915416673273715
-2.5129948796027137,-2.0712814042778227
-2.518449591277834,-2.086139404158868
-2.4822978622226914,-2.0882308815282116
-2.4900317976800665,-2.063395818511242
-2.482344290110723,-2.1073644598334207
-2.4653408902947644,-2.1015181309411886
-2.4886048866374493,-2.0358603649348646
-2.4848562372727816,-2.0693909787622777
-2.464832404456792,-2.0993512946632387
-2.469250412044992,-2.1003341082173894
-2.4451247638922067,-2.0765813448880315
-2.4169076769791467,-2.077173632036605
-2.458611518640317,-2.031201864669614
-2.4285768957605307,-2.10272145187375
-2.4333290826467575,-2.0782988148877775
-2.4698867847950865,-2.076813709788163
-2.481720052265241,-2.0921805145641104
-2.457004938622128,-2.0728381653677075
-2.5513080200599814,0.15136180100824712
-2.528929245897821,-2.0970982154277
-2.507623151512928,-2.0631474108588796
-2.5247104240390237,-2.091156681691944
-2.5305794904497976,-2.116386400165674
-2.5262216567249096,-2.0757432913797804
-2.5271202924434615,-2.0716469366093113
-2.526140855043994,-2.0704665737824444
-2.530518605182262,-2.1115750829269793
-2.528535859107863,-2.0656340159863613
-2.545234723889374,-2.065716676141039
-2.5210495657031835,-2.103437725884039
-2.5187370674097984,-2.077829474616204
-2.536787768635897,-2.0306807855877107
-2.555813226590006,-2.095485298509415
-2.5594572027276725,-2.0589310393484324
-2.5833480899660173,-2.06411614680358
-2.5847085982788163,-2.097215015677695
-2.5960827966764017,-2.0808838297152312
-2.627316363293224,-2.079564535113527
-2.6720941284888435,-0.36582275922246155
-2.6594715093817505,-2.067086802446405
-2.666927177981188,-2.06179733478615
-2.7223072623219067,-2.082702229802429
-2.728041023710183,-2.0916561627689827
-2.800091466421157,-0.01494232691985771
-2.765190405202239,-2.0795830757887033
-2.796749578128149,-2.089578618601814
-2.809143097747291,-2.0928909121562658
-2.828195734593634,-2.087280666830618
-2.8465456547219934,-2.0412961939704664
-2.838966309734885,-2.087163330933749
-2.8491518042560617,-2.1027157561060825
-2.859234547725409,-2.0717747247298073
-2.854231864033373,-2.080181598430291
-2.8536969614754555,-2.108997973913841
-2.8794120409378494,-2.0563980972035476
-2.850438759205902,-2.0997636302160974
-2.862721682735798,-2.065988079226319
-2.8604098537347986,-2.089455752833232
-2.83881558496914,-2.0795204542935624
-2.8446099780716323,-2.0571668490552226
-2.8156985873334044,-2.075426073913669
-2.813082416830568,-2.102458569911147
-2.7801926553802674,-2.07125312394132
-2.7719776713178983,-2.0537988593503798
-2.7642083106986597,-2.0720784876247205
-2.7403258242149633,-2.064789592278117
-2.7281382481660654,-2.08298674122452
-2.7459783619185996,-2.0886442954805093
-2.7108763183000955,-2.0799410117821098
-2.7392094497670287,-2.0852281174617886
-2.7616427486521564,-2.0780487373126872
-2.7127551295589596,-2.035398538513404
-2.746386011145404,-2.089804383930957
-2.7344725014578275,-2.0643639761560806
-2.748677996568491,-2.0639746161519406
-2.786507548643163,-2.074161345886613
-2.7757740421776194,-2.0936585099882676
-2.7617173297775093,-2.1407231295567746
-2.784683950674935,-2.0623713185336765
-2.7860636200368667,-2.0701899948929223
-2.7929282421328785,-2.060512086053868
-2.79263203220533,-2.0971846977033044
-2.802429618621299,-2.0981983240281226
-2.8231398241017995,-2.098874350516076
-2.822760354484766,-2.0764610753280883
-2.8191032733326553,-2.037372385157039
-2.819499312224454,-2.0699981050129743
-2.798368936804909,-2.060150008043488
-2.798252758714982,-2.066345806238206
-2.7870201380970254,-2.0615459392635116
-2.7765936675239136,-2.093042656833892
-2.725585972096314,-2.0522290095953504
-2.7522387802401553,-2.079135533541986
-2.711209798778173,-2.0995955977884933
-2.6777032064971373,-2.067485143247464
-2.690964131327617,-2.074740558264944
-2.6417626483507877,-2.0841316335643922
-2.624657898632795,-2.102724007739138
-2.611759474647411,-2.0754690057704686
-2.577737729059543,-2.0761935924404127
-2.5588068249048064,-2.095541109348625
-2.5249159394779017,-2.060101247356448
-2.520134445152472,-2.0675947796894336
-2.4892838461640374,-2.0692478387480375
-2.4910401673119718,-2.0578945774967132
-2.447245155432791,-2.0844609860396073
-2.3958734013194474,-2.0715830009823115
-2.3828162654712215,-2.077974612457581
-2.3512892759294157,-2.0719085739359007
-2.3183213427607763,-2.0733274090701492
-2.3148852593558367,-2.0627067885750767
-2.336028783449163,-1.0135829569030104
-2.2979441366756443,-2.072915728671926
-2.3510488741819073,-2.1149179552834245
-2.3417905757720168,-2.085386295965675
-2.3153214251453944,-2.0805950581033543
-2.3467866937632635,-2.119043458005082
-2.3750808280990072,-2.05517311117477
-2.370619344568166,-2.0843142366434453
-2.373235635625404,-2.1063388308417115
-2.3434829792938903,-2.0460628197388213
-2.3475528520622846,-2.095071324420711
-2.3432638586872483,-2.073053453910154
-2.358699652558651,-2.077336179540284
-2.337039959768896,-0.7772263466215616
-2.295655905017501,-2.071115538259196
-2.2935217293338392,-2.072090985165634
-2.2997022241406495,-2.0706570906166566
-2.325786280673383,-0.7736754532920607
-2.3420273013488178,-2.080486645197761
-2.338256616588548,-2.080548140426132
-2.3459940084007007,-2.0949621107833094
-2.342750232946916,-2.088805644302486
-2.3255769909218773,-2.0720803091219584
-2.3243287356888818,-2.0980484816592355
-2.330000188804156,-2.0737328514931432
-2.3166053803228674,-0.9884303403499618
-2.285190929737023,-2.067761494884523
-2.3134639622063,-2.090208042505597
-2.2880336928863576,-2.0668644801550182
-2.2685161733873787,-2.0812788119280783
-2.2677350829824237,-2.107861430110365
-2.244996115313227,-2.053545774677596
-2.235591024836092,-2.08385100670354
-2.2232221841483257,-2.0893327707125744
-2.223339835760534,-2.0652663267724107
-2.159202602885776,-2.084295312263407
-2.1445859070656446,-2.0750375702685386
-2.13165880204663,-2.068031897105589
-2.1072960839569608,-2.0551024307345336
-2.1029811714862716,-2.095512318554398
-2.118444106832664,-2.041552208403206
-2.1135441108555812,-2.076551723016546
-2.131753760753851,-2.063295221645607
-2.152480695737413,-1.384645229640015
-2.1772074860240473,-2.068102527483571
-2.1931060371098487,-2.0463279188864236
-2.1933216506161015,-2.080834923334567
-2.2028703161499052,-2.0679954695628173
-2.209528756031687,-2.06880935515842
-2.221671672723811,-2.0976229227382177
-2.265012148278952,-2.081906136108578
-2.267283776834644,-2.0807298947327704
-2.2357996548461605,-2.09876534042737
-2.2815425264166205,-2.0822410111684944
-2.235132764419931,-2.086201309867544
-2.1840181442062563,-2.0656768624801702
-2.176245392895639,-2.054248902397387
-2.1466761357671924,-2.077215851768406
-2.133794751314528,-2.0769041251643245
-2.196183100670625,-2.0860581238702465
-2.2036880448211495,0.0490499461897098
-2.180865868941294,-2.0829750215482767
-2.194425480273213,-2.0921986629099205
-2.205206174209343,-2.079391947348795
-2.222971238009977,-2.091985941950621
-2.229220957591299,-2.0802231566312313
-2.25339637260077,-2.0576926362545183
-2.243432201529755,-1.3689992396605146
-2.2467484057095937,-2.095560407104042
-2.2328383923025585,-2.2330893120696693
-2.2381415892354806,-2.0755315863855857
-2.2638018712370194,-2.070729937410878
-2.293661409353402,-2.0535597867866326
-2.2791768171125333,-2.0634177024566585
-2.2739534976300804,-2.2412059504811666
-2.2821108518759012,-2.0689801281591316
-2.294341499797334,-2.0746935384640857
-2.2948476555162336,-2.0635154839359697
-2.288130041997251,-2.083131642791105
-2.313977195270648,-2.0990686704277337
-2.3168382990480674,-2.0857320674611066
-2.358729858628282,-2.078254218932548
-2.369865443783275,-2.1006199138845294
-2.397450372332534,-2.081305398712131
-2.407066778314155,-2.0824247684596062
-2.402167599767614,-2.097278786511141
-2.3964519127982586,-2.082899103808854
-2.4072220291254767,-2.082584830891541
-2.391716662510287,-2.0663541537201944
-2.393876136449235,-2.090678904201063
-2.4303373321091324,-2.0474076985501215
-2.3733716920454073,-2.061818846783134
-2.4270815920264335,-2.046527361273712
-2.4457682368837825,-2.040827684680968
-2.436901810930406,-2.084267824514059
-2.4702547855103294,-2.0701613035455066
-2.451051393596723,-2.0876021694749545
-2.4707189371398632,-2.0899142499278014
-2.4818742339051205,-2.0533291167180483
-2.487899460835989,-2.07110804407252
-2.4719567274387892,-2.0577985824055314
-2.470605313126556,-2.11466500115829
-2.4668752520778345,-2.0951771031563333
-2.467530946182911,-2.098292601038884
-2.495673023054134,-2.079468714255092
-2.467753956966085,-2.1002628330216866
-2.4928646524392444,-2.088903964122602
-2.5067843674359382,-2.090788796404799
-2.484729737959141,-2.0707853238643024
-2.541509259508527,-2.0619257487565528
-2.547474742830594,-2.066191249981222
-2.5893732191195475,-2.049333845791885
-2.612882838527591,-2.063389088578163
-2.6414689496647346,-2.0933625046279865
-2.664281528795721,-2.0923473277801543
-2.6753926023150645,-0.42311717298287543
-2.657605230418182,-2.097944212847356
-2.619183323461465,-2.0905221194783192
-2.617587696443994,-2.1118686791592673
-2.637571034607219,-2.0942917059087507
-2.63181387956867,-2.0878775564133707
-2.643097431447923,-2.1151433331459217
-2.6670754468981936,-1.1053161235887783
-2.6466969917921888,-2.0827096481813108
-2.664793761656014,-2.098232740248254
-2.6743780663089742,-2.0603541961932965
-2.6970544843080444,-2.082547863636612
-2.7136167353929235,-2.0635443104675923
-2.7020167144460614,-2.0768717734355118
-2.7138852954014294,-2.094491658158787
-2.6993677125119953,-2.0623398171884433
-2.6915093279534004,-2.0818099525241776
-2.701693281419331,-2.0858489677816143
-2.6997681162184484,-2.0837990696864828
-2.6798341491631232,-2.0643284931324337
-2.682898244318399,-2.065956512171382
-2.6689734832613077,-2.0729947677061533
-2.664531367414439,-2.0879744443033914
-2.6724732311528,-2.071559093781524
-2.641649636099667,-2.0730306585101994
-2.6098300339713476,-2.0904852049548936
-2.5944175387059287,-2.071842583779586
-2.5884027048156892,-2.0758609475681915
-2.5921293627967654,-2.0694075363601487
-2.588283319972636,-2.0851332360659938
-2.5834244535878925,-2.053662318671128
-2.561902951083857,-2.0883585001896026
-2.5530710490141915,-2.0760450509494364
-2.592885151218031,-2.0886081107075385
-2.582982819620293,-2.059076701067264
-2.598524696756284,-2.063046246553688
-2.6261369580631633,-2.0988395722506854
-2.635419019386961,-2.066365255938075
-2.684633888973419,-0.3516021546795033
-2.7225592945763673,-2.087057809970903
-2.7229019204765357,-2.075112933211893
-2.7359894427381746,-2.0571949200948354
-2.809291182696817,-2.052026695199085
-2.8119197338288022,-2.061377173787847
-2.8473874000714425,-2.0727376892907583
-2.872663551752588,-2.08410372223791
-2.854234401993204,-2.055671304091386
-2.8950876361477857,-2.083728329602855
-2.8839374002995384,-2.0601301403198486
-2.9225097419841237,0.01767131027971037
-2.8738281480797787,-2.0430205377816444
-2.8802049143807213,-1.3069796146795782
-2.840046857890079,-2.0958382575793784
-2.8489012077909184,-2.11724856018174
-2.853708071817338,-2.076322998471484
-2.824651917281727,-2.0934152821773924
-2.8481004180118648,-2.0739148659295608
-2.8280439212243613,-2.07259540526453
-2.7880861135537325,-2.046776509535129
-2.7813342326231454,-2.1099455107877003
-2.7686133324249087,-0.14124400329280562
-2.733418506441228,-2.101296081065119
-2.7419216919134217,-2.0861320987828393
-2.7025854884996585,-2.108752793154489
-2.7067546638466373,-2.109453158850218
-2.712986568089939,-2.0833089816694823
-2.701392289474678,-2.0758067892703465
-2.7214756810988607,-2.0885064178608017
-2.710887939496079,-2.0884661217398723
-2.674743734914274,-2.113636845335319
-2.6802451240308387,-2.081034870154466
-2.6941272704976305,-2.057142134113399
-2.7014600098296344,-2.1123674351784794
-2.7275761535628718,-2.070261702523365
-2.742319670354316,-2.09648707233806
-2.719781266434814,-2.0619328141123794
-2.7238649046931505,-2.068009523801044
-2.7063618338427915,-2.1021272257674846
-2.7217826514315457,-2.061960276502391
-2.7537609057763492,-2.0726733368480525
-2.7209230537738014,-2.0900131203000103
-2.753507617348346,-2.081290419223478
-2.7431931839286468,-2.0791578848648675
-2.752216037823162,-2.100561651330542
-2.7182473973792987,-2.169242890168575
-2.7169479555688154,-2.086961307208132
-2.7210182147392863,-1.1117652951580066
-2.7040186719080763,-2.0711122473195274
-2.6742754713859953,-2.0758179089274647
-2.670937138350304,-2.0944213271802568
-2.683881741634668,-2.0822706333119196
-2.673207822228758,-2.090907997461281
-2.6717157174233206,-2.0591305821277337
-2.7228982472192413,-2.0389875640275505
-2.7364820949739226,-2.101605795007661
-2.726792782016825,-2.0525974481099727
-2.7598473572403304,-2.0576795596994857
-2.717824143105607,-2.0961846355606966
-2.7197892586508847,-0.8069932439530083
-2.7407509326568644,-2.0859576684649537
-2.7345492134019285,-2.0661703095500354
-2.7333885077223212,-2.065232836784348
-2.7405964361521207,-2.074742033066602
-2.7389749449690006,-2.0788608884131103
-2.7013944865721764,-2.0732462419907027
-2.699871661372256,-2.0923383158044033
-2.704207402033655,-2.090316765883614
-2.6802595377522564,-2.095995286266188
-2.702493330579211,-2.1002112422590087
-2.66455070979162,-2.0828208186509056
-2.6422698612337885,-2.082900208757552
-2.6543320445995255,-2.0795814051146166
-2.6104540876685243,-2.0991890365978962
-2.620003799086297,-2.0548937188819885
-2.6201899888460245,-2.0986053839367766
-2.630188790511889,-2.1117977015452953
-2.663668425018649,-2.0453462057402954
-2.7117714857030797,-2.0607295003011927
-2.720515762896535,-2.0804899879798406
-2.7694809602640613,-2.0882480841437916
-2.785589887054049,-2.063629111043636
-2.756979333122265,-2.1034891987819444
-2.8032736196028702,-2.0993955340659594
-2.80300627243032,-2.0941200679040697
-2.783556257760511,-2.045744751312671
-2.7989938215046775,-2.107206580228284
-2.8147378462138932,-2.0335738326599775
-2.7920274576240836,-2.075102710036326
-2.8105061103286144,-2.0770831635768845
-2.8243337598789213,-2.0488937362172264
-2.8289772131514033,-2.119764977355395
-2.8536793857093743,-2.069937431413836
-2.8708934390869314,-2.0977293247847557
-2.870393165542438,-2.0438647490582196
-2.8862540016072313,-2.0725956524778524
-2.8576809921858026,-2.1175247342218677
-2.86394524690722,-2.081779077802144
-2.861772530571093,-2.060688165469287
-2.857684502811534,-2.0714829343178267
-2.8352349429293335,-2.087962197798416
-2.8216620443678653,-2.101592457777445
-2.7956901227155195,-2.081964648177438
-2.818035399823158,-2.061890559351964
-2.8293855229786806,-2.0585897806206557
-2.8359323572325175,-2.0997357907335537
-2.801352195611869,-2.0874912457226813
-2.796030722487013,-2.0924406107919227
-2.770440600813693,-2.0637848576120708
-2.751055247074548,-2.0463700576514743
-2.7376740144195737,-2.092902905779208
-2.746824540567905,-2.084318249059225
-2.7285135284994446,-2.070367865805965
-2.6924455390242064,-2.244489543223704
-2.697569767861595,-2.089630503116917
-2.6972477176818654,-2.091998988984034
-2.6988714317281755,-2.107658685689374
-2.7066665233604295,-2.0548336824262474
-2.7102873148922493,-2.111507392649671
-2.6910562410922685,-2.077802038113617
-2.672948469334703,-2.108807301032697
-2.6956499904658258,-2.084510011379171
-2.69910953425521,-1.3639513756801187
-2.676447028850223,-2.0564312478315934
-2.696311480178112,-2.0668767518163587
-2.6967331260574277,-2.0758272622564538
-2.6931236102818845,-2.084798167854811
-2.6747628232726726,-2.084592141073629
-2.6705450054611544,-2.0643045425713242
-2.6646086570155285,-2.10229809343525
-2.7291937719600536,-1.05166292365572
-2.7658196586333776,-2.0894767036314557
-2.752138541878356,-2.083491794471888
-2.7926132270225636,-2.0772399987432086
-2.7994033161482905,-2.0913155486741286
-2.8058766057252296,-2.060655323829172
-2.8411560510789746,-2.0844113123062638
-2.848988933854811,-2.098306906016011
-2.8482622410196043,-2.0885180536561165
-2.866830109150713,-2.095238767093892
-2.8871033510964255,-2.0729385268511424
-2.9020897663806133,-0.9626131364219662
-2.882524130711036,-2.0884305867833697
-2.899463190335366,-2.0889964144350652
-2.9092204640765718,-2.073520589990559
-2.8674145328410936,-2.0747818121269064
-2.8270288006082214,-2.069911651650737
-2.8005343857556846,-2.1002732939432645
-2.7637308360357684,-2.0522662123879507
-2.7151873077946376,-2.17173126707854
-2.70453090547549,-2.0581870210098674
-2.6697788400307894,-2.081021265400578
-2.669258422679646,-2.103324800201733
-2.6604816540918317,-2.092432713810893
-2.6403565945401373,-2.082982597059957
-2.680866696605944,-2.076437873058053
-2.650578100612412,-2.0797993705624553
-2.6620091357190545,-2.060413408830528
-2.714152527608556,-2.0734285013778915
-2.6993305498643796,-2.0959889472714903
-2.7417368160928084,-2.0496711639214045
-2.742477237062245,-2.066417354120679
-2.7300333308960405,-2.0970486594996425
-2.702359022760732,-2.070962405740309
-2.68283160739185,-2.0511205844943246
-2.652147666871034,-2.101721780095169
-2.636412523464407,-2.0492433797068452
-2.597460533989499,-1.5213583859097055
-2.569565451724955,-2.092906731552244
-2.5298840373884453,-2.077979746755186
-2.5183408274180303,-2.0578620060385195
-2.5030605221984032,-2.081437353298356
-2.4986331241365263,-2.0881932699614754
-2.4905784683333922,-2.0739577604392183
-2.452841437297457,-2.1136495539587647
-2.422102148366508,-2.086161016035006
-2.412655403686564,-2.099605935042209
-2.374069274678235,-2.1028928172681476
-2.4164206411172255,-2.109604063028758
-2.4311376555301645,-2.083472725915637
-2.408151074833052,-2.1030828823593675
-2.4225838209719237,-2.084770461546025
-2.4344925664457664,-2.1228159771155313
-2.432777598577004,-2.08194337231097
-2.4622422089429015,-2.064221365536329
-2.48001064206444,-2.1093348789456456
-2.475534536776751,-2.0762959956325444
-2.4299072225332656,-2.2199506421584947
-2.472097262628372,-2.0771896052177796
-2.4885296239481063,-0.6760969383243447
-2.458812227964058,-2.093804407007614
-2.4488124966902665,-2.0920360545684913
-2.4719803504399698,-2.0600061893360095
-2.499812477938963,-2.05748978098619
-2.5392098170035156,-2.104512454819654
-2.540372263197304,-2.063708091847416
-2.556516323702291,-2.078654919764484
-2.516398114858079,-2.058004670858804
-2.537278878745525,-2.1005876234498744
-2.5267524357252515,-2.089194864241616
-2.4799096471116857,-2.124428959987138
-2.4797265004216253,-2.091973260875225
-2.4443667968542866,-2.0684072655601184
-2.367068632255967,-2.069123762750512
-2.3967958007053536,-2.073582707809989
-2.3303269545101464,-2.103273323376051
-2.302696218719648,-2.076498497108141
-2.328291417204901,-0.1251434604646621
-2.2220874460145916,-2.1003781614669434
-2.235920910148066,-0.6854979738215068
-2.1969204218302987,-2.0956688044799137
-2.1604445334678384,-2.1152458768258047
-2.143946445804908,-2.070218532523498
-2.1301332447142647,-2.0703335702731938
-2.130526060792495,-2.1005242387569063
-2.1061344985264143,-2.094469096426876
-2.0641095589812597,-2.088545986076543
-2.0591603196897252,-2.0845231561448134
-2.043592945725563,-2.0693819633844686
-2.025012842704409,-2.082829456480017
-2.0425034872769787,-0.038892152647231164
-1.957560070709329,-2.07438085593449
-1.9771795422529812,-2.0918771503088145
-1.9372243612425084,-2.0855980895958806
-1.9013631816100383,-2.1099644018614736
-1.9052698609232486,-2.0930693852697346
-1.862946357322908,-2.075824344178424
-1.85300590810858,-2.241981986272788
-1.8691697169479127,-2.0621277909381805
-1.848799153458532,-2.0778355806399764
-1.8287946654529832,-2.0476994130746995
-1.8065319604333132,-2.0532833873880834
-1.8165602662959333,-1.0621668139236198
-1.7606574096110188,-2.05724245092261
-1.7778990748048158,-2.099105395870725
-1.7697346087073103,-2.0865892989105497
-1.7360695990953272,-2.0660226689690613
-1.765036489039874,-2.0833392121392804
-1.7672619515286356,-0.41651299477465525
-1.7476267790436857,-2.0811064083802937
-1.7554808893734166,-2.063358636122521
-1.749573751104633,-2.108638274103486
-1.7482524924458736,-2.0730212256907503
-1.7362799530376989,-2.1053713937658673
-1.766852058393564,-2.1065119219418005
-1.7490252849143733,-2.0829981577916166
-1.7731148023621242,-2.1008234618445494
-1.8128406766351832,-2.079083032253944
-1.821173100354775,-2.0852248198373466
-1.811753457604221,-2.0849461519605947
-1.8128185891915232,-2.092599407018372
-1.8251268235194302,-2.081015417912009
-1.8247621132431333,-2.099833012255875
-1.8342688471159703,-2.0743131201121856
-1.8349137964447557,-2.092845594051211
-1.823478325050501,-2.078435308062337
-1.8149748310222744,-2.0834551196377635
-1.8294250011764481,-2.051845078619309
-1.8154145334388097,-2.0467133912377817
-1.824327283179585,-2.100329089293089
-1.8168308324138966,-2.0558770384282714
-1.8146008724129952,-2.0500795536103413
-1.7876988685185948,-2.075377920717123
-1.7918039147873337,-2.061784735410659
-1.7776171930690283,-2.08118440972369
-1.7878635880021563,-2.0495415335988345
-1.8062339731363932,-2.0722362768469647
-1.8025844620325406,-2.127741567053083
-1.816985558993429,-2.078080308862585
-1.8171430185159911,-2.057507072572589
-1.796180003782102,-2.079007302259616
-1.7869191320967497,-2.086934068654629
-1.7827879017902886,-2.0837089110938902
-1.7900645902368513,-2.0930844519478278
-1.7935956793965602,-2.088570386977826
-1.7497464820945066,-2.102941958707716
-1.7595070840111429,0.09738431149832064
-1.6811445891949774,-2.0954843874090594
-1.6575305779259177,-2.114319642294132
-1.6535448094680456,-2.0703968217101463
-1.6251332296443457,-2.079407119595875
-1.6591854263929426,-2.057805918147079
-1.6691531441224488,-2.0692927449384384
-1.6153393759667052,-2.0881237735509948
-1.6434526176792728,-2.0807052788862017
-1.6445729306456596,-2.0743713457931987
-1.6532904073261911,-2.082362391023412
-1.7123299605207973,-0.47783840940350525
-1.688798868901669,-2.105678655164339
-1.6739239776356014,-2.08521781014713
-1.6600195521699745,-2.0724907680802036
-1.7059985825762858,-2.0733063685098063
-1.677222156790815,-2.102153925561905
-1.6796625976853201,-2.087004532483728
-1.633774487025141,-2.0944881401394735
-1.5782162608450578,-2.074708732678641
-1.5729573324578896,-2.0720492958264822
-1.553428577610352,-2.059463353600399
-1.5824521215998937,-0.14550795049945422
-1.5603581205667658,-2.0838519276747216
-1.5194450535780692,-2.0622338659161232
-1.4953286938080572,-2.0779561256634076
-1.5075281759451233,-2.1133771122372975
-1.500092301930137,-2.077082434368352
-1.5098176385536928,-2.0727613391267483
-1.4944851022259782,-2.059837199676363
-1.4722285711269525,-1.0890093042547708
-1.4213075565882212,-2.0751463866973032
-1.3999235273222006,-2.100833498301187
-1.4070792894263118,-2.110217269139179
-1.3391520912672938,-2.059462887582772
-1.3617988003815984,-1.3448426504809028
-1.3265555909307596,-2.085447911146694
-1.306383164136866,-2.0637385992910215
-1.3296696879684462,-2.0441786259118935
-1.3167694878204828,-2.0569249050625427
-1.2941628559034701,-2.046955550662227
-1.322866063213912,-2.08249169338305
-1.283666644528495,-2.1186188706073263
-1.2554345895902361,-2.0786365326743312
-1.2634041074449056,-2.0578119056496793
-1.2851717110725709,-2.0881324840349076
-1.2785140524834415,-0.45423956727624026
-1.275281275897055,-2.1001613897897338
-1.2623659784001704,-2.0593838285215464
-1.2190986165174744,-2.2251744279501198
-1.2782076505651123,-2.0924236338951427
-1.2732755599653298,-2.034528691721646
-1.24424836240867,-2.093005597728285
-1.2896466976656453,-2.0854464521964355
-1.26295954379624,-2.0611227895619457
-1.2761404611099099,-2.0761968425712753
-1.250232795696402,-2.097252881561537
-1.259595390919496,-2.091805964966801
-1.2852340533673763,-2.0715815212380795
-1.2951378235380702,-2.1104757520940867
-1.3344159867347531,-2.110458170904855
-1.3202884818375467,-2.104114901970607
-1.321340681260151,-2.063619009868241
-1.3602678118681502,-2.0561165642507375
-1.3477663745968163,-2.081264597677478
-1.3505203040581375,-2.0628092418355974
-1.3180374235590142,-2.091391745719828
-1.2668944640479893,-2.1009852738482464
-1.2617405520119391,-2.0958725607562076
-1.2630165640257067,-2.1014479128872976
-1.2435327087704915,-2.0909841266799276
-1.2386712036488106,-2.0744483398378564
-1.2176209580694293,-2.0558731551485487
-1.1606535279459036,-2.1145072826957647
-1.1335160502345787,-2.0730332386474704
-1.114679420148263,-2.096025637474036
-1.1092653307721692,-2.084826167246249
-1.1280402356675916,-2.051056656895392
-1.1249587639546341,-2.0850091861289157
-1.139954858525127,-1.3453086811145776
-1.1042510369830059,-2.1259512701544114
-1.091628246227228,-2.0881985830464687
-1.114221458526308,-2.0720670460410364
-1.1047452109624871,-2.0938668828803735
-1.0789000749484539,-2.0810062110208243
-1.069322052906503,-2.1162309931701815
-1.0632663916133371,-2.1050296482874673
-1.0234525495754703,-2.0906947481798435
-1.0728283482891137,-2.0752952583036874
-1.0214137827581449,-2.056492443649538
-1.0395795473793283,-2.0896376526968528
-1.0103966098311445,-2.06545659525596
-0.9963746141492485,-2.0628488720119647
-0.9911549270433321,-2.2362793421845457
-0.9760280040627409,-2.0609016759434455
-0.9708281548685899,-2.095509981761469
-0.9800072206488226,-2.045568470701885
-0.9854908589576333,-2.0772973642330177
-0.9826481676373041,-2.0761557542323352
-0.9996483630262712,-2.0738430894894937
-1.0211041044341838,-2.0871875390123376
-1.0139532966361058,-2.075431988442499
-1.0638891813714866,-0.5970346392132023
-1.0678750646254977,-2.098913129525979
-1.0714113667277152,-2.0677737499509354
-1.0896511116960022,-2.114221333706665
-1.0974888892355688,-2.095830001732576
-1.082883403800863,-2.067799380257015
-1.0717875827108538,-2.1063659041041913
-1.0891615132978771,-2.082341037063238
-1.0992188714096034,-2.041344421905667
-1.102783183430767,-2.0860611929965533
-1.128049545271911,-2.0707193630799328
-1.1214614122166222,-2.086031640870715
-1.1111978912560139,-2.0744717833277924
-1.1555346843099714,-2.0829310395213456
-1.1853419158376568,-2.0718185710509385
-1.188556236145794,-2.083446867127094
-1.2155357215358917,-2.0862480351965322
-1.236099424488467,-2.104687574728363
-1.2450085997688634,-2.089706402313966
-1.273980029224304,-2.097425187499642
-1.24900195719919,-2.260422804034923
-1.320184623278064,-2.091152583669244
-1.304512595673329,-2.070988115901203
-1.303836677201529,-2.075076496019975
-1.3420040744922037,-2.0992915047131135
-1.3385959597661883,-2.090664640132566
-1.325604393631935,-2.0829521212328315
-1.350013449969489,-2.1019085968669264
-1.3436627271451609,-2.0719069860526664
-1.3148872023755198,-2.0773151716162133
-1.30789705222524,-2.090452637946502
-1.328918115293743,-2.0621278834338903
-1.3181731195181496,-2.056123016960379
-1.332463103719513,-2.11593253741457
-1.3260973800962133,-2.097649621178945
-1.324490265986781,-2.067882521986232
-1.3103662381963583,-2.04679098207197
-1.321324695476841,-2.0641519851283103
-1.3425599504986876,-2.109550517792899
-1.3395042146579192,-2.0726786229578447
-1.334064064440983,-2.068806653765858
-1.307291741780773,-2.0559486068639528
-1.2873108867089942,-2.040801801986635
-1.2364962038194454,-2.0700253454589252
-1.2335444922525018,-2.116290511354314
-1.2018842807516614,-2.0834168467328977
-1.1484195728394901,-2.103117591921107
-1.0967474186630548,-2.0796851509027725
-1.0301932832630045,-2.059515808383222
-0.9936439182285053,-2.0814495694723956
-0.9540675439043258,-2.0641079639058786
-0.9196913124190698,-2.086528021930022
-0.9367750050807386,-0.457434048512867
-0.8855432381695805,-0.6372389957073958
-0.8650927142512667,-2.0835130324226507
-0.831671594786459,-2.123498283288915
-0.8009913423410974,-2.08850443956969
-0.7958417004875851,-2.0959700124147083
-0.7865110551218902,-1.3400492818939833
-0.7737368575923067,-2.088962554794482
-0.7747774300470719,-2.0907361830165336
-0.7597188915508655,-2.077989419004875
-0.7319397790138641,-2.0820186490480794
-0.724419680328903,-2.0970777754930583
-0.6965844291558155,-2.0993195456035445
-0.7198413481790218,-0.29011757385225134
-0.665030330495452,-2.076078664637926
-0.6734210202531055,-2.0582131727202695
-0.6455843728641565,-2.059114843416927
-0.6257029374102269,-2.0979094519740062
-0.6432627249643939,-2.0885450518114994
-0.6621108148694052,-0.0681069002099374
-0.6487251158667,-1.080750287439402
-0.6432536774115302,-2.0376164528017644
-0.62973546933425,-2.07154324401171
-0.6489909442783505,-2.0752817872520737
-0.6512354236213568,-2.077614084290846
-0.6520097432258029,-2.111120772694786
-0.6602483332865235,-2.083082866203239
-0.6572781546880953,-2.0708276836239086
-0.6479789203821986,-2.1008061462011685
-0.6547636696325353,-2.078376366616817
-0.6343348769128253,-2.075757852080308
-0.6403414780780301,-2.0972287442800543
-0.6171766878737258,-2.08534798889189
-0.5984589277470527,-2.079954788464457
-0.6107665583941271,-2.083050823369518
-0.5794509959623015,-2.1076256710965033
0.5280037853587416,1.2451210770538037
0.8578888784036304,1.236387235328474
0.8546311236310493,1.2417097340018481
1.1408943398307176,1.2395735306610491
1.1408454753417079,1.2292814326427477
1.1727101093114045,1.2504562464602238
1.4916352385159029,1.0937415681180818
1.455147883090126,2.604198830853099
1.4808567557578616,1.228511437188826
1.4231126506515939,2.7717578983780733
1.205165507491832,1.2482918433864563
0.9458644170272166,1.246841734168267
0.8542321245138225,1.2652660271392604
0.6354394790589021,1.2473622640465152
0.5338850140293602,1.2349067440518409
0.4425772222151476,1.250286916116986
0.18475055370337354,1.232417841078199
0.12232916801058424,1.1818019403768854
0.04993005070789343,1.2400401727328731
0.014851246387745478,1.2404293976352254
-0.03566228733490538,1.2216212444234733
-0.0428207205655669,1.2114096751202676
-0.024478985463023413,1.243848548486897
-0.04863208366825599,3.162537651511102
0.004884531389439968,1.2415337578579089
0.005714449498440842,1.2327398174707354
-0.0007041455555582655,1.2490053761007773
-0.003503239488957406,3.239917758156388
0.02910816222390812,1.2337336573989082
0.006047340792521571,1.249835218594458
0.008428016712631223,1.2565012521601724
-0.012796259037530776,1.243244210039117
-0.06310433426045024,1.2381788139561714
-0.049314297220715966,1.2197810732956988
-0.05704839975368519,1.2381449365164128
-0.051572409944758944,1.2479207129298744
-0.04280711665861341,1.231644381827201
-0.041187285727293514,1.2622952101921043
-0.022770421028155637,1.2396302980488891
0.004857230635640243,1.2422479949564382
0.05349104247635411,1.2391701712964573
0.07396447741913686,1.2247553496922294
0.13536004818746028,1.227332211736727
0.15898767982945652,1.2474839641379736
0.14985821670258026,1.2557812552920553
0.15666054528191192,1.2426693322188758
0.1841188568943384,1.2289214885967878
0.20587172879684906,1.2233435591735513
0.209652265540999,1.2524771735265086
0.19853107539380432,1.2351722557786895
0.2109591307983374,1.223761266222541
0.17735766141422288,1.2300089974531083
0.16197646045969516,1.2507670719589516
0.14539239599688916,1.2339876304398543
0.10296238924746974,1.2461894507897688
0.09692751885411963,1.2410613845080307
0.11991163136084483,1.2334439999302207
0.10466619218282573,1.2264387814967108
0.09635914611753095,1.2750094014548303
0.10697536551401249,1.258304346352368
0.09704251172071784,1.254164051207951
0.09261489068789663,1.2516369002395495
0.09634683378979216,1.2623688589754245
0.09612858052113334,1.2535255703633046
0.13099696973053115,1.2304123506181064
0.1273672667099357,1.2354501799562518
0.16047926223343162,1.2352368131273816
0.17297928204336616,1.2298262138462175
0.18278651919526168,1.2632253374064542
0.19527385750115928,1.2315876453697705
0.17240875287965277,1.2628388765899468
0.18789481978306885,1.2398588632514664
0.1991388956144611,1.269006128176515
0.21505968655218483,1.2422184404472485
0.27723170751605025,1.074029906878949
0.2552935397733612,2.3828131812715774
0.297848852185754,1.2531050282743486
0.32889553798786253,1.2145379190701246
0.36447822487248477,1.2441295883487284
0.36931562042754823,1.2279059095325384
0.35010706760992294,1.2179027589178166
0.39030058550104607,1.2623462819060927
0.37626266689363924,1.2779623027426439
0.37993407127463574,1.2543555937631068
0.3728405397764243,1.2386181304828434
0.35291575995799496,1.2494651755039123
0.35615376341257854,1.2510995946695207
0.3412305342332185,1.258222683415936
0.32910017085080906,1.27621030974849
0.30234070636180327,1.21277011258768
0.3481932407411526,1.2604481015911395
0.33816783349112933,1.2512421628257393
0.3306681043551746,1.2401451198668283
0.35536818896278805,1.2416995271680056
0.3265502058019211,1.2693278476435117
0.32167470188724984,1.2441069685617578
0.2934630822981539,1.2765149282158397
0.27198843947845663,1.2632646219231305
0.2918192289775074,1.2430094980521877
0.2735015814495503,1.2551071683742268
0.24244310017631712,1.2332951700024348
0.2517320869463328,1.2527396465166802
0.23057214828566813,1.25934384931815
0.23811797446083668,1.268759903331663
0.24138660920950716,1.2572189659907076
0.21145959129019987,1.2332007176087927
0.1841886234044931,1.25577763918227
0.18138650558284614,1.2202272281559963
0.15437494868897553,1.2344702033264532
0.18162277216017364,1.8511814802855573
0.18378311545469178,1.2512976602877335
0.17927987001190612,1.2301560663929505
0.2214393803353011,1.2427790011421531
0.2139308172851947,1.2263129150495202
0.20976602815318698,1.2227415754921784
0.20948204584812327,1.2159385923667232
0.1921266667167539,1.2458943575567145
0.20780555468393594,1.2379413278174354
0.2221591183334353,1.2270534470330956
0.22527208949012104,1.1023600560693054
0.18059100443167442,1.2728354376157556
0.15856313877494518,2.7438627400442552
0.18045302247740858,1.212224434208723
0.14958581232969922,1.2151264397837334
0.09691949128741542,1.2241092050642628
0.08393559088294653,1.2895368803504244
0.06920397142635187,1.2776884007447842
0.03298242152524668,2.629062933875521
0.07744359520115533,1.2542169114203343
0.023959419693467758,1.2621999185561936
-0.021012349300787322,1.2230144740339854
-0.0199845470066353,1.242682774063145
-0.008296789998565599,1.2388682258561412
-0.029089706986169854,1.2188503920998897
-0.03564657290939357,1.2253238533924566
-0.05343996457416953,1.23862759152319
-0.0366395754970127,1.2511751082810798
-0.04363256606823469,1.2466714016138514
-0.02356251768235561,1.2258979556281169
-0.0541253635661901,1.2438508822041183
-0.05601725425006078,1.2128181492022718
-0.08460174003569684,1.2732769350781998
-0.04043911937487323,1.2532707362262259
-0.07847507590129937,1.2409512140994499
-0.11284168157198958,1.2303292952207558
-0.09697813256198189,1.2674289884072811
-0.11163885371701619,1.244996529173983
-0.08534509214283482,1.222116760136248
-0.06617115215567212,1.2308249266605014
-0.10290084888407133,1.2311831142132532
-0.10841006417933796,1.256510232853029
-0.09636631077259801,1.2371270340973795
-0.09337248228305219,1.2197507850644953
-0.04975100094724098,1.2421396775576687
-0.06429953432291857,1.2330972941870981
-0.07866135785964776,1.2432611783494587
-0.07280459633913244,1.254762082286217
-0.08084153042278269,1.2858711580270623
-0.06609722032843121,1.2458618038791003
-0.05175076516234381,1.2534862311283692
-0.0019107080967515155,1.219906749721214
0.017516700990158937,1.2487364864442603
0.034563977834567085,1.248318064326168
0.055666260872445326,1.235725870693761
0.11531569119151014,1.2473139361769106
0.15530232172716482,1.2457122875687883
0.2068419317535075,1.2268398652789538
0.29301620004183276,1.2244650079248294
0.33974121675291086,1.2436632414093218
0.38804142666791963,1.2657797304976122
0.42560497837914485,1.2306582769132461
0.4515403537915909,1.2622168403900158
0.4956077754317306,1.2063225174615646
0.524755420746447,1.2629860402617112
0.5483010420581353,1.242758048756931
0.5210596400567911,3.2954046856419064
0.5552787054594995,1.2301429829267927
0.5402156140438336,1.2799454113803979
0.5057195002589724,1.2600764859029843
0.48448247534582906,1.2283646855479893
0.4563552971431063,1.2345888914866396
0.4667394042035277,1.2254206041963465
0.46265955381016516,1.2524078777545884
0.44778023847033277,1.2441826766474604
0.453404144119656,1.2775622458066151
0.4631801424331744,1.23029704473783
0.4775572320169663,1.245749755168965
0.48326183615684765,1.227060565652001
0.4781159692047915,1.2617827035830984
0.4845376198259829,1.2240468705455572
0.5156819877012233,1.261326519165716
0.5034728105319524,1.2111878764864514
0.4971522073725582,1.2568020178051051
0.5133140899696254,1.2349709992590712
0.5165250200695585,1.26258250735078
0.47478979844758196,3.5121669534389612
0.5604248807738305,1.2223599509175824
0.5399298660034964,1.239505042711615
0.5504565636053542,1.2219457397352114
0.5441981529741913,1.242211978715867
0.5661192812231006,1.266371349526832
0.5767576863392655,1.2280533703281356
0.5804025060256214,1.200900159605356
0.57631597444066,1.2284759553317322
0.5874158649376386,1.2130309863323516
0.5620414649984364,2.7430601836723856
0.5605659405845617,1.24722055977897
0.5320789123407899,1.2551983625761722
0.5456283593273737,1.2318819372933332
0.531082952828259,1.2572444070049893
0.5186845552411383,1.25273746717538
0.4905859939082287,2.644329524102583
0.506745261084755,1.2393793721087463
0.5235171275864536,1.2597855620584146
0.5471519359703633,1.270204724358489
0.5509334987268674,1.2256358034773362
0.5392894033181742,1.2442277431208444
0.5501172851564654,1.2391072743834455
0.5180548754470625,1.2314531891183509
0.5387869405162878,1.2692097300152119
0.5644867784255059,1.2484094662152225
0.5419204476006537,1.2606387128464362
0.5897587780420003,1.252766999545739
0.5840027054424369,1.1530848845099535
0.5688319235227197,1.2243200577388687
0.5988950356927789,2.710384102921508
0.6237357549389865,1.2230535527069324
0.6310423527548514,1.2288643484557982
0.6619203464587146,1.2327470358921349
0.6392070740641768,1.2276325025962513
0.6610205181293303,1.239698189370411
0.6682098336506062,1.2155970868569563
0.6559492969079227,1.255397227241319
0.6749560316811261,1.2390003160224878
0.6646788362292864,1.1951135426820696
0.6618692689547105,1.2657956241598762
0.6568812032784462,1.2424768456467992
0.6406653778716837,1.243116947696378
0.656135590975254,1.250226259390085
0.6570380602135245,1.2165520153184055
0.6443549646593885,1.1923151166814054
0.6340747993282717,1.2526984781571484
0.63669676977063,1.2679429911639228
0.6324559468228278,1.2512314757912792
0.6447495977593385,1.2222007157253094
0.6346877677524775,1.2234570111784087
0.6147494292540876,1.2528316710730183
0.5830185556321442,1.2035400823815083
0.571550349926506,1.2528093676089076
0.5603379340194601,1.2265924682092846
0.5526734973238759,1.2325737346447725
0.5562296759641497,1.2511558615277591
0.5485733230084596,1.2674541140899407
0.5026610941869248,2.113542725763297
0.506334629073938,1.2202579244243543
0.49199054782107415,1.2611351143651892
0.476705188752182,2.291302190637755
0.4900185699911467,1.2046068373673526
0.5092485409263826,1.2732780682161426
0.4536336579342293,2.9611717685027683
0.4455992637781235,3.422031001736752
0.5035236357723059,1.891905941088232
0.5129555280539169,1.238977548472389
0.5079103190873815,1.2323556035502912
0.45106114515220364,1.281476261899653
0.4604734206750153,1.2243755393467814
0.4835724536425448,1.2475797066806813
0.4851818955286465,1.2361149072723043
0.4774891448072628,2.262157248102186
0.48923812411318635,1.2439611061770948
0.47187021384660427,1.2307202912363786
0.4924522869995286,1.2459126938484186
0.528994474295756,1.257860990331103
0.5607736409060248,1.2268552028255282
0.5790225765542696,1.2578432257818226
0.5992438846036314,1.139425826693459
0.6096695626386868,1.2473185090531482
0.6161024195300537,1.2427595595891572
0.645811197024311,1.2312103473203961
0.6579444938054384,1.2551351091928824
0.6570080361617464,1.2260258854551278
0.6714242451688825,1.2641652294063748
0.6763149363205303,1.2245353712125824
0.6856322520636625,1.2514399847320272
0.7055458933366322,1.2426117287961755
0.6875694931743233,1.238389911731853
0.7007658585832385,1.2194419641513135
0.708604782392533,1.2392366664122845
0.715800240826439,1.2342296280691385
0.732191049727106,1.2479569231252092
0.6921488087212685,1.2668402431086079
0.7249318396346396,1.2400308934801278
0.6823538051613698,1.2315454243791042
0.6862749906514833,1.2335827411339775
0.7046099107948898,1.2261475362611343
0.6985543404474814,1.2450507474036343
0.6852389826298826,1.2639342834819616
0.6987903059959675,1.2485760452112236
0.68719907143834,1.2612820516795678
0.6903351352505338,1.2503509361250793
0.6951326313579758,1.2710037500490858
0.70871707307177,1.2329488217243492
0.7046526206673641,1.2407263083092759
0.6982595713373894,1.2415345262328883
0.7026398493754894,1.2469685658018874
0.7302014657398658,1.2159987724228167
0.7471233676859094,1.2491949899402213
0.7457837776264188,1.228063462473488
0.7567165604744918,1.212873625001658
0.7592094604425143,1.2116253362860605
0.7672223488308598,1.2490665798340654
0.7690485126036003,1.2436858840511726
0.7865102213033726,1.2436641647607751
0.7609741095667737,1.2544639992912534
0.7923071770308354,1.0491715690094792
0.792825475021515,1.244820107874771
0.7740193743119735,1.2557653144747563
0.7951041650268899,1.2126986927628787
0.7512592180127421,1.2377439806393429
0.7058966752864244,1.252932082168515
0.7355331514592092,1.2462220707228149
0.7262972826671303,1.271476148949918
0.7246336916574779,1.2571470663565192
0.7651504798986569,1.2390691473584023
0.7248455169003105,1.2340210118819432
0.7136227842151175,1.2362771535398633
0.7586807394289767,1.2369224858394827
0.791322221762401,1.219396961384465
0.7566212605766518,1.2318772403478497
0.7744180225445176,1.2658234506716197
0.7632921826596858,1.2446190995840285
0.7688671282243563,1.2059738594118907
0.7571888497280188,1.2392445406368229
0.7823554001560374,1.238274095404672
0.8012934031619515,1.2636182962985556
0.7853270690290203,1.2432683182550437
0.7839210709275264,1.243932971721786
0.799824968822531,1.2277079498798804
0.7926198780757466,1.2291161849875354
0.8070938007855473,1.234924420587714
0.8211223279788538,1.227295219679055
0.8363399630944818,1.5773762289181261
0.86372838947972,1.2523071354130442
0.8535988110658499,1.248278074653179
0.9009170398274854,1.2185270418927212
0.9208547121670682,1.238274973588942
0.9320767079345491,1.2621200315862204
0.9514989272110779,1.2312131215906181
0.994433495842362,1.247097904599188
1.002659166764405,1.2319375212145138
1.0246449962279278,1.2397668254578438
1.031812426086533,1.2055534012271214
1.039072659644747,1.2476197050856086
1.0833132700175017,1.2709160476190544
1.087602907340381,1.2246406301639694
1.1141643097366136,1.2584149519591075
1.1306624061387296,1.2435406348193632
1.1011216375677408,1.2565369443162675
1.1328995064048601,1.2189201462055426
1.1747219929543717,1.103428552677342
1.1592503731492145,1.2677472032743031
1.1712302555187255,1.2205845106322997
1.198897643332847,1.237740356978759
1.1918896285821614,1.22845102700395
1.2101260004162853,1.2367963186447792
1.2050611298948843,1.231385822551468
1.2284900815021635,1.2271692470345203
1.215105670968699,1.2267795594904556
1.1936261131492671,1.2468648413206005
1.1635436734198497,2.6678550904863214
1.18484143634029,1.2306971967058817
1.1741160856550477,1.24931480407847
1.160621561540144,1.2111966400026772
1.1342663877435004,1.2441412591022993
1.1106399967286849,1.2463592088455895
1.146282911776113,1.2342466508726402
1.1553821768328318,1.2394006440527536
1.1921168012791254,1.2526951053631927
1.1618026415443683,3.10187024448206
1.182368189421063,1.2377726448065645
1.2451890425555792,1.2110570564111447
1.2690441538216797,1.2462097932424419
1.3323467925072285,1.2563924292230564
1.3847949718561368,1.2590439659075106
1.3735264883420115,1.2522291187726349
1.3713908790582672,1.2508615300890478
1.401131497187082,1.2655982789519962
1.4230986999690964,1.230708363036145
1.4762881408475315,1.2053433568190919
1.4912463616307474,1.2292694199373773
1.4588397202184924,1.2361259237942421
1.5000652573668436,1.271695090743724
1.4597883306295767,2.019424580116818
1.508292363790199,1.212771638793236
1.497653582897419,1.191872476700638
1.4755627418944874,1.2534380539380023
1.4473023400998541,1.2650433236212157
1.436724911783834,1.2566743438187953
1.4300118355248916,1.238540817195005
1.4111385160121155,1.2755691875135475
1.4207293598237147,1.2589162904029634
1.434292557760058,1.2486589228617369
1.4181338855864583,1.220598059011496
1.4221842866273984,1.232190278777457
1.4132503740772882,1.2337173497039633
1.4287032566460558,1.2201532373449357
1.457680586149172,1.2571590887892472
1.4441939523548435,1.2258067927218186
1.4217402550957852,1.1863428618256864
1.4222786574458157,1.2349684401826857
1.3840326191671133,1.2318531803392443
1.3956750527728194,1.237377962276001
1.4488391417049478,1.2516753560035703
1.4025450950269238,1.2438861366803688
1.4032233896139115,1.2182990621450578
1.3972008421080244,1.2515872534048689
1.3929542514680824,1.2384532704425937
1.3986633413072993,1.2476182423930358
1.3870080002972822,1.2259499714335724
1.3888619327438556,1.2436783404056773
1.3922676425981433,1.9838696401796434
1.3917639304424758,1.2266884806534077
1.3722973708881656,1.2205873448708857
1.362509337753112,1.2181807485815492
1.346125583944161,1.255671700676368
1.3181266208288591,1.2150719489285176
1.3025635538592946,1.2195421733585827
1.2945068367026888,1.150058382871798
1.2531064865105044,1.2039802553817693
1.2278614614152512,1.2482547349284958
1.2041297378398568,1.2515748316432365
1.1936641081087676,1.2138703744506119
1.1864465560139856,1.2280832104800246
1.1581243580917417,1.236826887420406
1.1960160064996062,1.2469358925896785
1.1749654108519987,1.2434813124617645
1.1774563077519946,1.2578597703096115
1.1854003892529712,1.2599138656555537
1.209349011633582,1.249955557450741
1.2146798492893023,1.2293081175646083
1.2345065159578095,1.2413215164581355
1.2820559062085168,1.0350588959779388
1.2333527742905914,2.027015142617543
1.270924147210499,1.240633066340948
1.2840429046965256,1.2523973580290766
1.2982165839481736,1.2291734128293408
1.2593007387362956,1.3077531805088765
1.2317634259829535,1.2601453630611068
1.2109669877770555,1.2426351910485638
1.161568032966196,1.2517350657189483
1.1095027818774164,3.285238935657902
1.126314196736712,1.2116985503682345
1.0459146142040074,1.2112538564077098
1.058985461743453,1.2521385101467286
1.0257429640161213,1.2381054386906865
0.9807576392046778,1.258984173954341
0.9739070660732698,1.2327026590696597
0.9328270527437146,1.2481751041772995
0.9470284383993371,1.2408675767945263
0.9362109587307301,1.2257888735734175
0.9594130700695293,1.227934143115031
0.9314174357689087,1.272302507341887
0.8996319785018262,1.209139636573883
0.9237206670449322,1.264178464770332
0.8739554818637544,1.2580216599350138
0.8463658651470126,2.7386437843537785
0.8779675900887306,1.2425520188586303
0.844295031713809,2.746103757377323
0.8782094043599951,1.229992929424218
0.8992442055644014,1.2198003328985882
0.8934591654167874,1.234221151165527
0.8942806618350299,1.2400162154101588
0.889536787445405,1.2448333868780987
0.8997947379890404,1.2395429417201431
0.8841417362393155,1.2128233743835743
0.9165857664863506,1.2320511897109294
0.9075544350238219,1.2621512135381903
0.925794088617222,1.2578302405840032
0.941588371428193,1.2498403303283714
0.9876679625537991,1.217503306159706
1.0146684671935835,1.233700659817244
1.0518459131311721,1.2526765505126995
1.0609883116773466,1.2789123101743232
1.0817949235346742,1.2477813352715228
1.104147494920757,1.2202757709388894
1.121802261857062,1.2508398438758033
1.1490048974455427,1.265136081305386
1.1290558426966084,1.2423038944650393
1.1471129662354853,1.2145753866397622
1.1536937642059024,1.2378166835677331
1.1458263558566464,1.2475778606992656
1.1705375961380737,1.2549933731983447
1.164328113754758,1.2548908425091676
1.1441595009089318,1.2415586323128889
1.1754596775748722,1.2120794851188452
1.1579054103978714,1.2357752525269186
1.1798231181081293,1.2462646221669682
1.1720718290580114,1.2300508555483758
1.1384113666492672,1.2572233246326532
1.1317768065385712,1.2074528246087113
1.110196117456263,1.2384476478693307
1.1054157170719974,1.280496210467469
1.084103040460292,1.2356244845591329
1.0567231709543732,1.2219997431529017
1.012695064336177,1.2433525527318285
0.9653795954546741,1.2387859601172067
0.9506158660527988,1.2077776389223263
0.9275447673492142,1.260603328259834
0.9215859980128602,1.237141999213806
0.8890777550113403,2.388235373927107
0.84651883368217,1.2485967583881659
0.8141342597202441,1.241317366253971
0.7721026503750269,1.2705965529530536
0.7763788673709402,1.2269366518080331
0.7600174555003792,1.2626887048710453
0.7259679598838445,1.2471736681363625
0.7234687860225479,1.275629483876383
0.7301537379840317,1.2381388571429353
0.6772898542410339,1.2666692834499262
0.6629777961097014,1.2479840417095072
0.687876290087949,1.2567093844474793
0.6534874555223079,1.2449589359861033
0.6558255194133541,1.2447015515668327
0.6708496642234609,1.2128673101552068
0.6578329575006564,1.2358196157553263
0.651485836118221,1.2400505894290412
0.6470899034895253,1.2746662643362296
0.624677950007264,1.2408700385215834
0.6491578480275992,1.2235419836423453
0.6442989833811082,1.1973353912718443
0.6209629279102408,1.256141360595575
0.674264625655514,1.2447709478063635
0.635118418363081,1.2344229469181887
0.6526856680670311,1.2453834279189668
0.6361979923568385,3.437565714737546
0.6525364664658071,1.2669099730740263
0.6420957920420317,1.2423407519347076
0.636970906301529,2.1290464833642204
0.6348400105698189,1.125754254016423
0.6209745817350749,1.2339456511435904
0.5984635547583257,1.269470892858033
0.588939611851206,1.2281032163922083
0.5909600076831459,1.2463249551710924
0.555797333374773,1.2571556148937422
0.5449049285095999,1.2443736181908527
0.533503516503726,1.2338529091412656
0.5076065666315568,1.2304076111039082
0.5048960383079282,1.2322872543565
0.4804369119509282,1.2382156344064137
0.481563029766405,1.2371764823732094
0.48374251853373684,1.256455287969956
0.47018321819454184,1.2399826715731053
0.47406118594845426,1.2236869791111762
0.47579553261080815,1.238526110925713
0.44225697730099284,1.231942156136466
0.4028752988297362,1.2358216899577257
0.4278136247036345,1.2237181344887724
0.40988372910606047,1.2301495073211424
0.43107282562045374,1.274021927987778
0.41590006230520954,1.2502568846446342
0.41904845122111267,1.2348573318745872
0.3943625150159232,1.2424046147449332
0.3999457808070166,1.2461670763803288
0.4226735921427586,1.2554772389651934
0.4156579820354277,1.2360091509765125
0.4056038956271175,1.2354709914288187
0.408648334309523,1.2523226732614336
0.4049547567070573,1.2336178010842778
0.4078277830169867,1.2444733179307694
0.39675915469484746,1.236549348854511
0.42239132272025004,1.2740668543905163
0.41771954314613885,1.2572082865399454
0.38129579969057,1.2360894642906577
0.3893184545413294,1.2045533044537213
0.37052148948350805,1.2517917409715535
0.3497457198132315,1.2403991812538353
0.35013984289374467,1.2436989442894986
0.36882797961632197,1.243590075313983
0.32762565030447527,1.2342763174300289
0.36764940363702014,1.278657379833821
0.4048928061742502,1.2493092080996167
0.4267395404461914,1.225582284952216
0.4677301158005096,1.2454083293299225
0.44905151254974507,1.2699370098789642
0.45369577902825786,1.2527485929583995
0.4523257916547066,1.2711756128640879
0.44620580138373156,1.250653665452971
0.4591691611005844,1.2527532755681885
0.44847744771503745,1.2369143510340883
0.47545595739613733,1.2191513445578865
0.5015976640791444,1.2402933082529148
0.5342527811905959,1.2346865993188674
0.5512230234699409,1.2457244340029603
0.5681691948258099,1.2371926924738805
0.6032421333569838,1.2152161925845109
0.5848405713829116,1.2577242800768413
0.6055465930381835,1.2485307479211387
0.6378293300812033,1.2723010786572202
0.6570006815198163,1.2276574867060774
0.6335782892397565,1.2193287481756445
0.6786684740296881,1.2697462127963421
0.6627766701957514,1.2377502451580735
0.6896715387628368,1.2196999404677615
0.6867452778687313,1.0643710692499397
0.6621248476790886,1.276431452621357
0.6656825979291108,1.2474668675799943
0.6194830254819509,1.2444251409140394
0.6157381226106233,1.2356851546915442
0.6264844391325527,1.2636171789655863
0.6104812618334395,1.237071049416616
0.6010435369089612,1.2278732707156887
0.6215334733286387,1.2476097906279906
0.5936113884282453,3.085552549623201
0.6171906402406663,1.2486330306521873
0.6012019593036465,1.2351804263264876
0.577374791790253,1.2459774022360468
0.5307120283104666,2.925432999653916
0.5408172702022584,1.2495019284929814
0.5356861748857386,1.2581591985684486
0.5094751535681438,1.2107104276471454
0.48853549687941916,3.303544356578047
0.4742110229774426,1.2459049730902456
0.5167364306546554,1.22602197577901
0.5330823499414117,1.2342593836551996
0.5252998477788376,1.228689402548084
0.5349738073525321,1.2496860066454742
0.548138866472855,1.2515601779875138
0.5431848583632573,1.2531302060558474
0.5565817415077264,1.2340584788783093
0.5827251535699489,1.2575449934906435
0.6059486040400996,1.251408293836175
0.6475624105482991,1.2392916360101458
0.6755038847509078,1.2512208128457247
0.7063579962054861,1.240192030617957
0.6954049993029762,1.2891671523549988
0.7202771823941194,1.2579671147976383
0.7371063308508136,1.2374220725694982
0.7547341641268599,1.243512257073934
0.7384593507395558,1.240490881920894
0.7426483617731048,1.2742678356848394
0.7258221570202138,1.2014759784174032
0.7051940408714336,1.2639595444622658
0.7234203431915294,1.2182385098382154
0.7269713230397763,1.2448749988192156
0.7195115152125633,1.236050628509583
0.7422181628627559,1.2397808414758955
0.7788268711328904,1.0954210155741053
0.8013520629958069,1.2247496003264724
0.7869668827289922,2.551574655059423
0.8468134852366873,1.2173382261626986
0.8550475512588568,1.2315017316820922
0.8716871632604843,1.2274378180100587
0.9092468653126562,1.2129813263796523
0.9610171190014299,1.2580687941827047
1.0294815317355073,1.267229999247252
1.079823008951103,1.206387964724594
1.1106233034857116,1.2449847158217138
1.1382946961159193,1.2083552434795446
1.1507302993540385,1.2591251360959868
1.1961935348544461,1.2509216631320275
1.189186590671503,1.2117661896415515
1.189033154418829,1.229970313926457
1.1646616735350344,1.258753222663014
1.1568515369971828,1.2459809252968577
1.1562728932335877,1.2319736848275569
1.1771434715709286,1.2669645860129786
1.1786422172693287,1.2802976056489237
1.1747941924503595,1.2423067441739488
1.1862962247691733,1.2323373972330876
1.1995238923980183,1.244150215054698
1.174544888603439,3.068627388745663
1.2120486891273852,1.211889521317583
1.205580608274935,1.2607995174604576
1.1843522586743334,1.2299991411423614
1.178675635342318,1.2082389802174052
1.1314625142195665,1.2454938258789792
1.130805828893931,1.2479465411123967
1.1511698415035632,1.2494723363808047
1.157069433396103,1.2465514230940038
1.1576467957626628,1.233317193356146
1.1684022187319776,1.2560265060972062
1.175349233129076,1.237222249762175
1.1700089951712567,1.2463710285589291
1.2228161922449394,1.2575337220189204
1.2398447110527582,1.2055247566054494
1.233570735419616,1.232239606252296
1.28310725483494,1.2445216890273945
1.2972094052239702,1.285089428534168
1.3194547933737368,1.2226356651096377
1.3745041027185112,1.2273344879031807
1.3740773133199193,1.208465957461812
1.3583978502375729,2.9271193310528423
1.3949945843457185,1.2595536649290366
1.3372498076082617,1.2670765840799243
1.3252182137486208,1.2387391595200052
1.294499627678956,1.7451603586923417
1.2729832784294308,1.2120489101492735
1.2987823477897904,1.1438118802308967
1.2800232154573021,1.2330268938707687
1.2336884871746001,1.2401356761535893
1.2675009971201558,1.256484455718604
1.2762462663242173,1.2375647546186022
1.3048391129850578,1.2094402103516189
1.3340537682974305,1.2356455331839835
1.2941119783327506,1.2120328221521253
1.3165700314009245,1.2322147435991078
1.3616152676156552,1.2463103545365233
1.3600885582017546,1.240940933154138
1.4040366248814342,1.203939175204199
1.4076554798120486,1.2323718519678182
1.412844407539792,1.2597220207193087
1.425231216707774,1.24295138759942
1.4716476490284554,1.2641544922551144
1.4920811870580237,1.2489173431287648
1.5023853624323793,1.2071439125239187
1.5363143888939745,1.2378562906528185
1.5472582224365925,1.2411420844985788
1.5448450122081856,1.2488988828489875
1.5505260335158155,1.2340938934943682
1.587623675338379,1.2573709559766166
1.6111963263863502,1.252667765037721
1.6381570403388046,1.2606711298806181
1.643848632666358,1.2467557087408265
1.6731491907695946,1.1976090908062913
1.660408385507273,1.2273420796750407
1.6733804090570423,1.2521858740542506
1.6943165111124003,1.208007076655469
1.6827485680567595,1.2428996886800627
1.6973931124354698,1.284612749671285
1.673691389791314,1.2374984647758522
1.6974468816422328,1.2681584934358374
1.6954581729245382,1.2228741086612795
1.695306389033446,1.260742336545563
1.6776290236530524,2.987223142660817
1.6776502018194652,1.2359401568574584
1.7096265066809664,1.2403325902796734
1.7670468186612738,1.2668990904291095
1.7753462687638077,1.2356880441562441
1.802879639829231,1.2423975146488715
1.8065463707769733,1.2082526032990268
1.8307698817836122,1.2601363938743075
1.8499997280250278,2.103882061281624
1.9026342519440742,1.261295630627196
1.8984070683431482,1.2500258326000668
1.903265455862383,1.2306511208839128
1.8735568786357393,1.9266248329769549
1.8340526174439404,1.2464115245561285
1.842829581383526,1.2565310012532191
1.8308096310852278,1.2464083437389788
1.7877278040927678,1.2492844728520278
1.7745520391905987,1.2394392876461973
1.7886394229234996,1.2207631729015478
1.7521679747065535,1.2367961946883035
1.740766978988222,1.236569235919705
1.7485474337056346,1.2377606328577189
1.7150287190898166,1.2464426998038127
1.7289974801731889,1.2443376385133782
1.7130757959803757,1.2066629465995606
1.691049983594586,1.261311483724125
1.6751350133480194,1.2412032823180705
1.6681278683272447,1.213293330027206
1.653653349059277,1.2358917439155834
1.6607156715076103,1.2207741681603768
1.6236662587783666,1.2624258730862334
1.6174355749611566,1.2238042678182324
1.5929898698953806,1.2190456038198234
1.6256036114176307,1.2556974554852143
1.6591444576489591,1.2451769488912965
1.6492843557652324,1.233547260178995
1.6762329075713267,1.2092049772840288
1.682127060071573,1.230008834524924
1.688919084310531,1.2539882100746156
1.7059519679921151,1.257854697303617
1.7237620644264435,1.2297575770571783
1.6937727603538535,1.2273431865844366
1.6986299615866955,1.2554738245157921
1.7270308578835707,1.2410643956986323
1.7474127758282125,1.2538107894651462
1.733835074995051,1.2204545013555088
1.7128466482305096,1.247525181526851
1.730477153505798,1.2272156959624212
1.7492437895549078,1.251696166531943
1.755439219198379,1.2099885608425878
1.782361600114148,1.2337185428126607
1.7881686503405474,1.2352225036004023
1.7794804706222895,1.2143857248577319
1.7650056697730314,1.256954333245313
1.7562482832950357,1.254388971658167
1.7632154633753936,1.245675958006669
1.7350729629050936,1.2432601783013417
1.7421164408641825,1.2426761556818176
1.703609978165573,1.2502721922391693
1.6577099761834662,1.224083103905141
1.6514325912363368,1.2207881046640219
1.6551790067518135,1.965388893468204
1.6245846113750964,1.2328440850711229
1.6636025472814415,1.2547062963515718
1.6671150335638378,1.2258992605914536
1.6740826906391568,1.250265625040539
1.7130180273188658,1.226211666923403
1.7062067063096402,1.2407975332095698
1.7089087490683674,1.1651904364130692
1.7075180816889415,1.2086683962430627
1.7184661091366589,1.2395590476160652
1.7094612495099912,1.225266343596573
1.6900519296265604,1.2209214155229713
1.6658849454596314,1.2031040811467224
1.6467752443288273,1.239723200753782
1.6261213907136345,1.251577483925973
1.6040974329752957,1.236258533639493
1.607222298815195,1.226072026282118
1.5658092418626985,1.239944126502685
1.5695710842682482,1.255220567170473
1.5529114229409242,1.2974437621992088
1.529290258495823,1.2144290386457837
1.5295216795831106,1.2477815141834971
1.5258079315053534,1.2496917644442025
1.5452253856715645,1.236327332654943
1.5393942100463445,1.2215515431900466
1.5165900761016644,1.2576882777381013
1.524639615920293,1.2100672196518887
1.512367480655849,2.711246998464914
1.5435344831589528,1.245641324528159
1.5663718346332665,1.2465263686307675
1.5490476481185873,1.2429222670549915
1.5535110115844517,1.2168712181960566
1.523458580443289,3.403336349373095
1.5550636102642408,1.2170164005297763
1.5883396838959025,1.2593317823449885
1.5788771291227828,1.2307158237798566
1.5434637768517991,1.2239474272612103
1.5244613368511264,1.2208810413914901
1.5458960503364065,1.2376894888659884
1.5318161197357563,1.2409192324792697
1.5256689141814634,1.2036901079483566
1.5220778473848409,1.2318394436725673
1.4981706105517232,1.2509825702936324
1.4736753869223038,1.2595880428740502
1.5094383540310017,1.2613910545818812
1.4860630544954083,1.2455451799033879
1.4215719554175104,2.0207893788050284
1.4417858343632677,1.2513379119030894
1.458134320406776,1.2042815182574256
1.468243905130901,1.2461298755892243
1.4497079688911234,1.2402864387624977
1.4339924742190218,1.2382723872505865
1.4221141262920582,1.2268900558963012
1.3816483792359993,1.2343793798076506
1.382679894735787,2.1304857452305184
1.400998150420142,1.2582484733098878
1.346439201206839,1.2192527902252164
1.3189706234512126,1.2306024710858894
1.3140781726123931,1.2389993344334413
1.2925706613739751,1.265227875441712
1.3113498680441407,1.21956785484967
1.3042276104012578,1.235967137979506
1.2866658896203051,1.2224292019276979
1.2934249567120262,1.2401480622699494
1.2907794879271237,1.2270170357073769
1.3361709727616546,1.2369786705568124
1.347242683510952,1.2207555676925008
1.378834104077077,1.2143687547087358
1.4112042644467333,1.2269463641246938
1.4018572691946671,1.2084426864948457
1.4205055164047782,1.2508876824435422
1.408178798981166,1.216687927989902
1.4351764180661257,1.238692032539499
1.4585635872856555,1.2080814287013717
1.4785617919893044,1.264820439769909
1.486658789213462,1.2269020071076464
1.4977065832743188,1.2319339057620775
1.4944254546675249,1.2517297148377293
1.5107958474132304,1.2329444957531548
1.5412321334658639,1.2447168174016705
1.4984420094531468,1.2312219752121552
1.4838216582751311,1.217372525394643
1.4992248307529168,1.2528207551798665
1.4611187243597767,1.2383896777087589
1.4758918750955796,1.2082505955069642
1.4739329227533489,1.227760347797766
1.4289750636031855,1.2314541248557591
1.4226956893087346,1.2463960990555376
1.4152157057836787,1.948572182731901
1.396930975965589,1.2161017583446887
1.4062553006837772,1.2811280459761247
1.4127593502221467,1.2610067810154064
1.404997698048852,1.2394515818098093
1.4099996957434053,1.2347740379698262
1.4237876958404392,1.241697860733452
1.4095742673929934,1.2351912794763085
1.4248562349492548,1.237319479243215
1.4454629355159863,1.2459219664868761
1.4586136369521088,1.2277080233237292
1.492958550134283,1.2380916169883387
1.4712715932148797,1.2509275351418598
1.5033018313463749,1.2424389015701987
1.4916932075561582,1.2462381917424847
1.4813669237793419,1.254114629397541
1.511464922511307,1.243198882312555
1.5266610901093338,1.2385962089494316
1.5174252769162897,1.2247966419033307
1.539304236073116,1.2327734952566447
1.519497898588056,1.2093175615771554
1.504213696664092,1.2668280520186253
1.5170344495800647,1.2441895763076143
1.5214040763300996,1.2561850760228934
1.559254943802137,1.2535993334154607
1.5502136880034643,1.2360826875310593
1.5656635062217268,1.2617850798310584
1.5675111510362625,1.2365012683111083
1.5616344973900396,1.2216629518668307
1.5262996447317296,1.2611471198371362
1.5535501432073267,1.261625462921439
1.523611437611601,1.2244876022413111
1.5344688026006714,1.2097841620720933
1.5773461122679246,1.2283656265775598
1.5221195123821916,1.2285786526757398
1.5483803380641619,1.2672774849732351
1.5632371284565376,1.2281390681064057
1.6067858875157293,1.231309729495473
1.6051282314232862,1.2421931659844263
1.6228898015445232,1.2337895734031163
1.6498797011166821,1.2392147667906586
1.640160326420787,1.2176756960781094
1.6504832729347831,1.2240496438333557
1.6456256826224331,1.2246595757323253
1.6528356239943953,1.2366682936349036
1.6760127878232214,1.2072941014380467
1.676186234160332,1.2263026165602893
1.6626202288364913,1.2510038615969554
1.6524806642334748,1.9725547245651578
1.6879130109744978,1.2287837088390408
1.7264559497971865,1.2618544038875847
1.76966389753539,1.2491104925129792
1.8017887607690164,1.2642922223187214
1.7834125592329821,1.2310602321242747
1.803192927092892,1.250636389594315
1.8121145825989284,1.2661378997625612
1.7877754932994732,1.257869467237893
1.8251233448106141,1.2422532087902212
1.8054862843359063,1.2210345873025548
1.787092474752756,1.2586062926197659
1.7894332179446835,1.2180815396166111
1.7859920155945834,1.275711597390733
1.8035801674370522,1.2229898446723209
1.7871701468341628,1.2516347215635946
1.7858875932765084,1.2508660435787118
1.825675789480146,1.2214748906205652
1.8701193712088546,1.0274236388029856
1.86104029683416,1.2615399442323723
1.8612277925937288,2.121987654615544
1.8944005301263327,1.225351553540644
1.9383868859473627,1.2542988066077643
1.997035175632882,1.2442040150186238
2.041761440010383,1.240186148140243
2.0706018547322658,1.256205420707367
2.091436027705777,1.273281689617462
2.097186756254364,1.2247971048409647
2.1426384659633233,1.239757882977428
2.1614304075091266,1.2262137920699852
2.168400482697819,1.2217358328653474
2.184232152041273,1.226313539401679
2.1556122509487152,1.2066218683238943
2.14466216412062,1.2358520579586771
2.143873215028732,1.2325371154133253
2.143911453856045,1.237858448533368
2.1524674634356433,1.2521897010935044
2.1506528473608295,1.2621763586478134
2.1530801212544572,1.2304183230984815
2.1619880154737934,1.2382856770527317
2.161912984191529,1.2553722998504635
2.1033250267160364,1.2074468978533615
2.0863590446291513,1.2400386722315806
2.053394942905944,1.2830759506087355
2.0218631207407363,1.247653188404456
2.035185215896712,1.2357875154556335
1.9767249608633675,1.2488608742254894
1.9612671609844747,1.256296290467639
1.9486801263826037,1.214914532464303
1.9095467836405908,1.2526010101790797
1.8951646963840412,1.2661306806953818
1.834271612443569,1.2552367754704485
1.8502590933762366,1.2393495169152544
1.792589615957056,1.2355091962413076
1.783305040636162,1.26774063088801
1.7871213135057968,1.2507460693652213
1.7679537951934052,1.2662871397662347
1.7469480787034002,1.2625547040462155
1.7687985138502222,1.234735763553191
1.7571539709972175,1.2312049665779308
1.7287619592300187,1.2152881113820277
1.7471635427455932,1.2302139087673063
1.741930466267582,1.2208282262259138
1.7146289121704865,1.2387828472022246
1.724612615133071,1.2251337069824513
1.6944508203556736,1.2434113481135805
1.6385903676903268,1.2530143472267898
1.6357267364876935,1.2649959569680904
1.6021881656489751,1.2517802836858365
1.5672304468949805,1.2306018649231205
1.5719647224168813,1.21573846448087
1.5634681916976028,1.2362609803474573
1.5452737773309668,1.2391036460951554
1.5400395961159872,1.2376643269204255
1.5002660317752148,1.2385203701525465
1.4878246094352543,1.23678748782013
1.4876081287903484,1.2435496747172927
1.4762420993786363,1.245535669893636
1.4730606047093777,1.233032136737818
1.4770969795602469,1.245929541255411
1.4726125509627506,1.2014395966467128
1.4851768036292325,1.2591968168087657
1.4969271456836049,1.252036335195163
1.4512080753365535,3.0027648977098496
1.4834974864782697,1.2163508002673382
1.4769847828027927,1.236152665797353
1.4772049314031879,1.2370086780919074
1.4654307382180114,1.2544810696400022
1.4760772676967375,1.2068209910379497
1.4641295855525551,1.2470040029407015
1.4543748042439204,1.2588235457877
1.4541808669519238,1.2412543079428802
1.448544806489828,1.2374875177048905
1.4433745292540483,1.1952987220897435
1.437651235776588,1.25072308710267
1.4187545682679847,1.2738455432877427
1.3996034271224822,1.23787374694234
1.3657247600669498,1.219426956917638
1.3531786684323117,1.2388944729673834
1.3379187450447738,1.2430919177334236
1.3465322318389925,1.259038235632575
1.2950079477927974,1.241244037386002
1.2877297423217642,2.5826694025940897
1.277908443940088,1.2593498206478697
1.2610972765505606,1.254138427887744
1.2619713380136028,1.2517103122270952
1.241819696930715,1.2436541168360735
1.2606531288275376,1.2223504477348215
1.2415166086350498,1.2185711015362355
1.2385673347583719,1.2531891829481456
1.2319635405591054,1.2257996715084012
1.252845685404277,1.2231747279023992
1.2684411358872727,1.2107244799434358
1.3018308098060583,1.217746549915611
1.3257268860366298,1.243050022622775
1.3508258647426734,1.2328021950087154
1.3438779035028727,2.7203164065738097
1.3872751141450237,1.2063003508232593
1.3928210133716221,1.254039729354617
1.3937461422681257,1.2252850294494455
1.409503600981475,1.2408108897277248
1.4387630327653087,1.2470568422378678
1.4685952041516717,1.2841123055343313
1.4899795118555195,1.226587057443797
1.514792923368531,1.222461658735776
1.5418697127117722,1.229639693668773
1.553121166750891,1.2595890054875996
1.6060200337369341,1.235951951076016
1.622395397595772,1.2333116816250547
1.6228390876627392,3.1377138624515464
1.689754494746599,1.2584504652413622
1.6866984999112324,1.2328904774890121
1.6778371875168725,1.2437061040111062
1.7138905671878057,1.2233258338659272
1.7303617826176407,1.2297783802995297
1.7319361686923156,1.2671472160212298
1.7396600750235878,1.2496453386809967
1.7483096393978546,1.26271487767064
1.7337320392349853,1.233801134366787
1.7331647770048675,1.208674792485395
1.7569669300314352,2.4442135879752165
1.8254767628820936,1.1579331857471482
1.8094975920514185,1.2219959687472293
1.7976654272555042,1.2598318890576488
1.8350388356843323,1.2309364434485264
1.8760241615866844,1.2113324316536065
1.8796650569423334,1.2470340078628417
1.9162170540499786,1.20944813346411
1.9103568830706308,3.383373091340561
1.9435168527061641,1.2259997749464602
2.0118027537882717,1.2207199159321724
2.036856390588059,1.213661605032432
2.0542678299021433,1.2327730614564187
2.0946370208766747,1.206672566751522
2.081799983718781,1.2513196943531804
2.0683980233740615,1.2158762761797293
2.0846169267206345,1.246201076509291
2.0587037307670055,1.264408493046434
2.119203555354165,1.2526950565604043
2.143782372063663,1.2308551670128784
2.1571817403756413,1.2530155749656708
2.19781623541724,1.2455898421221812
2.2018799663474513,1.2472098247662358
2.2258494758260055,1.2533046644189418
2.2694558960200513,1.2664253007165824
2.322730557745692,1.2326523908310931
2.3593225623958514,1.2495100594219377
2.3773117577238563,1.254998049798847
2.402714967019448,1.2644484373694005
2.3935282675747955,1.243238625117257
2.396958161036057,1.2412422560279315
2.4537881469880105,1.2573573837009
2.46777791846084,1.240587276991704
2.4699757528922865,1.2457106563646596
2.5072878849579165,1.2484048639885907
2.486195376462149,1.2657339368703442
2.4962237593784087,1.244254899325787
2.504867850362399,1.2335775595469178
2.5094214592733595,1.2352242297711147
2.512539292238874,1.2676454873394463
2.523332346022632,1.2513013375897977
2.516503580315309,1.24970221170486
2.543198852827908,1.2573912067049875
2.5383882312600274,1.22028871939639
2.5322075875268126,1.2203791315798749
2.5491517258691663,1.2548231504874572
2.5762212187101476,1.1984423391794772
2.59186382678483,1.2459752344260102
2.6065056509663567,1.2347678560572357
2.6243785604633096,1.2380613539837253
2.656980777464182,1.222577475072889
2.6609310995533524,1.2422113001533228
2.6588728166809323,1.2306324523703651
2.6840492029457175,1.225190501906021
2.6980124407787587,1.2054941102363719
2.7027215166845746,1.2408005758491147
2.6892683628098584,1.2376749595177408
2.681844469430003,1.2395953478281612
2.698587563900729,1.223745214735955
2.653205949748288,2.3859678940872335
2.655517237032768,2.06033743732104
2.656711311337069,1.2229374406305877
2.626372450109452,1.2222455919342898
2.6081846440768026,1.224018655359016
2.5791695316447325,3.116227975437393
2.576590557299948,1.2288584472991342
2.580363865705019,1.2299113185121193
2.575827254308386,1.256167040359915
2.6218331720747363,1.215531274573916
2.6597436795015024,1.2254142210693149
2.694777872055139,1.239707475834905
2.7083834484962503,1.221615861960885
2.7697811248380684,1.236046268558996
2.7635221807188057,1.253777694225791
2.8234078139614573,1.2328209599554034
2.8936882872102543,1.2337788768735956
2.8904819491384757,1.2156732439179156
2.9075097986063896,2.7828401618684593
2.9534886231720328,1.2121472086728802
2.9644260078768085,1.2405304956740164
3.002851678242286,1.2559533512376126
3.000158093847874,1.2505731477501967
3.0279086947553844,1.2466036379808558
3.035810367147001,1.2541470498678862
3.064134260147937,1.2562799840048617
3.0516235022573586,1.245004512817636
3.0481126018096543,1.2371209075528868
3.0610178559928256,1.1977008490770362
3.012153865428701,3.267189468721071
3.0612261617420176,1.2421604799174057
3.0318589775783913,1.2162694258910138
3.039622939213054,1.2195845043437583
3.0327074095348387,1.2214493709597967
3.024491165797116,1.2311270994366679
3.0118920659980564,1.2141688279290852
2.996081886924194,1.2189881553425352
2.990009031385842,1.2633669993440615
2.995516086290135,1.1234760504424368
2.9777771860535713,1.2374980371673179
2.9872887309164895,1.2391948794371346
2.9531700272485053,1.2240812574209943
2.94654346815112,1.2562843473334449
2.934063175616115,1.2529675452733982
2.9396591485218178,1.2339104043156996
2.9705580381631362,1.2179436003551605
2.9467036148989423,1.2300922580546214
2.927104724396515,1.236448138709063
2.93711386598087,1.218648279097121
2.956542270747917,1.238476723306683
2.9301804207390925,1.2477601369799132
2.927977233750812,1.2543820209811474
2.9552785582753245,1.2452419618309047
2.9466339373833534,1.225057660057836
2.9412902129041236,1.213238305550568
2.91836187995928,1.9158844706529252
2.932002918733573,1.2183115050531665
2.930144388790023,1.03774998936771
2.913652277446335,1.24366917840233
2.9164592072254485,1.1902513193068547
2.8754931757283786,1.242120780762179
2.881279930062491,1.2344904164190782
2.8780489538746834,1.2196620426033897
2.9070858446877685,1.2064650137001551
2.8844962780163375,1.241146829748555
2.8889344946454045,1.268959929291476
2.9313024262198755,1.2519145520477928
2.9179605809594946,1.238073665236531
2.9476134217827323,1.265564108602574
2.9499853174174464,1.2729022961849932
2.938389138978242,1.2126680271945258
2.9127384948714505,1.2631271463681342
2.886514365215862,1.2542365992052125
2.859835187059085,1.2469127918204999
2.840592040477404,1.2002144779383896
2.8210752594061486,1.2551942274108059
2.79300228098973,1.23245323966205
2.781651525598203,1.2474965148775277
2.747980993629818,1.2134098183312847
2.724703467485442,1.219967324341454
2.712299474718892,1.2370337821355155
2.7018714933849144,1.2499620968348568
2.6984999991293437,1.245841792133883
2.659965088955338,1.250325124685
2.644018956063888,1.2181526362830974
2.619828271055734,1.2655325685949166
2.6021313263339096,1.250335779637171
2.5580103397882237,1.2530546819463921
2.5373893845877906,1.2894819060520781
2.510407365925085,1.2157792011201751
2.5018143822987358,1.275221190058317
2.4980707644893836,1.2354550590211535
2.46629253632056,1.2413327353082253
2.464143551101344,1.2301623793488539
2.4916235174082164,1.2551259309992102
2.513744958582489,1.2535197043626602
2.536875504701266,1.2316155116929917
2.537479783566941,1.25432134150279
2.540371849422028,1.2276801622815017
2.563278052467771,1.04526974874621
2.5717160886268497,1.240060659233332
2.583180021323524,1.2541824466715739
2.5590666071989303,1.1977399843714436
2.51921863986023,1.2249045397841587
2.4922607705328557,1.2417914893791369
2.5028782289529534,1.215313399755969
2.4855380793498525,1.2597293630284605
2.5094460348100607,1.240731027582407
2.514156499927271,1.2355598957522658
2.4927562076031116,1.2268174468317679
2.5326796456755387,1.221203698797843
2.5044423157391607,1.2439101736135418
2.5658903130706157,1.237151257317992
2.6099575997593343,1.2320184231919058
2.6035012459842672,1.259107031990643
2.6304845575217097,2.7782944000966956
2.643863854179535,1.2228805514881553
2.6841347735840215,1.2227037791740738
2.691497503650357,1.2123987203947737
2.6966505008835293,1.226908277555357
2.7335999818786427,1.2610954859749368
2.7369975017821924,1.240501571136403
2.784709310303985,1.2484017356440902
2.8029665508623833,1.2334887163568764
2.798531438071859,1.2454979436583906
2.781734927957783,1.2363590929842838
2.792142381334978,1.2047267256945264
2.803705314237117,1.2403307260574385
2.8179995314720383,1.2382052676913133
2.8514331950428837,1.19766674263985
2.8332239642516757,1.2499127111214114
2.833522246445964,1.2229030207855858
2.847846111110248,1.2152999391593715
2.80865164473355,3.093328402842197
2.854367426103207,1.2221063424650802
2.873958965533927,1.2442723495913623
2.8642037389811272,1.2222315872350704
2.8392382256078914,1.2278352913723674
2.845213733354339,1.240131008294622
2.8396409823349757,1.2032962760560584
2.8832542997829784,1.2545822038917163
2.925473969090311,1.2496726641249365
2.903623457481596,1.2222207553355677
2.893701940286094,1.243595778632947
2.926579754453851,1.2589274368427243
2.900699593544243,1.20132777610666
2.9317862081307036,1.2178978334562407
2.9614942170639535,1.2224066264591287
2.9318695717366428,1.2357819380272148
2.9481899106884257,1.2450038514411588
2.9995765141905575,1.2374864367331166
3.0578052987384,1.217562998845294
3.1300126037435696,1.2482048812386637
3.201783046788504,1.2573304476033682
3.2432136520589117,1.2380448726851812
3.33363240301285,1.2469716812985865
3.397593486530474,1.2478110681618817
3.421722734036246,1.2267170223027204
3.468325872619444,1.2372598370790764
3.476418987300642,1.2486243118910691
3.4991043723749633,1.2386388671289983
3.533852854034177,1.21934771794283
3.5406069043630795,1.2192009334831428
3.534314186152311,1.2464533946053333
3.5818039359196914,1.2478447851210084
3.593233656667525,1.2252593014739481
3.6319962017661545,1.2488300710686298
3.6637348702882124,1.2270407608158174
3.6963446946304437,1.2397624154057632
3.674250675584774,1.246158377544157
3.655692826043073,1.2216866486718367
3.6807023977890574,1.2404390141202457
3.668129032822548,1.238662285952761
3.657218019678034,1.2341847861767632
3.664356397928137,1.2391604419283013
3.5944924088778456,1.2316062706159308
3.5770923085554105,1.2443347358207215
3.5820905089575876,1.240089109263357
3.599407163042778,1.2223403856017176
3.608828465635729,1.2699878249304009
3.589637796057486,1.2481807343593794
3.627230694159119,1.2677589453971752
3.6715687930271943,1.223237060649624
3.646288642307593,2.442919818567929
3.6993265984430614,1.2395730774489773
3.6991425399735616,1.2101149257175086
3.698010136212116,2.282798374786366
3.718564567302,1.2447722429329704
3.683897815657449,1.232509754880267
3.6649106578706334,1.2552188524534689
3.633533512773826,1.2238198018894373
3.620893690361471,1.245016766905878
3.6214433343531134,2.2869967266974602
3.609055729379112,1.2233548008058517
3.6091563486613745,1.2257956759316293
3.5885899687913967,1.2224710235153993
3.5335231195605505,2.415140796024914
3.5934632531170685,1.22596221645405
3.5891927570020585,1.255614782750737
3.57725864999727,1.2220984584252188
3.6275321937656324,1.2338782353870477
3.6102642215067102,1.23347698141053
3.608809473853527,1.2287112461785432
3.632012823245828,1.2487128556356253
3.628230101386067,1.2091181190947868
3.6661687552739135,1.2608793452845277
3.681129627709254,1.2334133419541717
3.679461362373539,1.2125562942987236
3.6792743075483005,1.2711866612835012
3.6739211566592864,1.200331987911542
3.6835153948500805,1.2388603551871682
3.6895171253491714,2.035729287615923
3.7035050225367376,1.2400938147972986
3.674885115723996,1.2247749865956432
3.7027441700413126,1.2006032382186371
3.657854928609382,3.5066414737112788
3.6604969887033327,2.289414340540198
3.700846209599584,1.2362326961737038
3.715365190018756,1.2421210757201273
3.7031759763797987,1.22630679060823
3.730240498011032,1.2376234938456279
3.744575242716928,1.2164279145223014
3.714325973124761,1.2101651995576241
3.7209940296110244,1.2442282879109205
3.7357269500351973,1.2218101562481074
3.7091162998980396,1.2395758015638145
3.70410289298948,1.2579945000993091
3.699012233437978,1.219109058816839
3.6776023199428116,1.245100871229852
3.657996176153658,1.2542021775369527
3.6696692071909607,1.2541863552064227
3.6549517653546646,1.2232454216749893
3.633614215208923,1.2257488942379582
3.6485528381657724,1.2609629496877415
3.6303878143373596,1.2471879878024743
3.636397088175803,1.2384984907849845
3.628675080795085,1.2180778635237066
3.6544777430268534,1.2239967479030356
3.6034277159676305,1.2377971514556603
3.604877590065171,1.23431215011629
3.6142790934590674,1.25904227714789
3.5987246681405236,1.2809875939543278
3.594053594913455,1.2406919243498795
3.5810802193281472,1.2346519415479646
3.5645164419469006,1.2485448955788696
3.5533335564825665,1.257061608941844
3.568672854576499,1.2212336058600164
3.525867646291169,1.2377855934901334
3.5052106717786535,1.2536354670875487
3.502114287404291,1.2404552711309726
3.518301603517983,1.2450967190698494
3.521652365442159,1.2547626085941899
3.4997854400224124,1.2309052629861597
3.5196698496567076,1.2501113832774782
3.506345059722283,1.2474463805453775
3.5217747729167947,1.2430726143623418
3.5513390974857377,1.2669223696789589
3.535178577886775,1.2457865585103813
3.5638178317517806,1.235259450847111
3.5386223312548313,1.2293665350154603
3.5683772693314193,1.2447815879976145
3.577626437894701,2.352955452599433
3.5884497763044667,1.225836152360314
3.6144083419540767,1.2398663866945518
3.657152861725354,1.2499286794469615
3.6847938080054963,1.2139678199847121
3.6941667132959193,1.2295722296082505
3.7320322624325133,1.2531062007610596
3.7742421285210392,1.2542989481795945
3.767535224410207,1.2103964930514994
3.803561544486478,1.2396337034396339
3.831287948182886,1.230447303828947
3.8435390923179695,1.2723871325376175
3.8502605724315457,2.302820352355694
3.874235044549402,1.256788587766986
3.9077157551727675,1.2422341253877993
3.948162213074674,1.2466881795159352
3.9824220765161584,1.213368804900735
4.012195438357518,1.2300043008786685
3.987007752758163,2.957193282131786
4.026877855594805,1.250371985814747
4.072654323053269,1.2662634520364726
4.0723230696362,1.2278425541441684
4.1235047792105455,1.244627626990627
4.103805298383539,1.230098545659411
4.137644098508443,1.208113552184863
4.163478798234663,1.2145620772677141
4.173921240927798,1.203625178741128
4.194897117854673,1.2349875369646999
4.219355188704841,1.2288760144189455
4.243172979932486,1.2717818999434798
4.252217997587689,1.2236209029199157
4.294443746667662,1.2198798599861338
4.2721097059197,1.2025777649058258
4.2875896040826875,1.220178814954913
4.253238980340379,1.2682733958496513
4.2257357524468775,1.2325197406648958
4.233004375744519,1.2395167157502356
4.237276696956276,1.208544655879973
4.240205375462642,1.2308331853983572
4.225436490195917,1.2034152618872571
4.210372094568464,1.241564769641899
4.190826857333577,1.2198401762566273
4.190134889839638,1.2515510242985963
4.169281679213325,1.2388899592774603
4.113254295446425,1.2392231570505243
4.135787495537501,1.2196235049668647
4.0821062861180195,1.2265274190585762
4.066718491127701,1.2417080233278563
4.090311200479668,1.22810680432054
4.098985067828044,1.2259228424774158
4.1341047937454745,1.255426328005893
4.162155529441569,1.235103922959696
4.1486231258588155,3.1431153231601496
4.203254763068804,1.2542934685526785
4.234223235435858,1.2489643893600872
4.239814718142534,1.2344084181088966
4.251243562244905,1.2083177470836728
4.217785791597301,1.2447323378127428
4.2055113840408485,1.2291256447842118
4.203255043750507,1.2271088756139108
4.163568804791676,1.2139704210441515
4.142299232507902,1.2574689015643001
4.127775933810881,1.2609140000906967
4.124023184308617,1.2354793172244365
4.133341987820682,1.2474854285229888
4.083900852216167,1.2579219647257738
4.131734808483604,1.217768200137233
4.122971606630014,1.2178819169014858
4.109201301535801,1.210364935841027
4.126708425213764,1.2304559528535441
4.1135379965100105,1.2367516893931991
4.114452573410148,1.2573887879344772
4.15524899917188,1.227297883794871
4.154350406081845,1.2154868611803522
4.135410946423003,1.2152682581051404
4.127332646733782,1.2543424851472267
4.124683491496528,1.2423146686554845
4.114236801309232,1.24895866382735
4.085903743669981,1.2416138400730024
4.099082093145714,1.2273582718182272
4.0883471350834615,1.2421555895987848
4.089769460521699,1.1787992447020463
4.086071045446124,1.2353349319248428
4.091458341228233,1.2360891959933145
4.05533337201998,1.2365200999960724
4.082531863044736,1.2414329753542952
4.088959861993229,1.2353959305014888
4.125608292808116,1.2034911630133769
4.131212443652926,1.7433667667648256
4.141792502520013,1.2365546758973882
4.162676411056068,2.3558932007719124
4.158292260371827,2.4592101763170775
4.178869682745378,1.2192954460780931
4.2098262796922645,1.2370357956470035
4.201549788419958,1.2381801493887514
4.214616208747156,1.2622499175156243
4.217890594190803,1.237586945038735
4.210196768283825,1.2360246026694588
4.218627918278767,1.2172079337766681
4.254807952407238,1.2520586038669732
4.256151680958799,1.225167433258666
4.27013802764136,1.2323367770381002
4.280336094772875,1.2126403694489798
4.270715350800261,2.3910200501769996
4.316707297847392,1.235250645111461
4.29049688521552,1.2571292665044962
4.31877957512181,1.2270410189645231
4.3145579399901814,1.2197495025324845
4.319049241427544,1.2072260960716241
4.316175407582456,1.2483497004313069
4.341040855296609,1.2418555866195289
4.311442472534719,1.2543327379445701
4.3433686290779905,1.2261950957121965
4.331683507758504,1.2457315473256223
4.31248617395719,1.2258827729871806
4.308316502620504,1.2318469173466224
4.324600507952389,1.2401306784371406
4.331805332095854,1.2130660781944016
4.3466217922761325,1.2155879253795074
4.350926269400996,1.2552850938002773
4.375473469051975,1.2230416203242718
4.375495862949687,1.2356135359471305
4.41683807447072,1.2467970198214173
4.400977503883794,1.262583211501325
4.43320258791369,1.2326085709380976
4.420845203638754,1.21146933883067
4.416691103046947,1.2443479953162269
4.421423919557794,1.2363826921565224
4.43535942399486,1.234712023307041
4.441103772100523,1.204985091770667
4.447532057277928,1.2522136681016534
4.433595273867648,1.2239979012847386
4.432650550780909,1.0492413749577418
4.434400827286601,1.2340430410206762
4.4328086764808265,1.250641273786589
4.4417558295133395,1.2132326349578921
4.442047610853424,1.2274310874566303
4.448701376834896,1.2533432096315038
4.457893563673194,1.2414799554022153
4.47016255459699,1.218968942320376
4.476306008135294,2.0842642473218174
4.488556462172272,1.2552972351291427
4.497088434992074,1.2481498237059316
4.574493228815856,1.2529437642976864
4.58805478856771,1.2428052889557213
4.600103987192119,1.2230094390654727
4.636060168240687,1.2622106203789496
4.6506842194756,1.2165483690486425
4.650480497131783,1.2054240381542942
4.679288923743913,1.2312752109173142
4.671857542695504,1.2578578229593922
4.639889974445202,1.2451484874866068
4.653281002014718,1.2541280909250005
4.633859284182094,1.2338007953019685
4.5997901552139355,1.261326704926314
4.597598652386963,1.2263031900344763
4.575003041452915,1.2620821980426409
4.553134896443368,1.231339342365251
4.519994718205412,1.1534923620898963
4.543316082106239,1.2407330228721327
4.52355474759582,1.2385569526574565
4.501358082069728,1.2504779235001262
4.483800459302082,1.2248691740819628
4.488136095133699,1.253762396767
4.478606154189582,1.2272797726911702
4.465438340316831,1.8616819844423227
4.4642798054789345,1.2313421472379813
4.440320088297227,1.2446449553352619
4.4395290575465305,1.250802587447824
4.395700232053093,1.2353139965654192
4.41517053153782,1.2570750430394346
4.400466537646074,1.203973869352067
4.370538975108227,1.251556783046058
4.367195996812458,1.2296192483146609
4.326916839294347,1.230233642501144
4.316198877765591,1.1650722230378654
4.256612697255223,1.2226313097801387
4.22389305057849,1.2298827292455485
4.221591335344828,1.2503480655892332
4.201241499393341,1.1957725050688646
4.208888056128048,1.2288140099704292
4.212908845194685,1.2258657108582296
4.18852918425281,1.2565843467320117
4.198988448794721,2.2153543814081784
4.190502502689358,3.3669920663473185
4.241293839296301,1.2158332483602514
4.276371157226205,1.219484262616163
4.283755364429431,1.2386003292520582
4.298101184356337,1.2028376202552375
-0.8046900328616662,-0.47546049586038136
-0.8144283698385519,-0.46106327793713314
-0.8038052393140517,-0.4896563115449161
-0.8013541110139418,-0.4899799503688301
-0.8108658099113152,-0.48708731940655847
-0.8551301923844533,-0.4625338850867591
-0.8733113871751593,-0.4519270237182488
-0.8806678947342307,-0.49016052606080623
-0.9009421841175248,-0.4616243490347575
-0.9393993020587336,0.1317629289271279
-0.998946050531273,-0.45036484252566433
-1.0947498680023993,-0.4925786873940504
-1.145166600640377,-0.44573441945698694
-1.2194128661817287,-0.4663522648562606
-1.3244990731474044,-0.4883069961473654
-1.3983162320446,-0.5024810884736294
-1.4964661969915596,-0.5108056491977078
-1.5863721815833633,-0.44847237239895293
-1.6335401229484445,-0.49411374473439645
-1.685505723351881,-0.5100872781799912
-1.709820022742226,-0.46429973046141726
-1.7372006513204532,-0.49637465002051295
-1.7633294488374947,-0.4311122393400287
-1.7818093122151113,-0.44796884512317237
-1.797870684115713,-0.4814144372451586
-1.7791898041494096,-0.5091935744290647
-1.791419015700443,-0.5059227863844777
-1.7612990834082067,-0.48963748929951817
-1.810867634314921,-0.4524694737000799
-1.8211900494737128,-0.4911591354489123
-1.785884615282479,-0.46574600284735734
-1.7636270914199657,-0.6119293428763942
-1.7698832940614124,-0.476732384702706
-1.7338009806711585,-0.48860885279778954
-1.7745051992528778,-0.4877250500584112
-1.7533532627907251,-0.4785875342668399
-1.7029106962776046,-0.4983715943212641
-1.7074675241900412,-0.514528210484026
-1.7002338647946045,-0.4754706467969328
-1.6968503981369618,-0.47820931824300333
-1.6642901426615198,-0.4493413464386124
-1.6631537818755595,-0.48949933561166853
-1.6474096589195582,-0.48180625777134556
-1.6062311732214782,-0.48250482723042865
-1.6035672320044823,-0.5229461648179945
-1.5956183120161003,-0.46000471190467024
-1.5636038159840167,-0.48931225447512217
-1.5969061509246523,-0.4751197141966018
-1.5577600304409898,-0.471832150141793
-1.5303071335488205,-0.4750210556398728
-1.5385456108212336,-0.5000886347791045
-1.4926996425035965,0.02201924982937267
-1.4472923533438782,-0.49593239417506846
-1.435486300265131,-0.47243724437653856
-1.4074091394343187,-0.4746724213270262
-1.3866754226084088,-0.4877998476296827
-1.3928654377699936,-0.4478986933384763
-1.4323051041688553,-0.5097885145756225
-1.4399351771854527,-0.49948342485299024
-1.4653316123615523,-0.4624689231408608
-1.5004607261532954,-0.4895308509275136
-1.5162726706379537,-0.4658925624195092
-1.5397842977475658,-0.47776623668209395
-1.5595473936863116,-0.49776366082006124
-1.581710122223761,-0.4879138774511432
-1.574915047171955,-0.46777042713491795
-1.5621031244591048,-0.48778857102758094
-1.574774909423432,-0.45715671517938694
-1.5328465498427721,-0.45889099078396195
-1.5407120011521573,-0.48810929005189674
-1.5431550321873209,-0.4782191122538875
-1.4801674796752824,-0.4871547455785051
-1.4876006481345614,-0.4823833069285688
-1.4619610229793956,-0.44630336473037285
-1.427975223947178,-0.4691629010254285
-1.4991371779719742,-0.44440116218776193
-1.520980765516657,-0.4740451970960373
-1.5262932198355452,-0.48040732727990626
-1.557106406103189,-0.4611722750134251
-1.630460980919619,0.4006568409507003
-1.5943018207496948,-0.4989022613636443
-1.6574181098158574,-0.46665063903132636
-1.686355984621384,-0.4739048852324105
-1.721162242541939,-0.4937850453614597
-1.7606573763177416,-0.45939127688235354
-1.7566164349043174,-0.4916350406029155
-1.803379929901667,-0.5092455335884559
-1.806642775228435,-0.4696104351404434
-1.8196343914282593,-0.5008630920345372
-1.8363970634477162,-0.4747138944447155
-1.8329245336163282,-0.46402558260327886
-1.8535148066611389,-0.49625679918848536
-1.847139947502995,-0.4655606102469362
-1.8331867680782128,-0.4724069470396723
-1.8642207572096412,-0.4746130454912279
-1.855290314491976,-0.5115708044102119
-1.8828627637683093,0.7377683547543236
-1.8903288418973752,-0.4984640393399283
-1.8914754963104643,-0.48714664893803394
-1.8853685579016888,-0.4745978825917077
-1.8819599049951536,-0.46137928790719096
-1.8236971920259089,-0.4517652422589363
-1.812267528576687,-0.5035660010298694
-1.8117930470649641,-0.46182303042084666
-1.7705286043460213,-0.48114939225375963
-1.7938960087681965,-0.4708199734220166
-1.7752608117261837,-0.4734388528847334
-1.767582878174381,-0.4888725495423775
-1.7395695717993502,-0.49595788218688225
-1.7242710425491043,-0.5611171954915812
-1.7686247690498347,-0.48491816100397434
-1.7525312842136085,-0.47738397295144086
-1.7629091570581512,-0.496358666365732
-1.7609614260565962,-0.47870727604962
-1.7811437165949486,-0.4642166725454773
-1.7613140783136247,-0.4626726466546179
-1.7984366593940404,-0.458298109786025
-1.7892892075067433,-0.4585711767672836
-1.7872805614329323,-0.4545084574128035
-1.7890367183261038,-0.4577041818611896
-1.782763722390033,-0.4764388356420558
-1.7811697875436527,-0.48457307045319087
-1.7846477254398065,-0.48848239775751195
-1.7256703337725776,-0.49462192387203424
-1.7129914373534123,0.21309838115056026
-1.715505128671471,-0.4627487958569558
-1.6722703373372074,-0.4876275319023489
-1.690003347889286,-0.4742059232653835
-1.677458541440261,-0.48848143156186224
-1.672564385503171,-0.48712822125963967
-1.6914079648499227,-0.4481550461803608
-1.6756226911128853,-0.46258422371104274
-1.6810889620328142,-0.4720864565125803
-1.7241628712529224,-0.49520759728765124
-1.7276074844829303,-0.46718023621901644
-1.742197728703372,-0.47031522866529496
-1.7431959287367882,-0.4590218468377437
-1.753570794388189,-0.4845483868358206
-1.7317754636435216,-0.48015390467013647
-1.721760187255674,-0.45021872991721656
-1.7169960216243443,-0.48720725762589545
-1.7120761016724972,0.25554209978609965
-1.7006452302031168,-0.4751522567191179
-1.6795317588397323,-0.48225655011478225
-1.6605077612544312,-0.47784089489412057
-1.6841497366965814,-0.48580361729621124
-1.6514622279609907,-0.4755184128001769
-1.6251615719217893,-0.4866962096726807
-1.6522894441466092,-0.4731072039898338
-1.6573938652805957,0.18235400832046297
-1.6086518322887216,-0.4569962947134145
-1.6289742567677132,0.7871145045347299
-1.6273895567017231,-0.48087193317381727
-1.597817840016814,-0.4976958119180496
-1.6238089383897225,-0.4906354067938653
-1.6080217178124734,-0.48330974184157804
-1.6124564292908543,-0.4827976019967728
-1.6289779957280646,-0.5061642777689143
-1.66045798435926,-0.48616132880679813
-1.6544028750117774,-0.47120827283368916
-1.657333062409326,-0.48314628409354965
-1.6605363401945283,-0.48787937617989785
-1.6343948705711462,-0.45405258008132204
-1.6638332295760319,-0.46391243668510035
-1.6348095759675378,-0.48627716245976677
-1.6590019021779978,-0.4759178871749615
-1.7194115235234344,-0.4479017241425036
-1.7319722799796182,-0.5029151945480352
-1.7501539592430102,-0.48394204248156936
-1.7803011466775827,-0.4927151191779398
-1.7781406189192965,-0.46769078286451155
-1.789921379837753,-0.45092362576465916
-1.8008725417389362,-0.6625681534253066
-1.8090430017438417,-0.47649916536985026
-1.8699126928001772,-0.4227279425628373
-1.887389298107146,-0.4812268130794741
-1.8965836035575439,-0.49163719923981947
-1.9358511477110065,-0.466391973976278
-1.8894988705729117,-0.4553742412191895
-1.889452032842073,-0.4852656634653883
-1.9024879346786516,-0.4888868552019005
-1.8716079457347041,-0.45007030847341284
-1.884401417057287,-0.5098995189831941
-1.8218960929840493,-0.47799924411782535
-1.7876853765356635,-0.4796765517483027
-1.771780783236871,-0.50181227355703
-1.6931824421125663,-0.4784823137702632
-1.681952086389669,-0.46257005319912464
-1.6382974102055434,-0.47865337174966016
-1.637330473742786,-0.48175374352395806
-1.6256022858715569,-0.4720203214059906
-1.5792526314715762,-0.48173890919442225
-1.553511398920897,-0.4550620797101624
-1.5608483154465553,1.12222113433003
-1.5246997201432075,-0.501107565987762
-1.5005511426861096,-0.48319354534774206
-1.500983833449467,-0.4822213697958981
-1.4607201201294842,-0.4623009850104432
-1.4566029802599707,-0.48777280690906827
-1.4393633873099692,-0.4709772532538422
-1.4616179255304835,0.378133674185841
-1.4496983603618976,-0.4608502107966933
-1.4614587613714158,-0.4845269678595948
-1.472844374339487,-0.4943704809836771
-1.4536216288962778,-0.4716115649408625
-1.4756431765975906,-0.510277013525286
-1.4576214263275171,-0.4833290832522132
-1.4467501187521943,-0.4572064585859872
-1.4418469702978773,-0.4612259548040264
-1.4449665833395464,-0.46137049029593447
-1.4634611669829303,-0.4477348015569513
-1.4797105467076332,-0.448015722171617
-1.4612003350290943,-0.4455753280944598
-1.468394995476277,-0.49259321098419534
-1.5000310703748196,-0.4856895031297207
-1.4711720318954862,-0.46640882922406496
-1.4625005165770004,-0.4723660534114055
-1.4936899073424064,-0.4818380394041703
-1.4780932620383662,0.3534340648492099
-1.452350099933256,-0.4662686780023709
-1.4476250079769666,-0.48132113193028775
-1.425027961481927,1.2628754706358365
-1.3696099093372303,-0.46370057137764426
-1.3623110137674335,-0.4730429692141773
-1.3360063944630374,-0.46092590288394825
-1.34917130431823,-0.45421681533905994
-1.342959586990287,-0.4676040004162794
-1.3389598817846362,-0.4575714834544868
-1.3511521511132951,0.8002718870894808
-1.3125986045691749,-0.49704972524551794
-1.3061179679379002,-0.489996749926008
-1.2883786541234297,-0.4918508946092715
-1.2669549198971286,-0.4746241612067475
-1.2628099495210532,-0.4663870138078713
-1.20690035853415,-0.46394539336063506
-1.161308984479468,-0.4695130037082129
-1.119756772101541,-0.48740653934225325
-1.1114364506676462,-0.4817309714589728
-1.0532609731421723,-0.49343245376280676
-1.0219066591214077,-0.45745074241079203
-0.9997977482165558,-0.47072980028716044
-0.963056715463097,-0.486508084136189
-0.9606424732378556,-0.46807883203733114
-0.940697150616219,-0.511936936871404
-0.904596660231159,-0.4484398497348266
-0.9101502537693847,-0.4734689539601269
-0.9214741803961711,-0.46092804046714064
-0.904248871073032,-0.48138080940864536
-0.8889967479535658,-0.4965348869943095
-0.8911084940457206,-0.47630354132353253
-0.8923124235353281,-0.4594883341545019
-0.8857692592290743,-0.497413096809989
-0.8750793709171766,-0.4864617897951187
-0.8789266141561123,-0.5119835685476873
-0.8615959748516907,-0.4674278548614134
-0.8538387735781308,-0.4947610002893387
-0.8864359025672905,-0.46248581127760113
-0.9089962895526248,-0.4818627745483158
-0.9081158633747918,-0.48199886615099924
-0.913935381505882,-0.5093839584846525
-0.8926039595960287,-0.47953959701589666
-0.8616889638975492,-0.4749531913409529
-0.8255887689682618,-0.5222248162781381
-0.8197148065643072,-0.4829758303643008
-0.7748861233942784,-0.4987939931648597
-0.7597901099961857,-0.46786813989814846
-0.7410674014866029,-0.4976702431629664
-0.6985505090417946,-0.4819057443216552
-0.7022625558008372,-0.4909542766706792
-0.6822019553570182,-0.47313739898539164
-0.6678203797632443,-0.5044646283370301
-0.6882529745896833,-0.5078911280160998
-0.7089700921337927,-0.44908064238084233
-0.695429292039523,-0.4784907980869024
-0.6902495775499375,0.5773170509241613
-0.6948575222082338,-0.46716011318689
-0.6572629237370944,-0.44755769979134574
-0.6684332196776119,-0.48213868499603685
-0.670169512131601,-0.4895088027924621
-0.6439018697583054,-0.4743954038120872
-0.624788477535991,-0.48629166884843805
-0.6163348542136691,-0.4892349384247761
-0.6164937376061362,-0.4558052020681345
-0.6110213159168686,-0.4527474692955785
-0.5908674363300889,-0.47100872707058083
-0.5794859726899311,-0.48071767331684284
-0.5367497656565692,-0.48807524169551186
-0.5242599643072204,-0.48175240153429383
-0.5420600413450597,-0.47861110247533556
-0.5361407318484682,-0.484835177145368
-0.5232862361150273,-0.4760072912210598
-0.5454235004136084,1.0715132148799273
-0.5380137666320456,-0.4697271114780651
-0.5387645750965812,-0.4266368560322275
-0.5179225113365297,-0.4635789055648376
-0.531427706690491,-0.4820587076158592
-0.52115124034553,-0.4636983018318014
-0.4995559730800463,-0.4702681154455023
-0.5427452987486411,-0.4795477825512882
-0.544521592033549,1.4187280671360025
-0.47326531616588696,-0.4559670416816077
-0.4654785352977764,-0.5117525052655484
-0.4632158858409994,-0.459166391925279
-0.4392099026910208,-0.4940832271464346
-0.46134556008111344,-0.4769587434261176
-0.45124026115519356,-0.49145327849825493
-0.4449360215183624,-0.5134247656785341
-0.4537772920006056,-0.46049377263760405
-0.44132988681728774,-0.45477157072504687
-0.4302089767736147,-0.4455111080513495
-0.42163057126667897,-0.46375893108328975
-0.44201115853113965,-0.46308246652083623
-0.4245095991530821,-0.4678792771431882
-0.42114882725927777,-0.5039679087514344
-0.44405148383730664,0.6588027245782578
-0.3903746876985251,-0.4962526828873166
-0.4068787378390505,-0.5006386748319575
-0.44471244005939087,-0.4969513851461846
-0.45220407225051945,-0.5024551233998423
-0.44497964741405366,-0.504348797473193
-0.475736202595456,-0.483784025180259
-0.48185075871011984,-0.4747038770787827
-0.5008367585104258,-0.46646266346972587
-0.5046714712275298,-0.4618109742744238
-0.4690926572605474,-0.48700426392928337
-0.497668757624257,-0.49045473304168596
-0.48268068481071563,-0.511289388038001
-0.4831764675861404,-0.4873541607758757
-0.4763161951010238,-0.47749593333883955
-0.4841971334192812,-0.47775321830752965
-0.4737273550365502,-0.48247448698666345
-0.4732373451893517,-0.46763856203037624
-0.46891450902313675,-0.4887487588594804
-0.45931546942491375,-0.5029256847617967
-0.48162437650793205,-0.4872452969621087
-0.48137037609582217,-0.4699874381372303
-0.47328005265722534,-0.47618310940657704
-0.4869579077206617,-0.4755627163106238
-0.4774095545962121,-0.4691702763539429
-0.49873950362206876,-0.4839877617004664
-0.5178283850033776,-0.4834179313361491
-0.5048700076447562,-0.4609573920898636
-0.5063904738740806,-0.5098561560921806
-0.5200871008781419,-0.5111302559826861
-0.5142863703710416,-0.47178158018890554
-0.519178235473648,-0.4797221892000858
-0.5128432741727665,-0.4923504627523178
-0.4800507406102123,-0.5220308771059549
-0.494819694582103,-0.4959601391709713
-0.4670212125254402,-0.4731090749263735
-0.4965754769653943,-0.4798884295687892
-0.4970240045889464,-0.45674731838006316
-0.4931955759165727,-0.4795555148703912
-0.522508424011474,-0.4790670548346439
-0.5555516705996374,-0.46647160884252536
-0.5279894433878894,-0.47707429935622064
-0.5623272108896114,-0.47498338076949004
-0.5606074706465676,-0.48321475754509
-0.5316460388692911,-0.5059502660766259
-0.5705649683510516,-0.4624291965160415
-0.5350771162404436,-0.4644877259657303
-0.5188504654032429,-0.5167026695815128
-0.5156551060410373,-0.46660807484355754
-0.5029770539567694,-0.5071604150702783
-0.5214630695697292,-0.49117073169327885
-0.5300640480595967,-0.4573850241281813
-0.5409508805915609,-0.4566866331254271
-0.5617657177473969,-0.4760015313644745
-0.558437989934674,-0.4850445081155857
-0.5927440648376133,-0.4850991181956818
-0.5951352939315627,-0.4930830752823448
-0.6096308816654108,-0.4847007488836376
-0.6088479055981607,-0.46494915828277034
-0.6283646347693598,-0.48875141425940866
-0.6278055753769948,-0.6594468671059994
-0.6529338245531006,-0.49755959593431454
-0.678589641188954,-0.48026187409595317
-0.7080348070067127,-0.4617413361885333
-0.7106871538676064,-0.46415853116893835
-0.7104625238002295,-0.48320010044164247
-0.6763282484702486,-0.4655281725908238
-0.6902390386657503,-0.4856651113069608
-0.6771302949400096,0.3117908788373473
-0.6777201856289038,-0.4600289838117167
-0.666655248692871,-0.4497575683366187
-0.6503242002294988,-0.4873265327563456
-0.6638350894573357,-0.5103236158158213
-0.706212773858085,1.2034497128307287
-0.6599280425768274,-0.48282374844995685
-0.6543540032863701,-0.46319280500316556
-0.6599480715018199,-0.4605302439688027
-0.6374593873191775,-0.49826427836191217
-0.6523051066893016,-0.4958672883670181
-0.6417430854303509,-0.4718297535538957
-0.5917339754590968,-0.5020756038180121
-0.5982595583074268,-0.4768337622768562
-0.5765062688828608,-0.48876056656409167
-0.5657941429992878,-0.4674751979663703
-0.552702196340849,-0.47431431477914104
-0.5320379181809536,-0.4641613081160071
-0.5296088979685291,-0.4837624383516222
-0.5882773197931535,-0.47846797483152803
-0.6071376292924108,-0.44906883377399504
-0.6672174054523229,-0.46805404013021723
-0.6394219623014185,-0.5022210697766288
-0.6752233815114456,0.4973461992300242
-0.7100022059299491,-0.47994354994683186
-0.711936515576581,-0.4382002249400213
-0.7614367811421258,-0.4954282859306044
-0.7415742011453856,-0.4567459479796826
-0.7091727259828,-0.47977348379028445
-0.7192677842355351,-0.4877558528909481
-0.7088950301716764,-0.43463524220283156
-0.7114937417934472,-0.500542487257986
-0.7007752503809535,-0.4701225981538152
-0.6521202493673184,-0.4864031576014227
-0.6583400671445965,-0.49279157076427166
-0.6422775737061239,-0.4695663749813022
-0.6480393009131202,-0.46752343732111873
-0.6387226942013982,-0.4755040646784193
-0.6657851422860533,-0.476549498492115
-0.6941417199296352,-0.4909221704471857
-0.6990308887787288,-0.4546084821597937
-0.766790252439805,1.1285960370348647
-0.7682667390668563,-0.4839357022600723
-0.7919439585126397,-0.49024725661350543
-0.7906959776344041,-0.49584448482951693
-0.798715389947026,-0.49220426081212204
-0.8016457914382523,-0.4759015595166028
-0.7918272130342804,-0.48589576193020445
-0.7920400190720155,-0.46341859619597503
-0.8080716664414986,1.0049969196068016
-0.7524106145195634,-0.46439703647011604
-0.763144047075614,-0.48396364288715016
-0.7823355430128224,-0.49125880905959407
-0.7825878275786052,-0.4853200104862786
-0.8000078077393291,-0.4979083181259476
-0.8014815015533864,-0.48067671235050446
-0.7933854233317256,-0.46884698445077877
-0.8243508952701086,-0.48737416896383917
-0.7941492914412678,-0.49652649300714913
-0.8220771445807326,-0.5058786218108187
-0.8214664470949495,-0.49921078900361804
-0.8171093093678137,-0.47298968871530667
-0.85741970194831,-0.47484743464903584
-0.8322903510929616,-0.4841911138900092
-0.8249639095701998,-0.5010308219299184
-0.8298000332789631,-0.4372756875432377
-0.8508691284827727,-0.4851761765258718
-0.8396074688761368,-0.4841150945027599
-0.865956381862208,-0.47143361363200875
-0.9146656298842369,1.0856303050638576
-0.8727506861790066,-0.48398865626169935
-0.9084695264625469,-0.4971234500369444
-0.9468740502492013,-0.48609634116296446
-0.9350913073946693,-0.4424022113743914
-0.9286674753546025,-0.4699592340563627
-0.9199540086542233,-0.4771942498035121
-0.8888321686909965,-0.49097106690183867
-0.8662576539887149,-0.4901898228115421
-0.8722376180817414,-0.45470503124900974
-0.863445464549572,-0.4771040403811457
-0.855176945402003,-0.49843756821142565
-0.8255049079716316,-0.5084440101535803
-0.8359182169796276,-0.515558278098018
-0.8011140022549857,-0.4591271472415555
-0.7849473134300488,-0.49111866002936894
-0.7700164763219689,-0.47721689207741774
-0.7534824834598752,-0.4991215487105986
-0.7400885097262394,-0.4705576998612895
-0.7455032774083831,-0.5026337005856476
-0.7115248938333838,-0.47836181444159975
-0.6714914570358138,-0.48764026395551097
-0.659477853625921,0.044169475160110674
-0.6973997819848967,-0.4499651402668111
-0.7025618265405168,-0.4687190031243868
-0.7260645868302554,-0.5036784678102225
-0.8118267773766312,-0.4585060283547282
-0.8354804558678708,-0.46165109896971496
-0.8734081701551508,-0.48458285130046036
-0.90910312354765,-0.45629681281625306
-0.9205274673402742,-0.4492564536722456
-0.9376261685577831,-0.5133390223944599
-0.9650406980134584,-0.47600494842408114
-0.9572703907676469,-0.489842195484895
-0.9438213989061977,-0.44975253923003844
-0.9334603386990361,-0.4996461735111203
-0.8862273832018116,-0.48861863721330445
-0.8907553173868672,-0.4648398779454028
-0.8457903228563597,-0.4452649656621642
-0.8199350011269984,-0.48095367591625565
-0.766501618470186,-0.4759362688215612
-0.7548204872436023,-0.46116177807062964
-0.7072774360303447,-0.4694876830214228
-0.7031646568167456,-0.47464800984881417
-0.7274520032209206,-0.5075943511497745
-0.7165545920865913,-0.46775818752420434
-0.7323869239113434,-0.491758974183244
-0.752542503203684,-0.48693721446191035
-0.7373597315120107,-0.48834779948554047
-0.7491123029872915,-0.4856696591495289
-0.7756473485749052,-0.45913376933740263
-0.7617259236916382,-0.49001683791708245
-0.7705268796597057,-0.49202203260837835
-0.7870983803921685,-0.48435558804287365
-0.7645377861599019,-0.44194178521836125
-0.7762757830588388,-0.49308865254928796
-0.7751250090901741,-0.49249164750300745
-0.7611226527711193,-0.49232890019254455
-0.7962630905074631,1.1856828322619666
-0.7584028258763007,-0.5098977564735123
-0.749306618276675,-0.46176192581564773
-0.7773662270361142,-0.46279953135226104
-0.8001573164965982,-0.45437602478249056
-0.8380736261026347,-0.4804538372842799
-0.8969681393262138,-0.46941623300188273
-0.9454869925751436,-0.4885269720133898
-0.9919338720581485,-0.4935548699279753
-1.0128561942402976,-0.4766079071727314
-0.9952400615509215,-0.5056528805174545
-1.0689633577692772,-0.497890127757578
-1.0667114050763964,-0.4673556167655042
-1.0693835744300222,-0.5056914336166887
-1.1322386526240817,-0.4876063692375133
-1.0873390365115436,-0.45715817384635815
-1.0976407622057747,-0.4780620829301998
-1.1111644066013584,-0.456133673817209
-1.0970505069565826,-0.4580242423859587
-1.1066919006214635,-0.49045960036657327
-1.1002548931431892,-0.442894925275657
-1.039069548385579,-0.4799595210721311
-1.0492586360266813,-0.4678402680628221
-1.0195944299868507,-0.4833295959930677
-0.957374860606906,-0.49046976509192614
-0.9556983640236446,-0.5045378232721536
-0.9573106477739193,-0.48460244494422844
-0.9023124937822227,-0.4744244430401122
-0.944115643340016,0.20274891229825784
-0.9358697354550163,-0.4556406379569249
-0.9215063702952742,0.2608785534135567
-0.9076611990460756,-0.4808768662880322
-0.9056345035840728,-0.4715179358217572
-0.9060757561329401,-0.4735213173007056
-0.8726392522345875,-0.451099903883772
-0.8877162721348293,-0.4610287156820903
-0.8764967699090443,-0.48750313073429447
-0.8761027925910307,-0.46620944429883726
-0.9155877497664308,-0.47550539799179325
-0.909028675477715,-0.49165449952596824
-0.880810555279398,-0.4820748459020083
-0.8765320808785575,-0.4724311367383271
-0.8799939130062044,-0.47287783100875674
-0.8687749201321716,-0.44962338157348297
-0.8752023319501689,-0.49937297964089356
-0.8795142362960389,-0.4927885950452538
-0.9018912717662333,-0.4690350992508124
-0.9389685682360368,-0.4893586305456175
-0.9519251532042688,-0.49723020609243407
-0.9789006947514045,-0.4374960860526008
-1.0001597077929747,-0.44625901946027313
-1.0290284991488194,-0.461664670817769
-1.0520197396978526,-0.48493243640361405
-1.063065485106096,-0.4827742807358645
-1.0676612042741491,-0.46116682866094844
-1.0894108895097807,-0.45586497707528395
-1.0762807412121371,-0.6786904173138969
-1.0897463293429324,-0.513870175559611
-1.103922734773298,0.6038444157130941
-1.0850991125528882,-0.4800405705324218
-1.0748933250403123,-0.4933271060819429
-1.0318132714785047,-0.49571231695448875
-1.0382456935419577,-0.46339449955653705
-1.0401876760529436,-0.4911504511877486
-1.0079483234225417,-0.46638836797015376
-1.0003160031819853,-0.4558321532233009
-0.9954495119360639,-0.49043316371215895
-0.9464935039888436,-0.6146340197424486
-0.9394995824625668,-0.46735345520003807
-0.9650254255789904,-0.40960614975109344
-0.988900598664437,-0.48986658053812454
-0.9875262829842569,-0.4578237812696924
-0.9968225067228969,-0.4590322447602229
-0.9671386819568464,-0.46244730312639315
-0.9552426185281707,-0.4807608538418898
-0.9742357141572922,-0.4916221799447949
-0.9563607293301468,-0.46228999299511203
-0.9397076979166591,-0.5053959620627417
-0.9226540320696889,-0.4993098175857628
-0.8888364983302536,-0.4706818711025705
-0.9135858082283874,1.2882070431220816
-0.8502289775954701,-0.4681587085907
-0.7861371020950622,-0.48287275866027163
-0.7830478671693049,1.3028346204284686
-0.7217014219653038,-0.4603994622383239
-0.7289792151542261,-0.4062508193025597
-0.7216378384786352,-0.4767071786246356
-0.7315010437035737,-0.48243662743076166
-0.7398829384320004,-0.49755621740417716
-0.7700146988178105,-0.45686952669050734
-0.7932304277448826,-0.48447531115752035
-0.8256035887489332,-0.4689966305451868
-0.9047969221357861,-0.47739713346981727
-0.9071338997818206,-0.4737088095230324
-0.9486501781731682,-0.48793640137232097
-0.9903623532687424,-0.48524480922361046
-1.022074858475161,-0.4674761649608874
-1.0544932691438476,-0.46013363371769483
-1.0737925398671964,-0.46889577320287984
-1.0991900905336598,-0.46414078513166424
-1.1016868087295173,-0.4981961669822431
-1.1191953451561134,-0.4893596532901383
-1.1585294965363802,-0.45225207478138535
-1.1748443070896675,-0.4735633078888165
-1.1528687042042656,-0.47071852204405545
-1.1649649174533219,-0.5181625421073761
-1.185159943557515,1.2659189971611817
-1.1588415752947607,-0.4936155323257219
-1.1426675510030935,-0.4796729369429055
-1.1170448793404528,-0.45932555939804165
-1.1421450785628042,-0.4597053230773732
-1.1054901850602155,-0.4650785921441827
-1.10511890231914,-0.46560694450638757
-1.1057433170842763,-0.4795630639191779
-1.1191694491133604,-0.4618334334670754
-1.1265888907501627,-0.4734426649985458
-1.106399841017828,-0.4887967946704061
-1.1579053671174508,-0.4725281771042851
-1.1452350983930875,-0.4898329878198803
-1.1438627135427495,-0.48188795579367294
-1.1425424894607592,-0.45105240655934975
-1.1687748358079453,1.4986826955055432
-1.1277593994588686,-0.4811518776840063
-1.1270178083953837,-0.4846309855606227
-1.0847782671390402,-0.4739553514837717
-1.0664796252650075,-0.4637735699213359
-1.044447230217846,-0.47504680842643815
-1.0203716969576555,-0.48826448070168504
-1.0198613175860751,-0.48307313492498694
-0.9801283923895252,-0.4690575047022018
-0.961118172211798,-0.4678812255793941
-0.9501310883005486,-0.48256391822827593
-1.009333890525203,-0.48839503239429327
-0.9762926249936678,-0.4364126403814258
-0.9903692649609458,-0.4746001422052282
-1.0094027368602905,-0.4574769423321392
-0.999730224702771,-0.4823942992139651
-1.0503248618803078,-0.4907274012645178
-1.0260366576624513,-0.4905543402006318
-1.053017100924549,-0.47713021518450227
-1.0497807770186167,-0.46881115674062007
-1.042022326559115,-0.4748960892408252
-1.0595013535965014,-0.5007716441770755
-1.058498519006444,-0.4775432653886261
-1.0922789810409415,-0.47366081554617573
-1.1219360377701872,-0.48875324312190055
-1.1788010389577384,0.08048112913594738
-1.190791010325455,-0.50139939380529
-1.1904984062603192,-0.48961661636727616
-1.1972972731731328,-0.4846204305546754
-1.2243600450036272,-0.5003149656611571
-1.2099805855554473,-0.4826498192291147
-1.238684670420103,-0.49313448380531566
-1.2296044953705716,-0.48780979522538015
-1.2234745429308727,-0.4974787052096051
-1.235059937339612,-0.49804205125792456
-1.1920443370561036,-0.45271425525396086
-1.1928219940973277,-0.46496720273731623
-1.216275870304143,-0.46540679547827546
-1.2071343706312272,-0.48883810217873347
-1.209923702485103,-0.4721622487495841
-1.2450715966462478,-0.4564476241918538
-1.2521947700990057,-0.4384126520527364
-1.267781460840965,-0.4922103296362585
-1.287792464027908,0.43690839602290926
-1.2451718218094998,-0.46643756792131363
-1.242295385217883,-0.49519319229100317
-1.2143816740302287,-0.4426653175753321
-1.165823836765113,-0.4619729285522
-1.1736969421014052,-0.46161004995741445
-1.1387341249250418,-0.4978654899977593
-1.1278335288337862,-0.4736910105065347
-1.096477697304364,-0.48662495653970217
-1.073849945047566,-0.4634469564908909
-1.0880085917066895,-0.4686570132636409
-1.1082602208817325,-0.4957220755165849
-1.1004204447529635,-0.4933612896959472
-1.1476686295599032,-0.46268266419834453
-1.1278482670950847,-0.48401829588558404
-1.1293448784166142,-0.47478241005423577
-1.1348652019561434,-0.4615011245764586
-1.1328670085691732,-0.4641486437535127
-1.1827796466513953,-0.5131661904424719
-1.1920930532486482,-0.47820825375362547
-1.183740347286661,-0.5993014912447207
-1.210559070143693,-0.47258998740201286
-1.2235459241616293,-0.4916191378765521
-1.2287573938732068,-0.5001718855944349
-1.274340852631546,-0.49886593320897304
-1.297393561430864,-0.4797161883012001
-1.2671429044462705,-0.4780595634253001
-1.3420799917863846,-0.47060993295696807
-1.3380472158554129,-0.5192326517078973
-1.3464714201446528,-0.4895507632160332
-1.379261411996131,-0.4740542834378382
-1.3727379420478678,-0.48618960531058836
-1.3835768161099165,-0.5104638281336922
-1.3607333225688865,-0.47323853842134067
-1.356699381545091,-0.4677478199568212
-1.3803855540009196,1.4969342400096906
-1.3115836801635021,-0.48304831075560023
-1.3028694579068543,-0.4804047131855857
-1.2817648562580735,-0.49977390542480904
-1.2535000024254772,-0.4749805353234053
-1.2286245059806944,-0.47629366258786887
-1.2368180593254559,-0.48960911361307724
-1.2039337004581843,-0.47256406360381104
-1.163896155795236,-0.4815917645296862
-1.1757015103404687,-0.5056012518557876
-1.1609867606882354,-0.5049503237555483
-1.1681885548092117,-0.47268381227967504
-1.1622579633967776,-0.4927758019683729
-1.1804662807509603,-0.4520921675963668
-1.1983490452718557,-0.4843817100848473
-1.2075689167255963,-0.4852443251164462
-1.2382707434597018,-0.4473164508160771
-1.249752332441058,-0.4795490523023706
-1.2348687577242994,-0.4974349964663026
-1.2867628098110793,-0.4831530554392615
-1.3003330369614057,-0.4564713520639951
-1.310767710043377,-0.42981092162592643
-1.299131171722079,-0.4679949327856491
-1.285919087784922,-0.46154768952453123
-1.2807223506543346,-0.45176474276399015
-1.2614225159383734,-0.474072229414765
-1.2735795873133777,-0.4914021888691395
-1.2602657528662329,-0.4453374684801406
-1.2496124474425938,-0.500661948322027
-1.2349843152587276,-0.46229666295280775
-1.2285340069945376,0.2742538949763468
-1.1893987335204963,-0.4546735232089535
-1.1969116347884616,-0.48404320220640096
-1.2060640763919097,-0.4918859937180854
-1.2060565824983673,-0.5061537025999043
-1.2211987317722544,-0.5061258232084667
-1.2164188962329596,-0.47617971637053347
-1.2391675379426692,-0.47749168731088476
-1.2534087211290794,-0.4372936926225588
-1.2432193885628735,-0.4538273451268385
-1.2173055151627763,-0.4974830850143259
-1.2148691515908479,-0.4963380178579585
-1.1855950001321809,-0.4766932083715603
-1.1984210306629728,-0.4677011526952019
-1.2183301540475966,-0.45253945693447284
-1.2063424099921234,-0.4892965189225098
-1.2148042522277205,-0.47019038260668927
-1.2181525996817248,-0.461048953702431
-1.2004907164814247,-0.4711762134786126
-1.2444471093953724,-0.4756668234549794
-1.2163644377156455,-0.4992677495565435
-1.2062611943888988,-0.4790661982850835
-1.203774492000736,-0.48848957792467396
-1.1962303109057906,-0.5043203414803494
-1.1814543690243184,-0.48909487539737995
-1.195753105544053,-0.4606614133228961
-1.1840820521034927,-0.4763226245980508
-1.1708202397330028,-0.5050865674096942
-1.1792257716668961,-0.483868488620072
-1.1764567071582626,-0.5037003412919092
-1.143740223235618,-0.47579883798282735
-1.1658189331429594,-0.48121578912961965
-1.1922144866682975,0.8793985100895988
-1.154754974098328,-0.48609112588390063
-1.121527520030573,-0.4699558438014295
-1.121129953609595,-0.48962445136060556
-1.090704010490748,-0.4749899279151854
-1.0559891828245436,-0.47141031455814913
-1.0319284752472024,-0.4653896729122317
-1.030945303102214,-0.4387126958670674
-0.9908874604648752,-0.4791549700281135
-0.9536395537089496,-0.45855222863834144
-0.9492022315567576,-0.5085103869380034
-0.9513992521084247,-0.47987680313277803
-0.9427309682814399,-0.4789368416958832
-0.9566403489853728,-0.4793293126776706
-1.0176848525110382,-0.48828361282525035
-1.0150596575747735,-0.47081559998942646
-1.0588978496705028,-0.4740976851109305
-1.068859077499227,-0.47283995601197615
-1.0778499884002075,0.021772848886612087
-1.1331682445554379,-0.4837466375846663
-1.1292445620759166,-0.4707585610414293
-1.1357102324202568,-0.47507919011236033
-1.1732235779267548,-0.5006355714106404
-1.1718973993437856,-0.5004678629881407
-1.191834423500581,-0.4588893990996097
-1.191498810351261,-0.49990506907750304
-1.1828230556017931,-0.46152441958374724
-1.1810595483062063,-0.4704926448477794
-1.179959103603044,-0.4596036313164079
-1.1703989631760332,-0.4707590017883664
-1.166734299715572,-0.48505956982823834
-1.1637602464418733,-0.4910825844479772
-1.1672668345499482,-0.4847110735721491
-1.182916252507287,-0.49115274629437533
-1.1733041225769025,-0.48875356571651274
-1.184286875829939,-0.44102648167207176
-1.2010392183292267,-0.44606857512047543
-1.1845043928921701,-0.4626527195445567
-1.199513122474545,-0.4799674990725945
-1.2287944069996233,-0.49291278391573257
-1.2472647892150122,-0.43174373553946194
-1.2647569729032355,-0.4639586771333629
-1.2971214160765188,-0.5040330448149016
-1.2954117355912362,-0.5083763626355459
-1.3628301225613904,1.4051211640552455
-1.3334411179946146,-0.4753746630159676
-1.3626729729063196,-0.4686207187780124
-1.3758412487908163,-0.4788921514713523
-1.4058984048514735,-0.4812740274790635
-1.373552168550426,-0.4541149761540154
-1.3250228123624943,-0.4521684474806183
-1.3232376537660415,-0.4664458938674535
-1.2878269650410528,-0.49710582799898906
-1.2655054205088527,-0.48677132116577865
-1.2217372367489119,-0.4759161124178353
-1.15416197969057,-0.46322585933154925
-1.1418555851576588,-0.4945823400039778
-1.040128141045385,-0.4888053686429373
-0.9963796651160647,-0.4471874884470567
-0.9725843338845933,-0.4757476750438932
-0.9064480470392527,-0.4911312143905126
-0.9158389361620936,-0.505253657034374
-0.8963390904384156,-0.4794573977969884
-0.8593620961496456,-0.503034705898662
-0.8725397482951497,-0.48960791030074546
-0.8827703506118387,-0.46941018931063644
-0.8776317512964995,-0.4821206477739715
-0.8657740875720662,-0.5051120109430786
-0.8880760451788261,-0.5053383014248719
-0.8954686785800944,-0.4769392570160415
-0.9120472369241288,-0.45509801950723816
-0.9015502943845183,-0.42033072704564284
-0.8961712920823748,-0.45522900632354074
-0.8819358627198328,-0.46859748089217373
-0.8612475122870593,-0.49738057100292643
-0.8653257418230302,-0.48126809938741766
-0.8123506231455664,-0.4607665064296514
-0.817340372072911,-0.5156928718773546
-0.8164461297871455,-0.470227052603339
-0.8055542831189204,-0.46450260319944336
-0.8484005892894266,0.9403253713239316
-0.8374430265053275,-0.44824871413730044
-0.8237057740053852,-0.4859389582939118
-0.820569063189045,-0.4450159828660773
-0.8011531573053666,-0.45931078988081725
-0.7847126825069499,-0.4390724404070167
-0.7973275563159551,-0.4643607977192759
-0.7749092957187153,-0.4810612882223548
-0.7412953806725925,-0.47692012499722963
-0.748472728263623,-0.4653151696259863
-0.7151193344015917,-0.4751724358974169
-0.6751876010542687,-0.5025796135499018
-0.6498613108686934,-0.48760306324325514
-0.6276533639831273,-0.4721338420603825
-0.602031627423256,-0.4777118778510348
-0.587224881857311,-0.49130297722531185
-0.5734209626400594,-0.4848069074296999
-0.5413578450241237,-0.45430860930578476
-0.537135290701788,-0.5053772270020822
-0.5402181706519391,-0.47492158479579244
-0.5578092739193242,-0.4528421466074376
-0.6020006504444863,0.9748286970850464
-0.5827190458009294,-0.47816711813797
-0.6191583014100338,-0.4804783095995834
-0.5998937386452908,-0.48805700331888013
-0.5714108254063643,-0.4709446708826491
-0.5996543114529675,-0.4869266621876871
-0.5716595434223034,-0.5085221048458601
-0.5481819752080701,-0.4610623082760078
-0.5602247460047235,-0.5039043635284496
-0.49241684211265724,-0.4803788717754499
-0.5393463497993004,-0.4786553357538356
-0.5377139343304516,-0.5130054769260549
-0.5210483667914395,-0.49670176034582936
-0.5222506040915641,-0.5025484689971508
-0.5415369597559598,-0.5068175011434688
-0.532874332016972,-0.48521885179395774
-0.5424314381890749,-0.4813516375051322
-0.5593651487142832,-0.46502499363557726
-0.5243125122152825,-0.4516017798777908
-0.4768779107342419,-0.4741836590438206
-0.4971992256624721,-0.4904203329443632
-0.45859821241605714,-0.4946102276461445
-0.4830361665056506,-0.44564080688666863
-0.4785928735962268,-0.48559862816195154
-0.5082989993125584,-0.49662971359788194
-0.5611067210190198,-0.4677847093649005
-0.5802901559393877,1.4391470679178295
-0.5799031640922238,-0.4652956213357931
-0.5509567505826217,-0.4807777959753093
-0.5410330509344949,-0.4784374351735618
-0.5498890057736561,-0.4921628027152354
-0.5191848491631119,-0.48092599096702954
-0.5100471056927458,-0.49973847016348405
-0.471972095997027,-0.44606144455134494
-0.41039386530865507,-0.48471552701452403
-0.3710337195505098,-0.47536128232749386
-0.3746825084686569,-0.5010113535073468
-0.3329351338470483,-0.4317607438636719
-0.32862039221733597,-0.46899502026378165
-0.34204596835731915,-0.4638608922378847
-0.3278842606279278,-0.46967252137509824
-0.3461731431541482,-0.4872628137914325
-0.40273771338892017,-0.490768052716097
-0.4047284268637849,-0.4807626431569058
-0.4407553335998395,-0.48377739373109513
-0.4753113484717103,-0.4981098683685891
-0.5214213509803873,-0.5000046391372519
-0.5406878554298793,-0.47080286333348864
-0.5587791240987999,-0.5149561924726604
-0.5937127425412195,-0.4863878409724281
-0.597950082709454,-0.48289427785395656
-0.6154762905413407,-0.4828341317634951
-0.6439366017458957,-0.46492185673494396
-0.6555147327120566,-0.4925222655482108
-0.6932476404611156,-0.4939534447118608
-0.7104126317138943,-0.4830382185822418
-0.7405908460886563,-0.49010049947234197
-0.7523819213946582,-0.4788979247201171
-0.803441643123645,-0.47039159248423107
-0.8099046726470372,-0.47865629340925486
-0.833483280353916,-0.5005795543475743
-0.8454364871698204,-0.4597558142604429
-0.8513450664326867,-0.4605881723839508
-0.8451718250574954,-0.49755327763419366
-0.8432163645161502,-0.4826465513824547
-0.859642931773441,0.9344634109553299
-0.7851921832466368,-0.4486332079106274
-0.7761095326365389,-0.499708497351657
-0.7930715743640715,-0.4931841113822374
-0.7874961231263669,-0.4908662876117025
-0.7852230148533107,-0.44673349670708046
-0.756112582797162,-0.4748560931175711
-0.7719693689414251,-0.48777006275309676
-0.7584113724860083,-0.47831660227143
-0.7585693646979087,-0.482231940506867
-0.7474306102309333,-0.48212155735148343
-0.7416718840967345,-0.5493527440080167
-0.7973169586802714,-0.48463248712384355
-0.8084156762785255,-0.4739765717662689
-0.8264468087522089,-0.47350871140063844
-0.8410255746740621,-0.49666195536852326
-0.8348287617951158,-0.46625881319835955
-0.8476705417154538,-0.48567558290146984
-0.8855295964081883,-0.4847072693315155
-0.8659146469332397,-0.493801164622596
-0.8878188666619805,-0.4751678865423684
-0.8899005615326255,-0.4516674867878502
-0.8541827222654271,-0.46103028859742545
-0.8950202002617791,-0.4639921247098041
-0.8977371795328202,-0.47589015618966035
-0.870808572521006,-0.4526454609390564
-0.894861985750806,-0.4950101215401152
-0.9023132359012783,-0.4475115475231456
-0.8584548039050214,-0.48092743825189016
-0.8939808437029864,-0.4771782594453283
-0.8952147625701613,-0.4972107520004199
-0.893577860779195,-0.5122160564412445
-0.9115965499283267,-0.4821042380757717
-0.9270732988945174,-0.49048242647897283
-0.9641088063609268,-0.4876124211542071
-0.9642370143376133,-0.49582756799315886
-1.027930145034999,-0.4721096161929433
-1.0635904552986002,-0.4939931908783004
-1.0773282480618815,-0.4878462824276639
-1.090124670406191,-0.44984199824537546
-1.0879331020069032,-0.48734355387656775
-1.1021034919092942,-0.5008143837915084
-1.1176739678153067,-0.49097315844039635
-1.1332978454352474,-0.4576447772916014
-1.1456748884867058,-0.49789893405918595
-1.137051268513439,-0.47916389910791485
-1.1936924481140494,-0.46462871923264193
-1.2433604898998831,-0.49820288934237683
-1.2666663425847708,-0.48418859236623263
-1.3167450148999584,0.5834910209818005
-1.3439247096169444,-0.49486336168768985
-1.3497940385899085,-0.48220297508501925
-1.4055594735485462,-0.5035187907712866
-1.4366439362273122,-0.46333644538375557
-1.4258480164567802,-0.4685543371360677
-1.4663409310617037,-0.490625688346444
-1.4610188534318087,-0.5010332115765532
-1.4678824942236774,-0.478678273092532
-1.5057549574239273,-0.4600931042152977
-1.4809618464435537,-0.47121093353211935
-1.4874785358709732,-0.4433439728715368
-1.4946885015127556,-0.4462188233820736
-1.477072370291684,-0.4881591050084619
-1.502774063164976,-0.4972244724345889
-1.5123461832496041,-0.4555037390102586
-1.5164856358580292,-0.4789688870327739
-1.5430938259813727,-0.45897605078336234
-1.5553603775858267,-0.4649511781840649
-1.5778220208774736,-0.49096035769751306
-1.5731332907464102,-0.49659817365580305
-1.5599165355271662,-0.4641968550011254
-1.5629663582978366,-0.45941290215039315
-1.5499457079637806,-0.47377591768220795
-1.5589759412188042,-0.48009607317405756
-1.5930184484989671,-0.5193598081082578
-1.577945786318358,-0.4775159564877556
-1.6178190345690138,-0.48139440967976393
-1.6328852036788766,-0.4653202397916635
-1.6325022604855515,-0.4628669643131291
-1.6807723423932035,-0.49095857675955207
-1.6821897913133923,-0.5049271000671222
-1.707905539171802,-0.48571389737730836
-1.695650243532203,-0.4812908100708661
-1.6972803976491198,-0.45983400261651936
-1.72412144911757,-0.44953561129427083
-1.6962259072449892,-0.4636853242025168
-1.7197771605103644,-0.4989615416675403
-1.697409489579887,-0.4711077287840447
-1.6958444346414057,-0.432277457193015
-1.7244362601920713,-0.5016494911551895
-1.721501095517234,-0.48027082371619967
-1.7116239379686367,-0.46502905831479757
-1.7144068653744238,-0.46974377070324125
-1.7254969614976141,-0.49892398590517906
-1.7534128214966238,-0.4901516535127005
-1.7750282383179368,-0.4857117093082143
-1.7813609250302926,-0.4942376114460524
-1.830106948991227,-0.4748373711152159
-1.8372597827951636,-0.49448579706972856
-1.828300514327769,-0.4667516458375695
-1.8314426440332137,-0.46389700535870854
-1.8294871070589744,-0.4911587790492391
-1.843021531501922,-0.4714752450270584
-1.8320930868967293,0.4003638062987846
-1.7930887612602917,-0.48148050934050407
-1.7589534061361236,-0.48449275660238117
-1.7254734461244907,-0.49144725464159483
-1.7048117944423424,-0.48740532332304215
-1.6980013164440553,-0.4928909834375158
-1.6686803383769002,-0.4464442177125478
-1.6861860457347961,-0.4927956817214123
-1.6711248968271348,-0.4981259316716424
-1.6819060765046876,-0.46625047995508717
-1.6746995832818412,-0.480379554736804
-1.646855915421806,-0.49436693293332906
-1.6401651225740557,-0.5036426337613811
-1.658517625302674,1.0650850115103676
-1.6242685896170257,-0.504257224169286
-1.6131549443619122,-0.49865571872747133
-1.6034491418492742,-0.46779980502317065
-1.5788292430659001,-0.49340642239018156
-1.5992513691264894,-0.4733208353949747
-1.5917340049574833,-0.5023026640580238
-1.591498889707433,-0.4884858346275566
-1.5901373353500092,-0.46641453796905447
-1.5774780998121527,-0.4910449504394604
-1.5729941916485353,-0.4883799570839607
-1.5875667147697141,-0.475363658440795
-1.6017994546606888,-0.471329843623046
-1.6127368434750358,-0.45845849646756875
-1.621106381747215,-0.49704013663964347
-1.6217054521178453,-0.4347122503228608
-1.6255444332714586,-0.4907292787144337
-1.6227911856503345,-0.5018385044757833
-1.610843033606121,-0.5112446497325108
-1.6029276317726864,-0.458032191411212
-1.5872152305135752,-0.46408632463687105
-1.576373501599665,-0.4515309162918598
-1.5519604923419426,-0.45607593554851583
-1.5966491435650167,-0.44647300637280934
-1.6204897754616077,-0.49453313181894043
-1.5808582389237373,-0.4870266761966518
-1.6670229168657216,-0.49382815830882143
-1.6381383046934526,-0.46619069027484333
-1.6546878556772107,-0.4824987546998365
-1.7238932352644514,-0.411804631965201
-1.749126461856733,-0.4576196904088307
-1.7879822448419758,-0.480855119170537
-1.7978821629498234,-0.4697755034657776
-1.7954143347472211,-0.5015117061569933
-1.7963005917995811,-0.50686657647191
-1.7767028533782134,-0.46863095313847986
-1.76576703743957,-0.6829096240687306
-1.7547933923129988,-0.6413473241354111
-1.7346660041915922,-0.4596251582075195
-1.7026831158162758,-0.47937177446976287
-1.6615962854990345,-0.4397457410640156
-1.6369003479688538,-0.4646460202893933
-1.5968272492413669,-0.4660297956205377
-1.5411763349424963,-0.4832900799084255
-1.552531879138285,-0.4708209598356063
-1.5092000668528451,-0.48420590659455526
-1.4553068751477103,-0.4485362189627592
-1.4515919254221983,-0.48427619648548753
-1.4229743317566472,-0.5092466417670618
-1.4046403607350337,-0.4520052655566508
-1.4149727638596856,-0.45438618251985274
-1.4315160076067848,-0.48712819666216695
-1.4186102588055656,-0.5054690298441517
-1.4338563609439732,-0.47709548187766915
-1.4329404607586536,-0.4801219185493543
-1.4395229382259291,-0.5058841366527451
-1.4380550285017202,-0.47486350405387795
-1.4581065296655569,-0.49100316790805976
-1.4707940147511438,-0.5032299110216426
-1.4596933623029473,-0.47050886957853433
-1.4458786708209743,-0.5176377327886481
-1.4511523105459818,-0.4556465260203842
-1.4341381983282242,-0.5191908277096416
-1.4786607277884487,-0.48958645770145015
-1.5279048901216579,-0.47058903641442806
-1.468850181858865,-0.4700485815166491
-1.4660916856312063,-0.47049359892642517
-1.4792835247736713,-0.46532848739411153
-1.460251734526391,-0.4839127743253532
-1.4819865351457524,-0.48957839088015287
-1.5234283680765912,-0.4451799050729346
-1.5365509730349953,-0.49326367274919436
-1.5641519022422044,-0.4761306614616036
-1.5857217092712539,-0.4847656493903108
-1.5872493615516754,-0.4533063637724363
-1.6199175527204355,-0.46188956119572866
-1.6394981999811296,-0.48504532232579584
-1.669084748824545,-0.5012009565043092
-1.6759959473059005,-0.4970533401128386
-1.6271982658384478,-0.4733493013095644
-1.6168782406197153,-0.48912346829972014
-1.6183663665890773,-0.4769067546138687
-1.6007635763786403,-0.46280123356741737
-1.5720299887406628,-0.48240083456675226
-1.5511176802196527,-0.48568296802995076
-1.4824180662796307,-0.4577811751741729
-1.4731654524017326,-0.4425793142068661
-1.4882151060972888,-0.4319013214580562
-1.4948174531194014,-0.4710691456927057
-1.4817333633082361,-0.4576366625591607
-1.4911814373361711,-0.4396200824298844
-1.496081446055704,-0.4992580832434583
-1.4841420309075466,-0.5004025291442034
-1.4795605619225987,-0.5208570337431132
-1.5154763597969145,-0.4950431463572703
-1.5097732527457812,-0.4806896949768191
-1.4832695089576915,-0.4920526855867682
-1.505939119007522,-0.44824708958102893
-1.4883893034411313,-0.47661813730554337
-1.5221728061918478,-0.5133545748704529
-1.5556243409988748,-0.45279539721140494
-1.55198383550148,-0.47520245278189976
-1.5817676413966395,-0.48821966028088604
-1.552888480672595,-0.48166149933522284
-1.5563015097172015,-0.46910637198402927
-1.5831571891113596,-0.48354967942532573
-1.6013232796990269,-0.47265856830326164
-1.5876369054603146,-0.4843519388863621
-1.594636775022339,-0.45916370847376137
-1.5655750081088966,-0.4984247406174038
-1.5384018437844695,-0.4760710231663064
-1.5332549563683917,1.0319927349069569
-1.5186552898147214,-0.44797613586058593
-1.5062013384393313,-0.48288005323626976
-1.475665133876178,-0.5104081068100836
-1.5066080091549232,-0.47008051332001183
-1.4628566283077875,-0.49373125914690114
-1.4514854462836237,-0.45717551480153534
-1.4875679595701181,-0.48388546324312115
-1.5066347572854855,-0.4985272327601792
-1.5056718084960907,-0.49255833526435117
-1.5236257450903088,-0.4594894098547271
-1.5312940936384105,-0.45780416204367197
-1.5177296580198485,-0.46647081977389154
-1.579467698567177,1.4971444945826364
-1.5532686921426715,-0.5137224279348928
-1.5415963658716538,-0.482756420755897
-1.5270565543670092,-0.5069832485644176
-1.482134921677977,-0.4891967017931752
-1.4475890046009472,-0.5110028476059756
-1.41624335658331,-0.5406733039757384
-1.3989618615486739,-0.47927162245645816
-1.3962172522934644,-0.460650366860968
-1.390579172883346,-0.506651919680753
-1.3914493973680233,-0.46255864166761107
-1.3847898372078036,-0.4960873631960973
-1.4212886535519604,1.0638310997386398
-1.4071305212679843,-0.4764600928412687
-1.410978143308205,-0.4687230416004482
-1.447691589340622,-0.4748697156957471
-1.4809540704485866,0.5540378662798583
-1.496736526365082,-0.5041009973940428
-1.5534174346745537,-0.4832731323715161
-1.6220661637646987,-0.49964233775121875
-1.6593845980926316,-0.47420965534761006
-1.7206433543855708,-0.47494060844615293
-1.7483366756570353,-0.4917259253857113
-1.773671123819468,-0.4638793970131552
-1.8123585581050976,-0.4914285738649294
-1.834365248866366,-0.5074935842117061
-1.8781945271769755,-0.47691061385899797
-1.847468768735575,-0.4719620131866487
-1.808906073079851,-0.4613575743115073
-1.8324921013271436,-0.48635483664519735
-1.8179754838211224,-0.454853939690155
-1.7886241652562263,-0.6179584314086813
-1.7894346374413184,-0.5164616653130691
-1.7553342327675865,-0.4562892139896333
-1.7594476896582179,-0.4652942164256817
-1.764683484975599,-0.4875932002480815
-1.7480889709692702,-0.45399881783832186
-1.7135872403897583,-0.4644519237634865
-1.724279683238354,-0.46622076439519283
-1.7174227843730059,-0.4882260819699937
-1.7048328045956693,-0.4799935247333357
-1.7075793798161198,-0.49146734556606736
-1.687879852226418,-0.4805207116187477
-1.6883077070550212,-0.5023959752469783
-1.693635669880783,-0.47969296928644567
-1.7013741049305384,0.7455385094019655
-1.6605087923662496,-0.4943638280764109
-1.659884050473351,-0.5012587678226468
-1.6775621399074352,-0.4948798823433255
-1.6680729830648484,-0.4798051815330799
-1.6734577938296442,-0.4619729575421609
-1.6647560631972895,-0.4596900959177256
-1.6596486340004337,-0.4886685371941043
-1.6723891419071122,-0.48141462957066505
-1.6873620057294774,-0.4779337169000883
-1.6941564439548022,-0.48786526352351817
-1.6824854271626426,-0.4750353770873332
-1.6942692206765535,-0.49023687744226735
-1.6954257948613654,-0.4805980088035927
-1.7154462893734272,-0.49113433041239646
-1.716511278511576,-0.5194605114743964
-1.7418251700040461,-0.45010592643695263
-1.7631255470616398,-0.4857927203042415
-1.792282673109378,1.0251490763422355
-1.776625278321436,-0.4952603203653982
-1.774839540041742,-0.46799009306923783
-1.7949793611995908,-0.460293065282574
-1.833640050780748,-0.44374486606111574
-1.8176479367775973,-0.46506892850741594
-1.8462870440568766,-0.4841968581341675
-1.8497310313084907,-0.4665231404044229
-1.831723436358501,-0.4721864811903842
-1.8584861399451718,-0.49068849092473726
-1.8563351871694818,-0.45792106683155104
-1.8284851663368145,-0.44939282032872563
-1.8292486931798986,-0.47515981419788883
-1.7988172220305725,-0.4797501418004829
-1.7834235999226185,-0.49129388559394305
-1.7593563226875228,-0.4829544216963287
-1.7352327924243147,-0.47563262066491563
-1.7245886395947245,-0.43956782661413285
-1.6911575773101672,-0.47996233517842196
-1.644305110665997,-0.48486559517447814
-1.6178098292997034,-0.49869920081165275
-1.5973179810946747,-0.4689272060545293
-1.5791650918218236,-0.4736636729979528
-1.6288482913211024,1.1722784879315866
-1.5883602285865352,-0.5952018304201862
-1.5722291474152725,-0.48578700084614324
-1.5843580278777307,-0.5034118028261739
-1.614702197420265,0.37572535614335306
-1.6157935492205104,-0.47514952521027803
-1.6527668508744864,-0.5005949596482401
-1.6594676898331227,-0.5117590688713386
-1.6666476035107924,-0.4491619258161844
-1.6811153602028046,-0.4401885431957567
-1.6853273773251867,-0.5020270704769962
-1.6946458635585337,-0.4728661419658651
-1.7697394222949787,-0.44370295607880417
-1.7147618513360463,-0.5912961509213338
-1.731944530866247,-0.4765726754907322
-1.7396267715332565,-0.48422292518234367
-1.6994107088272616,-0.4765951607068681
-1.7425461461793648,-0.48833710309117295
-1.70250006972851,-0.4615504943465863
-1.6943222756961596,-0.4908325059981827
-1.646614450412661,-0.4650726691283932
-1.6334820659625813,-0.47501923407241564
-1.6070837025391804,-0.45478688545383167
-1.6031767051282264,-0.4560626837794886
-1.5932355241934057,-0.4668442458223489
-1.5699586513985115,0.16307410852362286
-1.5339865851912333,-0.46523788005606886
-1.5049943931367507,-0.45703022344513006
-1.4973704155554652,-0.4665785174593789
-1.4700329662146148,-0.46627812086303866
-1.413137051641363,-0.46628910559470954
-1.3600357903592522,-0.4676693090051396
-1.2755788815006497,-0.5205979579295423
-1.2267262227127633,-0.4666137398476017
-1.2218804770803084,-0.43433457461154773
-1.1908510740534763,-0.45715080389010393
-1.1367119992454855,-0.5012004628292742
-1.1014862410566362,-0.4665279984216453
-1.0787211852130227,-0.4993671931237602
-1.0415450823744996,-0.47981574412758876
-1.0170681547456644,-0.44615773112509943
-1.0151249031459673,-0.4623180967896841
-0.962178460874935,-0.4864171107990206
-0.9635067454693693,-0.4868465204756714
-0.9520650870850502,-0.49532122886281
-0.9311835033048944,-0.48732877441468414
-0.9104173832372513,-0.47912570495803963
-0.8858771467102231,-0.5007426220389048
-0.854917978278105,-0.49042772860155504
-0.8469328139610446,-0.4943985224916505
-0.8638758082866379,-0.4727282643891652
-0.8364523328991442,-0.4966583373398898
-0.8308981192650381,-0.4728204317861162
-0.8493308429020446,-0.5006927253924538
-0.8102264594512258,-0.4637803912340624
-0.8186580749697938,-0.4658054718419884
-0.805804889119878,-0.45701504437750995
-0.7827536802086271,-0.46877029484345784
-0.7549542604178113,-0.4748171265907397
-0.7587267821767488,-0.48283463642919866
-0.7382589684626487,-0.15793361007338477
-0.7213527977174606,-0.47251326263278554
-0.6923394611762684,-0.4867934912299577
-0.6975470730973172,-0.4962778302770284
-0.6852026530443585,1.0171564065432446
-0.6504450148834086,-0.4716896663763664
-0.6418398432543975,-0.4979223022690647
-0.5976914706738802,-0.4991140281432342
-0.5810612589248153,-0.46537111544401777
-0.5584475500759455,-0.4639191021238281
-0.5478033987452056,-0.4727736134162424
-0.5791473060184877,-0.47277990810278914
-0.5713238862770436,-0.4886025770943425
-0.5588165948828722,-0.44831400545288197
-0.5840345254145554,-0.48834219683835584
-0.5586046589305119,-0.5064570488575612
-0.5764254045606476,-0.4779397346289676
-0.6078078352979667,-0.4715632108192642
-0.6045718865989643,-0.4695209182014832
-0.6061954289187799,0.7948782946246471
-0.574387198267845,-0.45308261867811056
-0.5692040867670275,-0.49690798632117994
-0.5519117801870767,-0.4849753989222275
-0.5822648478023863,-0.4878461217102074
-0.6167596645196513,0.58624964430807
-0.6190444970359628,-0.4734695938988872
-0.6469471919696536,-0.46489331735585326
-0.6799236729965682,-0.48329690635086375
-0.6695902100366734,-0.4776162072003062
-0.7018578425469302,-0.48991204597979143
-0.7434100886853245,-0.48649812539825743
-0.7470209800524653,-0.47216750917797
-0.7704425008285439,-0.47353119311623953
-0.8329708575365314,-0.48248154317280045
-0.8392089611881572,-0.4758430603178434
-0.8477228988633012,-0.4977002814138937
-0.8696878888825731,-0.4825734268770924
-0.8669519332058518,-0.4513156759388587
-0.8609461820497744,-0.4713775924835296
-0.857383223475346,-0.5122898597471931
-0.8424213064674592,-0.4880815022731056
-0.8415194489856431,-0.48340838172074535
-0.7963338748353234,-0.4848116191784431
-0.7915942926993893,-0.48352172937437515
-0.7684987169732894,0.42172968801960514
-0.7407540210962625,0.5153992409567877
-0.7479238921766005,0.48551322598963875
-0.724736969421081,-0.478885413943205
-0.7348768113801999,-0.499352570891091
-0.7463424204127787,-0.4532816059632379
-0.7295865253130055,-0.4783680871843097
-0.7452706021452571,-0.47681031344658265
-0.7295347647136783,-0.5012903968528039
-0.7304103349534147,-0.47744047498310904
-0.757335831803822,-0.49333254402553844
-0.7793931216554,-0.47501353244750316
-0.8078191629382208,-0.49227639735590734
-0.7996663277648827,-0.4758431951999104
-0.8227018579865865,-0.4510042698577506
-0.7958629095671286,-0.4760772861774996
-0.8096428914012687,-0.4762374901639935
-0.8182988704506107,-0.44371041020825147
-0.7922247372144771,-0.4614534132705958
-0.8221866654527106,-0.4998494127892054
-0.8289803251095875,-0.4688796457808061
-0.7952074481835407,-0.4756678395850982
-0.7944775284564881,-0.4601265190152558
-0.8201391626210762,-0.4637737095728459
-0.8130369574854003,-0.46984069433283493
-0.8059162331242073,-0.4896646310443402
-0.8195582735781229,-0.48503824485498154
-0.8367568431951452,-0.5061914123398186
-0.8608699511601428,-0.47760420602666465
-0.9117800879166673,-0.4992418289954985
-0.9479008507107087,-0.497518237469118
-0.978350538593184,-0.46779912443040006
-1.0083278690213608,-0.4424075708108258
-1.0243677944730532,-0.47290990703601227
-1.0540768171918868,-0.4769917586280759
-1.0996577641824141,0.9658258020234708
-1.097025763240264,-0.4743364201340607
-1.0852740465203987,-0.4880714272752628
-1.0725024229791411,-0.46377440832409894
-1.0724729483844937,-0.4891394503114356
-1.0933048207092477,-0.46970293050062484
-1.0882381231329767,-0.462359968432364
-1.1136268167521468,-0.4711808882827559
-1.0866660020475565,-0.5062854486986119
-1.1137585760212652,0.3917583387035609
-1.0878243224489483,-0.47490173109532463
-1.082589258448713,-0.4797345584467941
-1.079763900379619,-0.486853153975724
-1.0939342290812448,0.8823254886539159
-1.1008931261538446,-0.46416881934803134
-1.1402748858513443,-0.48695956146532865
-1.1378111793009598,-0.4726111757068466
-1.1488157607719274,-0.510795601732087
-1.1419177426479725,-0.4767397649943586
-1.168153804133838,-0.46364151069431403
-1.1985137183666947,-0.4813972058120064
-1.1718529670247284,-0.4835365864774676
-1.1561461424108048,-0.48114003681893597
-1.1429468667603915,-0.47260204242142967
-1.1087413148167529,-0.49206400973541203
-1.1239802928799276,-0.47350969703806184
-1.0840852778107308,-0.4541357596536207
-1.040654937267279,-0.49764953000268686
-1.0343674925414854,-0.48401356848343025
-0.9704090357566041,-0.4728409840924076
-0.9859731950423182,-0.5192973337868609
-0.959741184992581,-0.5088043880019957
-0.9348678592572752,-0.4610460293188717
-0.920722084002502,-0.49711078569282546
-0.8974410845419202,-0.4913795032940608
-0.8787086740797906,-0.4495656018804066
-0.8637819501092695,-0.46618402454982216
-0.8435645488778091,-0.49794356617250396
-0.7976047870867858,-0.4670119822155787
-0.7626591657991714,-0.4452053417276201
-0.7861341305336674,-0.4734784658396527
-0.7822762782409561,-0.47979794323928787
-0.7832150334815545,-0.45936682029540243
-0.8742864232362318,-0.4788122485374645
-0.8951699117481995,-0.43533762061352677
-0.9132497643661692,-0.4576787094239187
-0.9574266537391167,-0.47818808436481475
-0.9400097727842746,0.0898971839304518
-0.9962678042760547,-0.49157287157922974
-1.0420796843662896,-0.4655504902265291
-1.0359130331142996,-0.4872969826033339
-1.0799164735311322,-0.4717993776065327
-1.0681903181927181,-0.49023067664516495
-1.0564074365581009,-0.45436873497801156
-1.1173601777835218,1.2292979342076766
-1.0573621221811937,-0.46444073367082434
-1.0665787257865649,-0.44643638302781724
-1.086887013806494,-0.51258526154461
-1.0896840524574725,-0.485771162702606
-1.125278674556366,-0.45676831770187665
-1.118400594529725,-0.48255736583892683
-1.1484655421499805,-0.46358879943303116
-1.1324169193411944,-0.4976961540229458
-1.0869398552367018,0.022653498447577983
-1.1236512855276737,-0.46028900992381494
-1.0503557539149169,-0.6817447095577321
-1.0337456631517332,-0.48163335676219066
-1.0117982039648015,-0.47277170984410477
-0.9450811978394753,-0.4849802015675142
-0.9023355546804226,-0.4575305919575515
-0.8335168098590575,-0.49501291421935373
-0.7769866348840824,0.4241570583688507
-0.7634261064270382,-0.4821691581198847
-0.6951581206611885,-0.47536446605894905
-0.642895109579101,-0.47620865755253855
-0.6626285514085984,-0.48095053410023797
-0.6481261134019425,-0.46544821166941885
-0.6020232885239719,-0.4619793518730603
-0.619516580149874,-0.4730895793429381
-0.6201024787153915,0.2004168331635381
-0.5976140169431127,-0.5067955224329642
-0.6121661971055907,-0.4841463974756613
-0.5998596333952889,-0.48037659374381153
-0.5665162089745397,-0.4665459824405328
-0.5502173666032157,-0.4842886942572718
-0.5417101426555335,-0.5042960745388184
-0.5287622597475206,-0.48166778634503665
-0.5711136912531499,-0.4833438825762959
-0.5705548571777596,-0.47761956042503173
-0.5601656089076439,-0.4785705697915864
-0.5620133820773802,-0.4923664585758628
-0.5366393614001611,-0.4757773234686752
-0.5343861004354713,-0.47420968268130625
-0.5036615023451753,-0.4775997926908293
-0.46824392762378775,-0.5074711582297434
-0.4250904554326355,-0.45142862860623684
-0.3902287941864407,-0.46492135225181236
-0.3491803906672379,-0.5186454755972142
-0.35872335283935985,-0.4781017531273273
-0.2803579232109835,-0.5049135698573372
-0.27887923452667795,-0.4753687574067275
-0.26131306922702385,-0.4491197738073255
-0.20107439641698902,-0.47985566395366197
-0.21120224226589351,-0.48099732706204673
-0.20522030828734242,-0.4804119294958083
-0.1842726071217066,-0.4769082249479896
-0.20726574767647227,-0.4896209817441861
-0.20408604734908375,-0.5012866194501089
-0.21268293185451184,-0.5054100164129317
-0.23959200395824834,-0.4774412909502607
-0.23312513245956648,-0.4326997795258187
-0.2498349978262497,-0.4953680905208713
-0.25260326263662625,-0.501587161973398
-0.2532696102339717,-0.49285859406112137
-0.2727618727238881,-0.46847306642879244
-0.3116740403746543,-0.4730130303896242
-0.33083583998445965,-0.4594121539888081
-0.3445170877110854,-0.4972877328931221
-0.36716335892583946,-0.49058113923203184
-0.40843212889441666,-0.4718148269900951
-0.41943953800654754,-0.4737665065472638
-0.4380445436429446,-0.4961770231311366
-0.4654558350150673,-0.49355167650615567
-0.4784253471289491,-0.4873218269192623
-0.4308604009762928,-0.49559686734340147
-0.447680600709849,-0.4991951650641526
-0.44983079046982555,-0.48428882472072887
-0.4426602946912112,-0.44032287902825284
-0.4761905374872775,-0.4956885934089974
-0.45158939176516705,-0.44985298319493777
-0.44294757747381847,-0.477252675258548
-0.511709071712667,-0.4993706566218134
-0.4743311404802652,-0.5094171928536301
-0.4957953355266751,-0.46475425948176835
-0.5278828363868419,-0.47893274577067707
-0.5217570467845865,-0.48879328992884413
-0.5549426163908469,-0.49516276016699085
-0.5661243249416003,-0.5018214715931807
-0.5603392954035882,-0.47472354334173217
-0.5755818974012198,-0.49752089895846957
-0.5804368746293127,-0.4762887439657944
-0.5732332213891863,-0.4712172090820383
-0.5657298107035659,-0.4559871764273465
-0.5351613543798455,-0.510027989836315
-0.5322776976117004,-0.48192906363714716
-0.5302175015745257,-0.45854629065296204
-0.539460693997728,-0.46908044236713636
-0.5544672610010928,-0.5041854912692859
-0.5436824739209329,-0.44098714700341207
-0.5333512994440275,-0.4799805836764491
-0.5597329497726168,-0.4814436850612358
-0.5807625873687928,-0.5043531997898969
-0.590912339619293,-0.48142979090861926
-0.6015841614396822,-0.4612686563366543
-0.601960956589738,-0.49589320626229305
-0.586520662243528,-0.521415145566834
-0.5880290507251582,-0.48108458913621455
-0.5733589060694608,-0.5126660107973153
-0.5962515169937401,-0.46131240812088375
-0.5616530032040278,-0.47533147999361763
-0.5529440330693909,-0.4861805831087762
-0.5890880121640855,-0.48417097792744646
-0.5765594399315599,-0.46494204122439875
-0.6425203876040412,-0.4822774124546882
-0.6363883169833479,-0.48103158279046915
-0.6279887294414838,-0.4670483366788896
-0.6706260316117163,-0.5148939657218877
-0.6498442906115044,-0.4752765176866986
-0.6793730743890085,-0.48449081324355664
-0.7161464347231766,-0.4533610092411028
-0.3916524615149369,-0.7697974462163428
-0.2911156460141985,-0.7693430999271377
-0.2781777379774019,-0.7628095415978973
-0.2164846461945326,-0.7697883731522805
-0.19586334731345528,-0.7647921007196576
-0.26128805474466577,1.123146998351315
-0.2376206199899103,-0.7750004446291746
-0.2930786557817524,-0.745127302151016
-0.4912694979333863,-0.7749155287284669
-0.6762085390501503,-0.7874058198004076
-0.919699274178388,0.8234431841424348
-1.1868560534873152,-0.8807508824353943
-1.5796912400517267,-0.762210092772298
-1.9394158942446318,-0.7658717742179028
-2.2352938950425405,-0.7483129432729875
-2.4685317109970315,-0.7343816666338294
-2.667963558932352,-0.7444734188279787
-2.8065884896483357,-0.7457804936951818
-2.986468351616791,-0.7767379179469892
-3.079094662691852,-0.7587517446328114
-3.1168117276816645,-0.7541314766896606
-3.1274540100908,-0.7407564576406725
-3.1408502123263067,-0.7486791904633365
-3.120137384727505,-0.7657213939540247
-3.0977708276986204,-0.7417065446928468
-3.0978286139441256,-0.7479224608396629
-3.08389450621369,-0.7743135024776098
-3.0793247812953894,-0.7876050563968332
-3.040077453439109,-0.7468589687510688
-3.0139739462375177,-0.7614758139822472
-3.022781343356307,-0.7535194144245576
-2.9948016693567574,-0.7288627305643228
-3.0102928218739047,-0.7496363409912185
-2.995672345974908,-0.7516099437885024
-2.959145174097557,-0.7484112188283084
-2.9949298664795223,-0.7724366698434425
-2.991259293566127,-0.7283213668931373
-3.006191144567229,-0.7727232897224716
-3.005776699965751,-0.7583712622597056
-2.999908238062132,-0.7589346810102571
-2.9460382954762827,-0.7843874464208036
-2.948398812900227,-0.7665070199140164
-2.9508051342487205,-0.77240676300297
-2.9370514343330782,-0.7503137704088263
-2.9302690296726754,-0.7580329223044208
-2.964170059320436,-0.7878726877386024
-2.97076075025113,-0.752856552699571
-3.006997542381809,-0.7503234382330681
-3.0449918805013887,-0.7611602728325538
-3.0894712358947087,-0.7719942186995158
-3.0933484797255164,-0.7576691957305359
-3.1257943111022892,-0.7600761253501107
-3.1313578745327697,-0.7525410587573893
-3.1373368128349552,-0.7528861167163361
-3.1200271445618872,-0.7572723018616162
-3.1468045592960783,-0.76642708629107
-3.160390064083436,-0.7457282372905791
-3.1189448114321827,-0.7651068000943735
-3.146780976825916,-0.7516695919110672
-3.1370508598438653,-0.7420907765384341
-3.1206806235114213,-0.7195490925746874
-3.1423904040666626,-0.7696580751203199
-3.1526781026677857,-0.7501712796363135
-3.1650311416158408,-0.7453300199488241
-3.1318672519236057,-0.7611473103761685
-3.139078296834885,-0.7898304323894861
-3.1633798404815194,-0.7280494894942836
-3.1268448862838083,-0.7247071422363247
-3.136070098484203,-0.7724311713467599
-3.122326486906142,-0.7854642474952412
-3.123763136805447,-0.7751677921207699
-3.1172048529210414,-0.7357187767219401
-3.1214822132506157,-0.7562696950844796
-3.1054470485985566,-0.7739701759877836
-3.090921972733997,-0.7686009742148396
-3.0927772551074746,-0.7257680126991151
-3.1091303895626825,-0.7592738140636739
-3.1134416149864848,-0.7633942132201228
-3.136143475906124,-0.7867947662664686
-3.134666196511603,-0.7653752162861188
-3.1371806311908577,-0.7670632350701839
-3.158896326408195,-0.7436104930295194
-3.1289701857645804,0.2590186468564575
-3.1182284095998116,-0.7263247950503807
-3.0627484443782205,-0.7701916833206495
-3.0684602454073966,-0.7333130258279654
-3.0350323806863346,-0.7603483978866706
-3.018047544180281,-0.7635391930175807
-3.010627178304217,-0.7657080780738954
-2.9526033783006107,-0.7878896092247748
-2.9350793412738634,-0.76276510840689
-2.918110493922483,-0.7546998066574068
-2.9126197479884914,-0.7528065397513335
-2.881620574836829,-0.7509538441838537
-2.8825849220817754,-0.7611949542936041
-2.8607039292653225,-0.7373932856449028
-2.8406659743085982,-0.7539729513629042
-2.837319316517866,-0.7970070610341644
-2.8187879356505112,-0.7577990991792265
-2.836305072441955,-0.7413244290575288
-2.8087809464506743,-0.7369345958612066
-2.7917816059634983,-0.7447140598280246
-2.7879003863820726,-0.7798432897924211
-2.769206781178041,-0.7763482657929701
-2.751943049246529,-0.7780897655200376
-2.737965316195743,-0.7764503757609729
-2.7458054250325876,-0.776434439402602
-2.7449448942079036,-0.77726831019082
-2.7599068018113204,-0.7619782062704445
-2.8266696392612976,-0.7644382282826693
-2.83229756494182,-0.7735293114512946
-2.828935986524292,-0.7694545466297043
-2.8535728540112935,-0.761725353044289
-2.83888404628693,-0.7500584559353437
-2.8533699838982938,-0.756632438074137
-2.8941412484255604,-0.7668764978409714
-2.855798767432985,-0.7648567207960483
-2.8555868607039385,-0.7463300080306072
-2.841717506865607,-0.7431651766666831
-2.841938617924851,-0.7727696578650408
-2.816006039490152,-0.748294759685415
-2.834728573349711,1.205131497087403
-2.775152304260473,-0.7867526442334116
-2.738781906661764,-0.7554008670371825
-2.729422687348477,-0.7612036959067036
-2.7579430044535367,-0.7688596223730103
-2.781778848880961,-0.7618445175064575
-2.8433746322756885,-0.7927807524268333
-2.845075815874097,-0.7613470138445754
-2.8843810656404605,-0.7429402885360699
-2.885910017594551,-0.7787705317053907
-2.8695508282307216,-0.75461863383306
-2.8798615712815905,-0.7654983431232396
-2.8997086010720485,-0.7285890152340162
-2.8999061269284003,-0.7595882953286143
-2.8847511688919822,-0.7600368709988177
-2.868593645277815,-0.7695110149687188
-2.8750764913146134,-0.7675556079325526
-2.8473293625635687,-0.7472760895163493
-2.876386342216796,-0.8070414872896531
-2.88636762098282,-0.7715096860143699
-2.905957558657844,-0.7484982469039287
-2.9433033901032233,-0.7484204675438217
-2.9690159103868723,-0.7852080365311915
-2.950095380779415,-0.7673387333732199
-2.9819542771156486,-0.7651620772896867
-2.976814184532403,-0.7505868648943832
-2.956852952241087,-0.863519244457477
-2.9615863026448173,-0.7683711068431307
-2.956318019611147,-0.7725728151294603
-2.943117953227404,-0.7574683613159205
-2.9445638649606556,-0.780863933165608
-2.9375525203686217,-0.7709098821139673
-2.9556887289413787,-0.7405580955687597
-2.9491082103028834,-0.7429495668871796
-2.937861568545029,-0.7676235037958509
-2.973121187207005,-0.7912687798080836
-2.9373010228862766,-0.8696892324346558
-2.9626375194188954,-0.737736722438487
-2.996900872433679,-0.7523160608163519
-2.95629974237928,-0.7495552995574563
-2.9460731784288585,-0.7307747972332221
-2.9591082926252734,-0.7519372330747385
-2.9033332862062227,-0.7387436179373077
-2.908088884899353,-0.7191789100766458
-2.8964042793569664,-0.7857369460212944
-2.8842319620588257,-0.7323070223846897
-2.874630507900842,-0.7603063415831501
-2.8815465899964137,-0.746229420740549
-2.8523090054617186,-0.7557182976362808
-2.820795946615146,-0.763916085869268
-2.7694973669733796,-0.772868360627139
-2.77348528183831,-0.757182171483814
-2.6972930618852926,-0.7929355596020518
-2.660095472055258,-0.7671914761920868
-2.6121063749078495,-0.7459841593113669
-2.5616768579351,-0.7628986112649101
-2.506073591695087,-0.7535270951488691
-2.456763281174111,-0.7614806798228
-2.43385048487408,-0.742429467674291
-2.3984033090404835,-0.7607501792740786
-2.38827611635823,-0.7580806304309091
-2.368315240246786,-0.7448262384804578
-2.3291382372857212,-0.7351630352450491
-2.309613291411055,-0.7436994296279109
-2.2956744973445278,-0.7446201281405146
-2.2808526791504855,-0.7480485752472805
-2.2591863295352383,-0.77345291934575
-2.2399056165712796,-0.7705058780389892
-2.230562495617346,-0.7662342554664797
-2.212637665382601,-0.754803905130028
-2.2395381281255857,-0.74855026232147
-2.2151267838256397,-0.7602460566921309
-2.223785296557836,-0.7871675257003542
-2.271478977938932,-0.7566935134605174
-2.27389342281685,-0.7365870518401052
-2.2836968481040496,-0.7988163799763159
-2.3342877910102566,-0.7713246612153941
-2.3495985467433234,-0.7399149142836656
-2.325838089389526,-0.7560103522633107
-2.363840107698298,-0.7861475729474408
-2.3900652623103853,-0.7500534965373871
-2.4238832795032828,-0.7610216661639579
-2.476259337198388,-0.7666716655193531
-2.493866505034066,-0.7563582108969403
-2.5159882015546726,-0.7581002466875948
-2.541453702747125,-0.76662130335499
-2.552229462569534,-0.7453416771907484
-2.57996450225891,-0.7766528338945652
-2.592118079587194,-0.7810017534443412
-2.6353939809521743,1.538780287857545
-2.58492329170204,-0.7322489834775594
-2.5936309376965765,-0.7647336706923431
-2.545485981795462,-0.9077054539139018
-2.5709976045084013,-0.7418540882918355
-2.5561176109132,-0.7645537411403723
-2.5486319512678883,-0.7660111934826056
-2.550215084416627,-0.7937216262998898
-2.577146800080637,-0.7412868192536283
-2.572056582596439,-0.7815328158786942
-2.5441344842814315,-0.768263647700628
-2.5196674909950496,-0.7412098357748794
-2.5117658577353708,-0.7704052310146288
-2.5017772917345305,-0.7567559929480672
-2.522543721395064,-0.7559286902515977
-2.5444027896815054,-0.7529366665896533
-2.509422042958762,-0.780638914530939
-2.5249141209490227,-0.7746246737819231
-2.5500629121786123,0.7403187134241167
-2.522811741372035,-0.8211819108354522
-2.5424731780636587,-0.7221023017954481
-2.498503010601361,-0.7488265003501342
-2.4617204249626026,-0.7857411857851885
-2.4998278222264605,-0.7470387358885078
-2.491774552950194,-0.7273182148405571
-2.5174833433065045,-0.7620173881114968
-2.5384500206477667,-0.7309259742114996
-2.5015327818379225,-0.7766175643568118
-2.526970389113542,-0.7615759171373352
-2.5557995085596352,-0.7639532777236882
-2.5629592872390705,-0.7474540251024847
-2.5497865103191266,-0.7318839073223876
-2.5365177008149926,-0.7843682008857948
-2.496869252146227,-0.7715723773447556
-2.4834677391600843,-0.774378602538846
-2.457695982693335,-0.7669711965833116
-2.4577551939852778,-0.7708410067581225
-2.423078481195442,-0.7818839777170626
-2.3951648324350487,-0.7630910673346076
-2.3486551204543398,-0.8787399693093474
-2.3471215199308615,-0.7930280528915141
-2.303227820059705,-0.7645668422218093
-2.2854410388919493,-0.7488649307701055
-2.214155633718743,-0.7507287489560495
-2.183325723688054,-0.7567740892340664
-2.144719365376318,-0.7350785552153409
-2.128090588255156,-0.7701826905768374
-2.1531792432138643,-0.7231145419806727
-2.1607246575950887,1.091356211720324
-2.1554699393713173,-0.7550575155018967
-2.159530009142806,0.3507905181105799
-2.1517639300270024,-0.7978204871896594
-2.1557162674534593,-0.7809907368850896
-2.1787901174181576,-0.7501445980707909
-2.2073165724924118,-0.76227122000634
-2.197476510144434,-0.7326282460396306
-2.18320949961856,-0.7308463478151925
-2.207609168920583,-0.7676531983773711
-2.186181172515469,-0.7857092038821887
-2.19984821853243,-0.7206912247988733
-2.163283141952854,-0.7365623739892354
-2.1321232528973266,-0.7607188624600438
-2.0829856925445944,-0.7485265464977848
-2.0184914977616533,-0.7551603136971449
-1.9973062810198456,-0.7514011304272291
-1.9419576167511514,-0.7387095727486718
-1.8892861695191854,-0.7628070646988871
-1.850782934773524,-0.7581436900613641
-1.8416554251994566,-0.7485271089786084
-1.8057106909449345,-0.762933245219046
-1.7836082199901706,-0.7715370848257259
-1.7456481468636726,-0.6984069915581274
-1.720240299911991,-0.7583373257223618
-1.6199742161570505,-0.7570433825558815
-1.6080245053509,-0.7632001078493733
-1.581539357407599,-0.770716045534808
-1.5421275297654313,-0.761231651905031
-1.5318352481872939,-0.7428870068901788
-1.5088261646765866,-0.7897385028289208
-1.4557877611298773,-0.7376483159864188
-1.4906244365576324,-0.27394750341882923
-1.499068455929715,-0.7697855012079317
-1.4722654756469726,-0.7991946103240035
-1.5115011784163956,-0.7596588219108772
-1.5563563619337542,-0.7643932667268553
-1.6194469134637102,1.5104044281353286
-1.6039862570541228,-0.7980013377449434
-1.6259706389795843,-0.7654619923581776
-1.6515203290908762,-0.7261638495786341
-1.6601656110993428,-0.9253890481658243
-1.7166838037925283,-0.7701098710840475
-1.7295257535698196,-0.7615669462512612
-1.7124236087765483,-0.7553017474126604
-1.7360549143877768,0.24950788720424671
-1.7087159222624795,-0.7592207426576636
-1.7001384491897569,-0.734918039702815
-1.67906390210636,-0.7431433598727724
-1.6510629229162128,-0.869498802086315
-1.645446240783936,-0.7295568408713546
-1.6380156878693102,-0.7761821676946242
-1.6296830380938663,-0.0431017442490513
-1.590847486871536,-0.7566861438719489
-1.5455751866172662,-0.7846606973939177
-1.544476188712125,-0.7853134712707639
-1.530705377419026,-0.7626676559977233
-1.5272619661276106,-0.7312738443164242
-1.5582029224731422,0.12884866176640578
-1.5555758916784612,-0.7503753647939502
-1.5289452381937394,-0.7902468779129196
-1.5802512821638988,0.3301076574990585
-1.5401344791810079,-0.7724072472744871
-1.5560892936246293,-0.7467444085708236
-1.5530967171434595,-0.7866358342401459
-1.540075796773102,-0.7669117734689063
-1.553989896839424,-0.7429963612166494
-1.5470067736176742,-0.7816045551880352
-1.5664979935921255,-0.773247102679141
-1.5581247989163776,-0.7463677275873561
-1.5589609860300437,-0.7594842073514995
-1.5985005018373548,-0.7785832615064177
-1.5939964704944258,-0.7776834793216111
-1.6197602708433396,-0.7381769552599704
-1.6495988383920546,-0.7472541851437264
-1.6423166285683486,-0.7695473412765351
-1.6337018975678286,-0.7792483032592731
-1.6671482365599222,-0.7722277268764007
-1.656561516587916,-0.7448849697926715
-1.6620821638795955,-0.7873380425374922
-1.6442682258267698,-0.7699274934409509
-1.6483091078678038,-0.7623492795201856
-1.6339359669043865,-0.7652311875235751
-1.601838570857226,-0.7827761713065785
-1.5699294889733257,-0.7484201264191042
-1.5534494283875042,-0.7542674953433259
-1.501355443689603,-0.7538774006709731
-1.5130496827892612,-0.7417251528948664
-1.467641271644775,-0.7799508129069148
-1.4725274404351103,0.36521243506947204
-1.446905941775799,0.8558450647983791
-1.3790149170567236,-0.7690662410163901
-1.3405715792962858,-0.7850981502785578
-1.3471641795949678,-0.7498628213265873
-1.3380286738441918,-0.7588844376569298
-1.328582796591543,-0.7644437842189276
-1.3294841306353378,-0.7706769658101373
-1.3200635437414618,-0.7489155614972358
-1.3413620532350106,-0.7660834584518134
-1.318976976546087,-0.7642004817866688
-1.3372308742945558,-0.7507884534054146
-1.3546191354743824,-0.7767191664300489
-1.386070963090175,-0.7741101452297507
-1.4073468876359227,-0.7724120165197037
-1.4132758660758675,-0.7575929014275031
-1.4350565962365789,-0.7773741713228913
-1.46222843405337,-0.7712727108760806
-1.4892303080699973,-0.7708164341050474
-1.500223215802643,-0.73222376489589
-1.5146836147696623,-0.7741855773712975
-1.5109124612747942,-0.7953525944376013
-1.553276069042183,-0.7311183888379075
-1.590548652742089,-0.8023958678505795
-1.6193365379378475,-0.7497336604971138
-1.6410866223353766,-0.7772309871916872
-1.6587650807663263,-0.7439738700459938
-1.6760417768524416,-0.7767162124808042
-1.7133171134910508,0.456779458685795
-1.7114424264744525,-0.7727340798406823
-1.7170800714406667,-0.7557927745157813
-1.730423943930775,-0.7650296697579481
-1.725834100100771,-0.7285136158003522
-1.724545835316549,-0.7967385867905808
-1.7041442825613713,-0.7619573828068605
-1.6965820581690878,-0.7541330861584593
-1.6903795344276258,-0.7762590592081793
-1.6421448649988772,-0.7426311668124583
-1.6286475202989092,-0.7681631527199809
-1.622611912785141,-0.7307450591197376
-1.5850192924043423,-0.7432628976883753
-1.6118339891548237,-0.7615618751510401
-1.6457145727071478,-0.7952047437383267
-1.6416675082452132,0.23592559813752487
-1.6553202706897647,-0.7224247773008043
-1.6622902282348144,-0.7300220709727172
-1.6753368208776367,-0.752755082960579
-1.6931808096119836,-0.7960504243214577
-1.7138594586499047,-0.7756568505205244
-1.6991981907479456,-0.7470851353527345
-1.7200415424499904,-0.7444965195211724
-1.743497793399838,-0.7266093450264242
-1.7477486541089753,-0.7421523324082595
-1.7865965453514496,-0.7085828186935366
-1.8268661353464737,-0.7465654880366367
-1.8805536834388243,1.5874185841514272
-1.8641296011959274,-0.736892605472437
-1.9234791822181145,-0.7750589608806817
-1.9380994648645349,-0.7592141587719184
-1.9987624647818623,-0.7593212474072091
-2.0295839215097944,-0.7321936504995283
-2.0368521777147155,-0.7701263938539799
-2.070218484148555,-0.7880181032443291
-2.0577645337199586,-0.7346372861447193
-2.089225260862673,-0.7785976916563462
-2.0830621761168473,-0.7457517800370459
-2.0912187232450274,-0.7671704164907946
-2.0745487122987134,-0.7703648561568731
-2.076428337277488,-0.7655307577029226
-2.075905781144401,-0.7513611721980561
-2.092664231618277,-0.7902541038189079
-2.076519477707442,-0.7688397398214766
-2.1094987483770256,-0.7496376685513906
-2.1117875910343558,-0.7578041318660363
-2.0662266601338795,-0.7695636669240089
-2.0805983460559454,-0.7703106234051798
-2.0766039978169637,-0.842414817199012
-2.0739313844521448,-0.7665378346279093
-2.0855832643570866,-0.7489686765411334
-2.098035263023871,-0.76357661028374
-2.116076637808331,-0.7840872272206292
-2.142637020897904,-0.7354978979077429
-2.212204966592448,1.5748858590991366
-2.157063837278004,-0.7413783224228971
-2.1657311989516517,-0.7462024134400216
-2.2067921723957746,-0.7604861066223451
-2.1590917337215925,-0.7479439435215258
-2.201661826680579,-0.7314819273361982
-2.163664599577131,-0.7742845548627189
-2.137822740641884,-0.7496151395053806
-2.1320551921778472,-0.7403714012574497
-2.1368525951675545,-0.7468813141720717
-2.1298819022048776,-0.7530920086371246
-2.127373610188407,-0.7447759208684933
-2.13120953819032,-0.7671316614124208
-2.1319676611266556,-0.7614626618796745
-2.143629040190261,-0.7629928387945967
-2.1656055247975363,-0.7288810918851002
-2.16239927035658,-0.752318668685532
-2.154364400537867,-0.7486530206218752
-2.1693146754158117,-0.755973513499059
-2.158468633771804,-0.7453526444649247
-2.1954422591384586,0.3978882816979167
-2.15187873338097,-0.76284095278727
-2.171236256220669,-0.7377933027490284
-2.1634301863442014,-0.7620731827319659
-2.1935723745159144,-0.7584801669951973
-2.1839443468560606,-0.7571906664809515
-2.169466491196179,-0.7803368521414064
-2.198139714088262,-0.7747166198354452
-2.161880344740465,-0.7441570477430347
-2.1258201702399657,-0.7726792595687147
-2.1366845356295183,-0.7375835045097291
-2.064490696166711,-0.7571944896730589
-2.0574072575868794,-0.7666377734465089
-2.0799314281505583,-0.7446157082425693
-2.0387054757575056,-0.7492035119464522
-2.025079720906364,-0.7522923109481189
-2.035162837444712,-0.7861971117970374
-2.0260865703641144,-0.7556515772927035
-2.00552406464365,-0.7505108615050136
-2.0745874171111476,-0.7325347076021216
-2.1317204683839335,-0.7831974582497905
-2.1442037921517927,0.2456372615172806
-2.19440754209718,-0.7277238904807896
-2.194731672183645,-0.7469032620812361
-2.190302711744019,-0.781820183125487
-2.269265183754665,-0.7083567870201911
-2.289515861813162,-0.7524352632147944
-2.302040492890833,-0.7552932786766197
-2.34159601345489,-0.7864659072706642
-2.336603735613116,-0.8396539192086145
-2.3604671873745287,-0.7663097727715813
-2.3888713181287935,0.8214337071428622
-2.39057117964267,-0.7608224256730237
-2.4236212895374973,-0.7612912676199026
-2.4310913209903595,-0.736935350317461
-2.414248543995328,-0.7560386954226169
-2.4125360333534576,-0.7533033785127076
-2.379777342455575,-0.7900454477157153
-2.354228862127967,-0.8963631136318428
-2.359755243139445,-0.7934907364460776
-2.3627071415157093,0.10706831902957835
-2.3274287367146047,-0.7724150870360879
-2.3046534055518793,-0.7705291367788638
-2.2876582459529304,-0.7753370162800439
-2.27504120282528,-0.7662980701098261
-2.3230906489378156,-0.7498761843565827
-2.3344150376340242,-0.7694971610411667
-2.347841069644356,-0.7696487581758613
-2.354334349104397,-0.7635345404091682
-2.3408487867681007,-0.7490968154116636
-2.3467888054197243,-0.7390245746254321
-2.3336867794331604,-0.7744814892200123
-2.349689281020449,-0.7491573584389832
-2.3759858971251684,-0.7531545865349464
-2.3810146066785993,-0.7752917834532159
-2.388428549459508,-0.7626566702539858
-2.3888137933853244,-0.7556052006934666
-2.3829712532276686,-0.7486363741430566
-2.367361235939167,-0.7771663900824276
-2.403475896123349,-0.739814342594799
-2.3985333807662883,-0.7751484503886276
-2.3671566412109666,-0.7404685919644752
-2.4083535668322287,-0.7782251100757819
-2.375951323677346,-0.7500027846549646
-2.381867303543653,1.0953856959570238
-2.373714653266714,-0.7667637566528148
-2.3496389350377704,-0.7625927131387994
-2.322772855907609,-0.7640663988827228
-2.3395896370808154,-0.7752368303595214
-2.3493051524771746,-0.7270085455848858
-2.380698883813017,-0.7164744084068
-2.4433300480322777,-0.7540374729076847
-2.4463774439472914,-0.7696888885111441
-2.4648675201626267,-0.7882804931716783
-2.5185052959574534,-0.6991201051750201
-2.543016547118663,-0.7497580207824978
-2.5967844875295736,-0.7473919442332498
-2.6150812259794542,-0.7617630302436431
-2.625671329704328,-0.7653269095638664
-2.64380258739241,-0.7697851489930576
-2.672301925774113,-0.7441539217114785
-2.6791903744397048,-0.7632797845104863
-2.656542035739096,-0.793696999969696
-2.720980841411921,-0.7513337908541511
-2.6981043691597737,-0.7407547674824556
-2.694395931597995,-0.7691854900672409
-2.7742011347540667,1.4963378914169743
-2.7441084233906103,-0.7751284007778486
-2.7202483665721977,-0.7648607410458677
-2.740678761272217,-0.7485905410765152
-2.7429648402278977,-0.0326021462036762
-2.7326709233959057,-0.7552886297735519
-2.7409686958444426,-0.7795421488206719
-2.7798212479452986,-0.7277312206989948
-2.8105299298168243,0.5054268703589954
-2.808121771500427,-0.7547400303853469
-2.8747957577375276,-0.7622879188859176
-2.8616323156995205,-0.7607524130397331
-2.9016956307801425,-0.7284056301100089
-2.9086471786268553,-0.7745956929483785
-2.914415288300508,-0.7586228986934476
-2.9509720198046847,-0.7581783381602373
-2.9575732104462507,-0.7388625886326925
-2.9808510125754974,-0.7579234260412339
-2.983081025799685,-0.8013418428200832
-2.992110074069782,-0.7361901656074828
-2.9829259021895878,-0.7711614254428502
-3.0090457556110333,-0.7860487605804249
-3.007869841371717,-0.7722773989484828
-3.022006382237643,-0.7702898254419047
-3.048111879899799,0.640933334198413
-3.049119384192623,-0.734026594438313
-3.085390847567469,-0.7349967010384023
-3.0378916087734837,-0.7949598621095636
-3.0649802929042025,-0.7260257629537027
-3.019268924023743,-0.7432889751995014
-2.9589465566604245,-0.7415679984271731
-2.9459458683930175,-0.7483233838937562
-2.932291024852663,-0.7792839567689512
-2.905140637086366,-0.7788479811600982
-2.8884888559404795,-0.7460761632259948
-2.866368937563353,-0.7663789157862202
-2.8516479628914473,-0.769595352453924
-2.849229965718874,-0.7674388295716436
-2.863733240461674,-0.784007017810474
-2.8883845532146077,0.13683579301635587
-2.897650005959794,-0.7522803237745243
-2.8777656207920237,-0.7652557696604712
-2.8374802945204243,-0.7584539722805709
-2.865340922099755,-0.7457482086164444
-2.8530648728081585,-0.7497845467136579
-2.8733276401852685,-0.7713198353386556
-2.8674858249576567,-0.7727161062895855
-2.853208523666368,-0.7591936844920565
-2.829082832883483,-0.7593799311899984
-2.8289545101382023,-0.761359006472341
-2.8487110765949346,-0.7599164405406351
-2.8152904734279787,-0.765213863476001
-2.8039091178701834,-0.7741566191223448
-2.8031754546093883,-0.7633843194875285
-2.8017985718860636,-0.7826244060069015
-2.8104639132248943,-0.7592618188788215
-2.804794139692367,-0.7755977193407438
-2.7919731435079655,-0.8250983190916567
-2.7763717470601486,-0.7583863313480486
-2.7583604125831678,-0.7625165028971445
-2.756642453448226,-0.7352210234290436
-2.763975126708339,-0.7478661211371868
-2.7602829207511905,-0.7387670053098527
-2.758069230552974,-0.7719363115405209
-2.7530260958895347,-0.7537065812081131
-2.7270665227904063,-0.7832557224369974
-2.6949183581405163,-0.7470744337683775
-2.7116951606232487,-0.7447053922362633
-2.68673453739578,-0.7407799599099378
-2.6901552129960797,-0.7570480283293604
-2.696236203092051,-0.7883751117313941
-2.6743917329667077,-0.7694970028084163
-2.673329604594595,-0.7596759385290717
-2.7211273911619824,-0.7588072452339127
-2.7358498677703134,-0.7463361412684347
-2.7538321721986034,-0.7553053621334026
-2.7874840862844144,-0.7404174521960637
-2.7651211938224565,-0.7637432178108532
-2.773707311245179,-0.7574240360401517
-2.780450378618177,-0.7457751445776584
-2.7368866799620784,-0.7540634134481172
-2.7542610785361084,-0.7866376568865535
-2.729855151355813,-0.7710349929847351
-2.725301758491441,-0.730729890069531
-2.7233981473236466,-0.7455974796070651
-2.720557324448733,-0.7422787281185519
-2.7149999934249833,-0.7449007986592013
-2.735169815169311,-0.7731294915793727
-2.779376912998055,1.4382164557416353
-2.7768568340117388,-0.749572148528642
-2.8134890581446776,-0.7613512767260016
-2.8278007827513143,-0.7600308110425136
-2.873976167634376,-0.76325499299112
-2.887117421061975,-0.7670896838355779
-2.883551012225444,-0.7532092681459296
-2.9301176109768363,-0.7738055113436793
-2.9463518581002477,-0.765844862866014
-3.0039069789938164,-0.7730857273042295
-2.9783430342352757,-0.7908877264369942
-3.051442150110082,-0.7785038367390164
-3.068258803830939,-0.7511331300214094
-3.053434483321909,-0.7868427584336702
-3.095239713473806,-0.7721372818503905
-3.1009606707074053,-0.7511199013132493
-3.092909738490122,-0.7351476322369653
-3.0948585416576453,-0.7263369141801937
-3.1009470409187943,-0.7521299639391833
-3.083053868460529,0.3358425880012026
-3.088003619047638,-0.7463059199738749
-3.0808910720369176,-0.7521851444410804
-3.085675023428915,-0.7475897491223101
-3.11893417452013,-0.7512567152129732
-3.1282038644311,-0.7575614082499023
-3.118613433029916,-0.7424744963645428
-3.138355334650051,-0.7430713473337025
-3.1474709068476328,-0.7302696650055983
-3.1542005446274968,-0.749157540209734
-3.1690092033901602,-0.7243380121489688
-3.154051832392734,-0.7445849475941617
-3.159224979569802,-0.7746963870763561
-3.1750014399847344,-0.7708344086582147
-3.20655023109389,1.382534794586224
-3.1893979570699154,-0.7588175833524847
-3.1756785024104586,-0.789188728175905
-3.171093655513844,-0.7801027061094417
-3.187506245896612,-0.7754343178359151
-3.1864426904203045,-0.7705070830675838
-3.1804452669832983,-0.7946771437998245
-3.175972057114994,-0.7243926068246814
-3.1631357180793005,-0.7763885333759096
-3.1481838906215414,-0.7483329205108922
-3.1427954009997494,-0.7488232162467652
-3.122282639305258,-0.7391594482982061
-3.1377734735950034,-0.7417340384011452
-3.1907787357045834,0.8137318766981178
-3.1591841800989875,-0.7604025599552624
-3.1389762488118853,-0.776640680043441
-3.147227488077877,-0.761561168707006
-3.140841982166166,-0.7610000065712118
-3.0938686167763514,-0.7474109809708357
-3.0989812969495176,-0.7505261040707636
-3.057412831249445,-0.7702740397914878
-3.0233712862657325,-0.7794240134895551
-3.040116341322072,-0.8082542767448007
-3.0052453724747945,-0.7520779061237017
-2.9779590010637866,-0.7667147422681186
-2.9175549172820356,-0.7599095490543186
-2.8993832274725966,-0.7720794208765984
-2.8817849065105774,-0.7513649431683651
-2.8547381184377674,-0.7487551912790108
-2.8666660619588646,-0.7533943908075903
-2.841808220596511,-0.7617307533919133
-2.8472846646948984,0.36971773836704036
-2.80596709593622,-0.7535070683965932
-2.7914528828225804,-0.7694856020648592
-2.7851078244510155,-0.7493836804171693
-2.810731625273221,-0.7357777161142214
-2.8343387911903988,-0.7762502130903737
-2.8492274170609693,-0.7885859870615898
-2.8664078287718557,-0.7730781123701806
-2.8667942749700206,-0.7721192868900502
-2.893700196009926,-0.7244584618144948
-2.881870192427553,-0.7621817967462299
-2.9028987839458096,-0.7461218628976883
-2.953269469676988,-0.7936283779545013
-2.957448729398167,-0.7472021513172179
-2.95796712462916,-0.7559295446002261
-3.004550553570376,-0.7852687073977558
-3.038366914218363,-0.7732528239327253
-3.068833580260183,-0.7324735259406754
-3.0987230401106203,-0.7462026588645161
-3.121470669320959,-0.7346611363041915
-3.1049330312648316,-0.7513428442896256
-3.1189242108145083,-0.7553602245384091
-3.1811162833404136,1.6020028732101756
-3.1459243164357042,-0.7010367798503023
-3.1746742839435695,-0.7661948183983225
-3.1809384376135847,-0.7726490208583932
-3.1622976817976642,-0.7605293620346132
-3.1848655708794507,-0.7908063397753975
-3.1782500146499557,-0.7481554180304089
-3.2044989464407734,1.2457202242182555
-3.1850916952645556,-0.7403243567950224
-3.1792289439140813,-0.7789193413337335
-3.1734924187131743,-0.7683141966675202
-3.1720471866782267,-0.7998829563068568
-3.1774739938112484,-0.7579195161734485
-3.178882521548185,-0.7513281774268672
-3.1651677516245873,-0.7682009102498134
-3.1580300020933776,-0.7536344934067808
-3.1649144544982577,-0.7500469494658516
-3.1625295698735765,-0.7433756213704031
-3.1622980434914325,-0.7803434370391537
-3.1499054270140636,-0.7394277872042084
-3.154212068278053,-0.7751413028945632
-3.1617080442307106,-0.744033937092387
-3.1767792224194062,0.649745764475081
-3.1651112361312306,-0.768110870931002
-3.1656350806848286,-0.7517692511193835
-3.161153823929849,-0.7866227390366387
-3.189373509580246,-0.7668869394232799
-3.1796626500945617,-0.7572830944142753
-3.149610794113234,-0.7642839885455031
-3.122116883735899,-0.7779612777138434
-3.104028682967055,-0.7704581133038538
-3.05690163363939,-0.7700951982167997
-3.022509051939158,-0.7847515295052974
-2.9914802184500395,-0.745979376089418
-2.9471082695936826,-0.7519507317760904
-2.9521049150045684,-0.7071438028735031
-2.9311713009075877,-0.7637454189878129
-2.8713267748308513,-0.766638339347279
-2.8345211041040925,-0.7413111539331273
-2.7773359572633622,-0.7634559121173892
-2.7620354754752174,-0.7808901745288769
-2.7724677160535456,-0.7506609065577903
-2.7146290481908544,-0.7819004058745405
-2.693490416719832,-0.7609735751787233
-2.6687155172408565,-0.7368840883035028
-2.6156211812040775,-0.8238816226426092
-2.6369307992370454,-0.7728821975525288
-2.6236879146212932,-0.7550611097607984
-2.6059376828765948,-0.7501340743645527
-2.603468498366937,-0.760806414906012
-2.5980500730052345,-0.7605160057971859
-2.620641917512619,0.04374938490314083
-2.588503299224798,-0.7428714577699159
-2.5972318558723457,-0.7653989166011929
-2.5849690110749304,-0.7328098200533351
-2.5423135916176216,-0.8913079049841013
-2.543615745579726,-0.7704452130914803
-2.5646752062723963,-0.7237448544996352
-2.570984926802105,-0.7570123807222482
-2.56514505755178,-0.7725604559245357
-2.58561820683196,-0.7638405289258604
-2.5694961031695156,-0.7582938005968326
-2.5942703519859633,-0.7766890467854948
-2.6397741099784624,0.09687305000210222
-2.612289590554899,-0.7921801680957979
-2.6159084188496475,-0.7757966636403519
-2.6124868832297707,-0.777096788756016
-2.6397821698959403,-0.7619616163462839
-2.635068130983465,-0.7653766367095769
-2.652892285929076,-0.7165156016167534
-2.614026727478941,-0.7392778039774253
-2.609344009691676,-0.7346071104644198
-2.6215212451188092,-0.7478398028501584
-2.635060163151855,-0.7668425739746569
-2.656082662879548,-0.4148974724363467
-2.6204422401170957,-0.7970393365886764
-2.6226616945432117,-0.7778224894775141
-2.5998027420517267,-0.7602431213981781
-2.6085482570541894,-0.7566648034682324
-2.6122935364433353,0.7587947628718137
-2.5753938635977938,-0.7483012880700618
-2.5801026318788747,-0.75113078183039
-2.5434403220605177,-0.8745387781213249
-2.5164600395745156,-0.7149647860558279
-2.506752492827158,-0.7371484244396449
-2.454285045813151,-0.7616688923217789
-2.462806809602148,-0.772627805478783
-2.4781489806253103,-0.7774197486584119
-2.4287636148681075,-0.7379177200160225
-2.4292207135370267,-0.7587458303803949
-2.4437451003511446,-0.7741314312698513
-2.449428320710534,-0.7853686735170863
-2.4941806647680447,-0.7525034642297056
-2.49483167070128,-0.7908872767418897
-2.543058168398057,1.458336713136674
-2.518276880556765,-0.7608959109863606
-2.484102856720112,-0.7469541645024352
-2.488400140327026,-0.7371166718206361
-2.461625695371632,-0.7525423727026654
-2.4432319880717204,-0.7939596558013209
-2.4190748509234754,-0.7637618747968696
-2.4045886033084716,-0.7806152378306095
-2.4194158229111027,-0.7496239299816558
-2.3705950101417708,-0.7779365474329577
-2.3454593725770034,-0.7798331286479201
-2.318227987354196,-0.7656148199212383
-2.3018595766724266,-0.7401789214851142
-2.285650362713416,-0.7626779683676171
-2.2945710785677647,-0.7187090202067588
-2.2554182159494256,-0.7575297218626884
-2.248397530684509,-0.788263323620992
-2.2388773053648543,-0.7749477315021881
-2.1865440475472697,-0.7923294920248849
-2.2331112855953403,0.6515604610178705
-2.2462324153347475,-0.7400562969276074
-2.233180368503663,-0.7800025899282101
-2.2638585739910773,-0.7593405987438308
-2.2347046490293367,-0.7895156795270872
-2.2407343592669866,-0.7772588832119784
-2.2796541009781683,-0.7525833315544538
-2.2439081379214714,-0.7472106553644894
-2.2399775693071247,-0.7562708391314047
-2.228965890740606,-0.7951890573403797
-2.2296995879416524,-0.7727751483905652
-2.1939499459101537,-0.7590312798244518
-2.2071972156709943,-0.755627620749862
-2.2088447530335165,-0.7664658716184032
-2.1870874518729533,-0.7580015375852208
-2.1685437182361884,-0.7716019782366401
-2.1819476359587378,-0.976750443847889
-2.151617612150122,-0.7622707216366227
-2.1519378528469066,-0.7649875428234264
-2.125542173787421,-0.7624717608742217
-2.0774317102152113,-0.7586499623131667
-2.0476741706879764,-0.742994297467567
-2.0282391056891536,-0.7511319896913876
-2.017846704624805,-0.7299610903551549
-2.0132564328425424,-0.7667767382820647
-1.9890549274705698,-0.7749923910064119
-2.044358221854287,-0.7633647724828347
-2.081256715624046,-0.7225901675814496
-2.085980827026897,-0.7682488609513536
-2.0994486170479725,-0.7481844039627242
-2.1241697423983505,0.4637508847135522
-2.0795221187667807,-0.7593853735794734
-2.1078197778318057,-0.7425443384170771
-2.1369697412644335,-0.7432486823935106
-2.1037517981062,-0.768859901011535
-2.1192062892255206,-0.7700642710928655
-2.0987362312156126,-0.7472085017736615
-2.1113277167944604,-0.7815860868430172
-2.1168448245521456,-0.7644514288970933
-2.075072141323157,-0.7689444086220178
-2.074179754243533,-0.7860992666658291
-2.0706149767029434,-0.7850575869423201
-2.075042942973851,-0.7805427222734398
-2.0707263977413515,-0.7471439187234605
-2.076623428823624,-0.8028220095494784
-2.0881128395645008,-0.7438031169649828
-2.081381530895396,-0.7861845830549961
-2.071965133838433,-0.7564114130548236
-2.0815909141071867,-0.7949064788474822
-2.0753775761454683,-0.7630803028745269
-2.0957207798322357,-0.7621854822388991
-2.0815616857559194,-0.7572333992067533
-2.112635963909391,-0.7403726739631943
-2.10580955858005,-0.746782803483633
-2.132427188503455,-0.7327439193694548
-2.134847486832666,-0.7591969332218632
-2.1456769668800812,-0.7740639099995533
-2.1500724354600873,-0.7825690851125461
-2.1802907113303096,-0.7881719454160275
-2.172037063245915,-0.7586385315484441
-2.170255846502236,-0.7613528595080568
-2.206709593453726,-0.7250471431577781
-2.2402265617544552,-0.7039315727838583
-2.2535175163538548,-0.7721589659737857
-2.268240261943159,-0.7373773133843302
-2.305597697817494,-0.7779201854687928
-2.3169595911313245,-0.7807165927239631
-2.3116149226908953,-0.7619966646788591
-2.37958423329932,-0.7621628638987608
-2.397952675497597,-0.7480397177310749
-2.4100438189224103,-0.7657534540967752
-2.4441914752894784,-0.7761852508910043
-2.4790354554948264,-0.756910335864022
-2.496050139851715,-0.7334888731196992
-2.535242124272407,-0.7699619628845392
-2.5789792719457223,-0.6848431667484739
-2.57930094355187,-0.7858016535845349
-2.584610808583369,-0.7675709063520618
-2.5928441887781397,-0.7696248673470247
-2.5820970453260914,-0.7608913453716749
-2.5617235086534054,-0.7733133353112753
-2.5437201809248706,-0.7592533272631835
-2.5145022248976243,-0.7634028282445121
-2.4684653943200803,-0.7801613789829372
-2.46027818875527,-0.7410421904398581
-2.4483550933814215,-0.777694860663627
-2.398187402601996,-0.7461155873917631
-2.3909199269816277,-0.772380491788069
-2.361603637985419,-0.7560948457444792
-2.326678886460914,-0.7686272589262522
-2.3042134420823452,-0.7668461023038894
-2.2972183133132957,-0.7438690800897594
-2.2849303855781526,-0.7843852139967382
-2.277767374014289,-0.42337046527697997
-2.2738846106833646,-0.7803490427280068
-2.2938856066694147,-0.763670052106353
-2.3271114885889257,-0.7648143119575118
-2.3413304365054053,-0.7452502344197712
-2.3655777131013136,-0.7721849849957748
-2.367122457022394,-0.7618167574328851
-2.379111465854145,-0.801492693376738
-2.3695083749417085,-0.7893143964247179
-2.3950878256091777,-0.7574175371207738
-2.4127717034439358,-0.7761348726776273
-2.438256806616566,-0.731667011554612
-2.4639220521368426,-0.7295764151310365
-2.4613479969871612,-0.733984490054547
-2.4594395629957795,-0.7210297307241816
-2.4928453583025747,-0.770772551551664
-2.492813583169963,-0.7518466903533987
-2.5335148631804074,-0.7532794150636811
-2.519954041566817,-0.7685142490418798
-2.507947977798843,-0.7820849450302993
-2.5049267224160823,-0.7820783498551969
-2.4648865745677644,-0.7675272186468143
-2.469666176272242,-0.7643452732204391
-2.4799191830409257,-0.749242095885632
-2.479459221278862,-0.8525822732848497
-2.501257628923212,-0.14278559248628991
-2.4800142993378875,-0.7378658449020689
-2.479079804888069,-0.7475679065720576
-2.474632454005915,-0.7397712277172267
-2.4981907432001926,-0.7368563654260634
-2.5071725478664426,-0.752739486599027
-2.5098329437499536,-0.7407441699519206
-2.548782178645458,0.704081969863605
-2.534052490321275,-0.7381391590938282
-2.52120520629603,-0.7475208834748336
-2.5716712222418447,-0.7706659732865603
-2.591351285243243,-0.7310536592631454
-2.5629757116544827,-0.7429796638155083
-2.6094573324344053,-0.7471825447738955
-2.5667214369960543,-0.7797690152395023
-2.544401833381036,-0.7903613793903866
-2.554573217974315,-0.7870654357796942
-2.498462645374492,-0.06884345589081495
-2.472929721127366,-0.7982669921983276
-2.4520010073854346,-0.7421082557278756
-2.427813140832103,-0.7505238110155622
-2.403959067986467,-0.7659908745686136
-2.3750012511725,-0.7577928540873542
-2.3783547039346766,-0.7684977942246067
-2.371951790802612,-0.7473053560825648
-2.3306728738860403,-0.7496852989937447
-2.3557561031907817,-0.7503135127658421
-2.3471579031969,-0.755831355687712
-2.351840808994639,-0.7776175925118064
-2.365928021620582,-0.7323997561038853
-2.3326663345333842,-0.7462481782534937
-2.353217225311766,-0.0679486148653563
-2.3498405078713747,-0.7506335905556486
-2.3489950628601046,-0.7437568490585079
-2.33974850830451,-0.7595044295276009
-2.3264403547923616,-0.7417122715649953
-2.3029054137093614,-0.7297177658662297
-2.3349566394556374,-0.7608163868305196
-2.267223123752951,-0.770254517498249
-2.2951023766369505,-0.799885124522725
-2.3184306713202747,0.6754045102359725
-2.291038418209079,-0.7360423357717283
-2.336493367257801,-0.8018705040872233
-2.3302033206926915,-0.7896022504381202
-2.3256386200356105,-0.7509266735302792
-2.3656270846740495,-0.7649587649678142
-2.3804304507165654,-0.7527614179204928
-2.439961566204767,0.4713918859087231
-2.43595707925468,-0.7681137603715421
-2.430511611156867,-0.7742744725408768
-2.4505859361759215,-0.7724126795612039
-2.4415198719631026,-0.7503801618472694
-2.467485536400609,-0.7695519669138897
-2.4756455985377728,-0.7529112740112319
-2.474558999165307,-0.7548238178898591
-2.4632886669736602,-0.7750774696884798
-2.439725291666796,-0.7774084087330551
-2.4234267487854053,-0.7657602985294725
-2.413608364001559,-0.7750118606081887
-2.363078689903378,-0.9460338987053627
-2.3596284459010164,-0.7824238994096225
-2.319573658767231,-0.7739035361965771
-2.3239211611642876,-0.7659522061025826
-2.3101023626790975,-0.7510145818104814
-2.3204823245553223,-0.7662987757223398
-2.3281820456565403,-0.9414072398919452
-2.347676489434105,-0.7661328638908832
-2.3291986145432264,-0.7580723926953873
-2.356383305700961,-0.7712763185905659
-2.3726804347677466,-0.767750072146262
-2.3438484856700486,-0.7317411363654215
-2.3160555984797893,-0.7899665118302718
-2.30498430797894,-0.7686211443696638
-2.275323150915977,-0.7646992659457779
-2.2751583189941575,-0.7790159316807177
-2.274441717114542,-0.7354245343522124
-2.26055815821473,-0.7709230666265013
-2.224039833470912,-0.7597137385654883
-2.227528489402974,-0.7430558018164772
-2.2015800705932205,-0.9213359172037191
-2.211859390941674,-0.7813190992133742
-2.208440970272179,-0.797057936442494
-2.196726894705364,0.8600238305846325
-2.1250167138982343,-0.7499017310145694
-2.1299232140650295,0.37842242666048415
-2.1145255402081227,0.5104711782525677
-2.100059101078218,-0.7840617236390491
-2.0762464675295074,-0.7648729473803851
-2.081131017794874,-0.7339089493163947
-2.06235502928171,-0.7638703279401017
-2.064017438462339,-0.7511540611853371
-2.0537563694093377,-0.772683820499013
-2.0374193345278626,-0.7360907194136868
-2.0479126648392247,-0.7627390818797428
-2.0125943636569263,-0.7459290122592249
-1.985858497683101,-0.7551753836661468
-1.9673802996767176,-0.775003899047086
-1.9424108827618398,-0.7415901666685087
-1.938161584833862,-0.7485328918496537
-1.9269085698306934,-0.7423656350948853
-1.9261268460579137,-0.759651353508435
-1.9080566122106963,-0.7647768520132057
-1.922729376271002,-0.7629866376163881
-1.9249361043764763,-0.7853997899802946
-1.9378861747482568,-0.7694189349778578
-1.9369158920842258,-0.7803872424440733
-1.924457181131574,-0.7574818694768364
-1.9372815117230715,-0.7574152741097295
-1.944511880862846,-0.7431165936121243
-1.9590638014983999,-0.7760428920395941
-1.9888839087830037,-0.7315177885786946
-2.0078611680302574,-0.7577442533435
-2.0185723365425323,-0.7656805778416116
-2.044202843474437,-0.7502385020352731
-2.049984254635807,-0.7700292101315992
-2.0629868991775284,-0.7593092346636987
-2.0599276013982584,-0.7561391586093574
-2.0601779747596356,-0.7647016144406319
-2.0555445576060323,-0.7736356841814273
-2.033964784663537,-0.7767101724103472
-2.045673056519301,-0.7816670566733638
-2.0088951400475583,-0.7464823599055289
-2.0120905655718246,0.0886858205207796
-2.022251133819048,-0.7658666403163394
-1.9969099815167053,-0.7746287023658834
-2.0017502163424252,-0.7690629694587622
-2.0253225753830275,-0.754755033926216
-1.9960813041155505,-0.7715243019211222
-2.0120052729915656,-0.777009396569199
-2.0337506706947885,-0.7498771465010976
-2.009163672728329,-0.7726892205009883
-1.9894183907267413,-0.779184965519474
-1.9724837412283653,-0.7724960366692489
-1.9655235599065046,-0.7688175296287002
-1.9598321438825257,-0.7661928102008023
-1.9676719656576371,-0.7674272212187182
-1.9578970075995827,-0.7465469246528076
-1.9469614142843676,-0.7262375243183244
-1.9356314639169403,-0.7438011214178967
-1.9292725614156745,-0.7372829816401663
-1.9176706544049682,-0.7434752624994171
-1.9274379013150076,-0.7584613512388072
-1.8967768596405186,-0.7716490195960963
-1.878969262308185,-0.7737199928057981
-1.8811406421255035,-0.7510357762207371
-1.8396213725728578,-0.7272666384383605
-1.8018856362585236,-0.7806840311260383
-1.862176949562709,-0.7594895691843375
-1.8177167589321561,-0.7237072375145432
-1.7996872145475626,-0.7420277702537789
-1.8158791117832513,-0.7588641172085562
-1.7781419831228176,-0.7742112565303207
-1.7637165752512554,-0.7370696866449142
-1.7816997126042216,-0.7419852560373639
-1.742594636971559,-0.7574660386506917
-1.7425102918667872,-0.7408617234176295
-1.7544901843646468,-0.7738685783821104
-1.7441256040863742,-0.758006377092898
-1.7432585239639256,-0.7440751627163247
-1.7714151762975747,-0.739337627994205
-1.7667679436615413,-0.776638877851744
-1.7990752787859459,-0.7445330748375162
-1.8072454671673075,-0.7653159652387579
-1.796253913148417,-0.7920353547249498
-1.808120336398739,-0.7768127452571392
-1.7847549723099987,-0.7926179578671262
-1.8198611215924145,-0.727236798868258
-1.874535440482895,-0.7267277492312874
-1.8406331390945998,-0.7646425383939959
-1.8714282458696858,-0.7641837190315818
-1.8583756208903297,-0.7648032244919247
-1.8132244426354882,-0.7640101627041954
-1.8287508765864455,-0.7699944575411433
-1.8474815160843527,-0.7617130504060653
-1.8369470058301949,-0.7264553364901576
-1.834176664755644,-0.7623974606335359
-1.800934775224398,-0.7548821269401476
-1.7806653875291847,-0.7450928797953481
-1.7684848630455021,-0.7604499788135091
-1.7795569237370883,-0.7585417749510637
-1.8029232286895076,-0.7777141982386885
-1.7796081308618226,-0.7567656663815245
-1.7698054609802718,-0.7770432789287501
-1.804136806255049,-0.7784104176812695
-1.8375906174644725,-0.7480987972809207
-1.8144854998333442,-0.7423987665870981
-1.8154126147977534,-0.7286328313910129
-1.8019127471723522,-0.7640070304118328
-1.7877720993003017,-0.7724545016438921
-1.7953480381062858,-0.7744836997486337
-1.7905359868741197,-0.78001818653763
-1.7813699438712534,-0.756476551177868
-1.7821387561805326,-0.7564619752433377
-1.8114708349947803,-0.7634532239342661
-1.8404336592043142,-0.7358758232417375
-1.8041323052713465,-0.7640476362794996
-1.829696710878204,-0.7302640336477747
-1.8207158518255262,-0.7760798821847156
-1.8012028537148281,-0.757817965120206
-1.8349973710407745,-0.773999502732332
-1.8321478316377988,-0.10529127167269514
-1.8099447202990113,-0.7341946699897026
-1.8098391573290655,-0.7807724293425522
-1.7859512353208162,-0.8916759546828708
-1.8015284193932581,-0.7628375280568455
-1.7939856423122593,-0.7793318875853531
-1.7635015730141745,-0.7581115149767477
-1.7464425191469237,-0.7498772006005368
-1.7763508046534187,0.3684636580659621
-1.746291674012775,-0.7497698316224286
-1.7106790828488294,-0.7278889335647115
-1.6839439710512998,-0.7559950609318004
-1.703337325097548,-0.7528270247531389
-1.66572096375505,-0.7413826710535366
-1.648875664703522,-0.7605569811504937
-1.6740817595762627,-0.7677037856404297
-1.6578528509627286,-0.7828128867728161
-1.706551855141292,1.4249920366193085
-1.6754560680131165,-0.7797913412324669
-1.6380314124911493,-0.7228009515783315
-1.6427320879804541,-0.7692726889548367
-1.6393963376182321,-0.7471036175739845
-1.6368252961775664,-0.7651926759600498
-1.6188272788119018,-0.7586389181660579
-1.603971171242618,-0.775444173616913
-1.6168234274701523,-0.7666641673662701
-1.5988684344415758,-0.7715190675359034
-1.6163234631994556,-0.7387261616293358
-1.6473627068532182,-0.7518980691861147
-1.6567403162221184,-0.7514755303021415
-1.6929983728335145,-0.7651785513836382
-1.7031853606303127,-0.7730219716919705
-1.6850888363153547,-0.7423275386578891
-1.6999775278746296,-0.7849370477402108
-1.7104296522921072,-0.7683338498832581
-1.755934263991741,0.7762318931831238
-1.7562282103353246,-0.7837157368736385
-1.775586519632952,-0.7645228017383229
-1.7437896534087383,-0.7517214843586442
-1.7495468917625487,-0.752619708992523
-1.777198798274847,-0.7865637861365817
-1.7701451589512431,-0.7569359864650176
-1.806973388902904,1.332249995276392
-1.766858858551372,-0.7438835215864266
-1.7723864633071733,-0.7870244563917335
-1.7672727380765854,-0.8065807268980875
-1.760948128179373,-0.7774669422228081
-1.7712016508107138,-0.7340805550352536
-1.7636018174152819,-0.7440632647210519
-1.7711773691428658,-0.7532487344496487
-1.801206993328052,-0.7412082439849444
-1.7780196124510266,-0.7639020483611451
-1.8184242973828997,-0.7524666301884507
-1.8467621304082789,1.074391923671724
-1.8416895901462687,-0.7563421675970828
-1.8555986742022705,-0.7355929263235671
-1.8289580222014925,-0.7894076878146921
-1.836894950853186,-0.7730754994022884
-1.8446298977585185,-0.7865363638366419
-1.8857598145278531,-0.779202649589373
-1.9175966983010557,-0.7502162772116099
-1.8915259786914744,-0.7652443964534906
-1.892422134020844,-0.7858109959437681
-1.9097452731775222,-0.7440391519026419
-1.9180997133805737,-0.766898666679708
-1.9277438746420985,-0.7523840978202773
-1.961527216024958,-0.034484835765921235
-1.9624207146956705,-0.7661549368103083
-2.0189460206724075,0.28642049846147916
-2.0517620390142084,-0.7842749974792285
-2.041774846867365,-0.7637208224026832
-2.0631029773152543,-0.7838395274716644
-2.0755388375369637,-0.7716787968287482
-2.0907597863628804,-0.7958340191813175
-2.104337388335584,-0.7323509488774268
-2.094178245316482,-0.7556634052005011
-2.0919880446350585,-0.7640256907675994
-2.1072048251821576,-0.7572794291388721
-2.1123192348280377,-0.790061159201325
-2.14097122574097,-0.7771746648335067
-2.168721046064178,-0.7496755323484452
-2.1626998810814704,-0.7474667957810591
-2.1802019743978596,-0.7602268133315433
-2.215319513837972,-0.7341965757260729
-2.2447272383064485,-0.7888555476672202
-2.2673917483771064,-0.7650700304179242
-2.2342024908918328,-0.7835417934549231
-2.221295976498368,-0.7862273554590908
-2.211260659646286,-0.7632712019289478
-2.2213590251090554,-0.7673596898432408
-2.2089274974582978,-0.7811496382673143
-2.1726029736911925,-0.7483936215416588
-2.1420455011209407,-0.7813678642549511
-2.112832036940386,-0.7852600911236564
-2.1128710051600774,-0.7776597878027919
-2.104513920553979,-0.7965327707798906
-2.065832626296189,-0.78423583857876
-2.1014282176945365,-0.7275610226657315
-2.090094660628573,-0.7603784687969721
-2.086273504217168,-0.7471779526227363
-2.122138102973304,-0.7519390273219017
-2.1334395026827067,1.2600405912314379
-2.1069894999198713,-0.7373135139988263
-2.1106603374244117,-0.7532517113988618
-2.1277874345542167,-0.7487143727455241
-2.154419537772659,-0.7222325349278026
-2.1461667408350342,-0.7318270167392946
-2.1494549805193786,-0.7309763770017073
-2.1426998745038164,-0.7499052961931554
-2.1364507124947263,-0.7519887763245363
-2.1326880088511677,-0.8027748825552837
-2.141195166091665,-0.7846178048627451
-2.1523861280246175,1.2243693526423172
-2.1298069180941237,-0.7257000705939467
-2.13981518136344,-0.7613821653152398
-2.1289641265900636,-0.7641574660460131
-2.208629284802058,1.5181276278058744
-2.157892463323939,-0.7903532376052899
-2.1444875858308654,-0.7469550786867807
-2.1779797680970057,-0.7497917662769015
-2.141182566357817,-0.735878668563812
-2.149074962519054,-0.7618364574433923
-2.1439652823336908,-0.7671485508485768
-2.1429201181891764,-0.758156069947624
-2.1760914336476,-0.7871489528287658
-2.1591125872986803,-0.7309043014513894
-2.1714637728693527,-0.7870752178102459
-2.1915857381241524,-0.7487514509971298
-2.1797258453592487,-0.751962645278464
-2.212112609425409,-0.7234352545916806
-2.19324208617769,-0.7428137689214538
-2.174402067261358,-0.7592433773693805
-2.1966564293798676,-0.7727111233702384
-2.189066004792249,-0.4168559482729553
-2.1562508036413934,-0.786995323922541
-2.1745155328900934,-0.7628212153667813
-2.1724405363390713,0.42560400995402947
-2.1183859664380926,-0.7677356324657386
-2.090313714509018,-0.7658232340056347
-2.073413542568758,-0.782764078600062
-2.0506286800993356,-0.7752865545873229
-2.0668526814645647,-0.7002062619162032
-2.091188608927391,-0.742533231093051
-2.0489489227710767,-0.7595344003325589
-2.0415797778391185,-0.774182522255817
-2.0597758045682006,-0.7723460762135924
-2.055178643022664,-0.7560768437785342
-2.042766502236944,-0.7847113725733981
-2.03159622135538,-0.7814718996911687
-2.0525979889277775,-0.7438627377403851
-2.012820887507181,-0.7498363911881704
-2.0207946783207387,-0.7777844985415788
-2.027712119683897,-0.7645245711751394
-1.979080418976951,-0.7507111058888852
-1.9413683762650071,-0.7805153766795891
-1.9544232287643255,-0.766310206300746
-1.9140913784915363,-0.7458325577315378
-1.9215372968446403,-0.741312835894265
-1.9407035938372883,-0.7559707902005206
-1.9031762233963403,-0.7571405364724616
-1.922872299350388,-0.7710618460797416
-1.9217825869338976,-0.7375171795292604
-1.9233909167027656,-0.7580823343256878
-1.9506815405672397,-0.7574228074791808
-1.9621377168686585,-0.7614314806025145
-1.9713128723017568,-0.7611887513762013
-1.9672400906889735,-0.7787501837636303
-1.97159509732444,-0.7887676947898208
-2.0064496048516967,-0.7409887780541421
-2.0116127115504665,-0.7460494150824488
-1.9860106272057363,-0.7653474318024712
-2.0053767047906215,-0.7603003904988667
-1.9724126948447884,-0.7639901052211799
-1.9868772662506482,-0.7614487027270292
-1.9876681385110277,-0.7705441150758046
-1.993305044912395,-0.7531672441758963
-1.986087945192749,-0.7656834717240957
-1.952868656370662,-0.7668483882671565
-1.9485798551219238,-0.7545808620574187
-1.9338197352973012,0.6468007761494056
-1.8644880164828275,-0.7953445530253237
-1.8735162624262538,-0.7327786789947895
-1.8212301256544927,-0.7557128662358549
-1.7937799580096276,-0.046156058459751584
-1.783651232177948,-0.7627026247369708
-1.7428038285852538,-0.7609206448635704
-1.728516308649873,-0.8021981818198433
-1.711010722724339,-0.7875516438135318
-1.6925815288361388,1.0670110703353033
-1.6571932685325446,-0.796572124516054
-1.6588957967606168,-0.8615178134683806
-1.658329086649337,-0.7746664892071571
-1.662849395379125,-0.781333354822304
-1.6378956682297379,-0.7839646615068214
-1.6265573713585955,-0.7640383132799282
-1.6288107350593541,-0.759290170154868
-1.6336315619278527,-0.7575963492662303
-1.6517764770387096,-0.7574053133922622
-1.6859434569303702,-0.7574319008082283
-1.6694522877999094,-0.22215158473804772
-1.6570715237530753,-0.7340263032471521
-1.663843837241448,-0.771499499375448
-1.6639872375298204,-0.7819857693980927
-1.6977742070834214,-0.7808515783880485
-1.6689476847308444,-0.7683774946487023
-1.6960101419338816,-0.7284247867015863
-1.714672630766356,-0.7830984778551038
-1.6928273226972543,-0.794422398439824
-1.7289705443983114,-0.7642397665528202
-1.7306066146282217,-0.7659779514731054
-1.783534474731978,-0.728220515940289
-1.8136594289185457,-0.7707011312991865
-1.8320728579715533,-0.7476414697716924
-1.851228944825839,-0.7487774068314126
-1.8954451862973665,-0.7660901692909703
-1.9001299780820036,-0.7655397894702045
-1.888112952199485,-0.7655749445506028
-1.9260328055234333,-0.7474371426963129
-1.921689057084072,-0.769348555743615
-1.9306147456730938,-0.7617543576125896
-1.9590708094978218,-0.7754783556536136
-2.0224217977408014,-0.7362956768198049
-2.044593887437882,-0.7494569489894539
-2.0589998658179334,-0.7817646486534228
-2.083676935260376,-0.744102984404669
-2.0805008145616894,-0.7463844588453277
-2.064323582641726,-0.7488901967808294
-2.104471364538933,-0.7666151360774986
-2.045491853076214,-0.7622989503942645
-2.0286658098003145,-0.7891479122679518
-2.040863789931529,-0.7557966308731616
-2.059903884668149,-0.7735862818287794
-2.0811321279608097,-0.7683515278795136
-2.0739518156981633,-0.7480184041464374
-2.044489609422754,-0.7491626868771886
-2.0372967920123854,-0.7474707369740574
-2.022017182639574,-0.747751080517804
-2.0280662013454624,-0.789971651083225
-2.055489583206723,-0.716773772240105
-2.0751644922692387,-0.7628699617564596
-2.0550009489759073,-0.7484231158769838
-2.096720200078733,-0.7450253234570492
-2.1024883862518697,-0.7967938642938294
-2.084047010692613,-0.7531285521777126
-2.1005989560113782,-0.7676826365655319
-2.0887379749136015,-0.7368554077749297
-2.0988477031852746,-0.7293870863977019
-2.060571817073562,-0.7479831446589106
-2.095568358197869,-0.7597355555855816
-2.1296262403486255,-0.7555126459050661
-2.1058604812267556,-0.7687777553792734
-2.1238854819918975,-0.7604337429291214
-2.144187558782901,-0.7642193099727759
-2.1057550874294484,-0.7713299856368121
-2.154954340365837,-0.7842720482343382
-2.1418463364736113,-0.765333708285868
-2.13442376885483,-0.11177851765239342
-2.1276845415527594,-0.7665430967865448
-2.114161517025182,-0.7729354211343428
-2.1468834155555943,-0.782111560573042
-2.131889512240483,-0.7677540177618435
-2.1398958646937385,-0.7588230015719039
-2.159880135909975,-0.7903815912468951
-2.1522466101769493,-0.7911821379702031
-2.1465545125365812,-0.772317710667073
-2.1824979820413994,-0.7817183677708596
-2.177702150560524,-0.7497785453959582
-2.196399738774855,-0.7823356757686638
-2.2429422029416726,-0.792402462015171
-2.29256813887082,-0.76648896001931
-2.3397639060815463,-0.7817475680338181
-2.3731148636751547,-0.8052800549940566
-2.3932019852161095,-0.7512945212824866
-2.4372401219850257,-0.7432385796552107
-2.455995189300164,-0.7603513704025349
-2.44512046475802,-0.7798560523918272
-2.474553642064604,-0.7710237733614391
-2.422603644489168,-0.7756185183837808
-2.4334294544808177,-0.7603074639233444
-2.4326549763418366,-0.7529897376406426
-2.428755936088073,-0.7371178394967451
-2.420250343713827,-0.7707480411505503
-2.4103608576607667,-0.7845021811635106
-2.4217337906331284,-0.7846978860586649
-2.405441698558986,-0.7769106041098297
-2.3950685130577507,-0.7667595802409694
-2.393773595709209,-0.783218942210512
-2.349613730583626,-0.7566912184312755
-2.3362182061600714,-0.7904951312138452
-2.353728691166924,-0.7208093307592723
-2.356126391669726,-0.04471971508124368
-2.3350891865929553,-0.7436205589525444
-2.334170622601023,-0.7878790884858087
-2.2977853600482065,-0.755177061567334
-2.31155248895034,-0.7816361943070981
-2.302900709618565,-0.7824870509394597
-2.286105172902022,-0.7979384628708107
-2.281011390788958,-0.7868680738051256
-2.286127907885985,-0.7303039007945791
-2.3282892898555683,-0.7652587480342655
-2.328382496193059,-0.7470984832574747
-2.3345222864634225,-0.7504671780401937
-2.3264255254176565,-0.7451161060031191
-2.3225088229104274,-0.7649985856100322
-2.338708316396484,-0.7636554098339882
-2.3523244867355917,-0.7582833598068611
-2.366995752825854,-0.7712430175651521
-2.368030425169667,-0.754332422013579
-2.378125787421112,-0.7646762251684208
-2.3960339569031337,0.34415186663157604
-2.396406383067973,-0.776326244108018
-2.3677020618614506,-0.7492811888434984
-2.3681043213957738,-0.7840279375027205
-2.3361394404773006,-0.7491355459344271
-2.336592404191019,-0.7654562288217052
-2.317335576327043,-0.7623908668309995
-2.30096602991062,-0.7483645883399105
-2.2760003196714753,-0.768899447572664
-2.257421060150652,-0.7480294820946314
-2.243123484254816,-0.7845927456835636
-2.244758252430121,-0.7576341636404176
-2.2213574977776553,-0.764784492478645
-2.2208849043047274,-0.7367821342457642
-2.215348288737805,-0.7524562285658049
-2.2621825247329066,-0.7511144064317107
-2.2753133283134304,-0.7695430877868822
-2.285793787738748,1.062615900310783
-2.279619637646896,-0.7542216092537082
-2.285032685556436,-0.7887730691109378
-2.2899508141217177,-0.7581189358809358
-2.325695565044818,-0.7763218765622116
-2.335929717340171,-0.7460688107020756
-2.354865696739461,-0.7667082991212637
-2.3576893671365635,-0.783307344935033
-2.3616314398122964,-0.7791025123724465
-2.366875611335656,-0.7697783376104892
-2.343088101275747,-0.7678049173834799
-2.383983539564556,-0.7276967183443551
-2.4207705013138434,-0.7552721756682579
-2.407929127966196,-0.7714288684058402
-2.395988187106571,-0.763212589259313
-2.4165002855649993,-0.7988397889150478
-2.3861285077806693,-0.7550919798490398
-2.400387686524325,-0.7731899787587576
-2.4373308254682517,-0.7328046638624147
-2.4460844624838876,-0.7502130704490448
-2.424337677233134,-0.7558494535704946
-2.4346465324256648,-0.7378045014110275
-2.4097395432516953,-0.766164411992033
-2.3831057806624747,-0.758033369602701
-2.4260344304791404,-0.7273500717921186
-2.4102942800130878,-0.7305679119623817
-2.4197848062120566,-0.7175993927726494
-2.4724723738387797,0.8422907184010674
-2.4261227103313185,-0.7802012889407518
-2.4363242719175346,-0.788694503921328
-2.458141395804468,-0.7549431040098766
-2.442966886232082,-0.7790718230372041
-2.4561725219135933,-0.7626583069480871
-2.4241764457498127,0.4824748922780005
-2.385441162058875,-0.7655592452083496
-2.425531401397809,-0.7040979422341375
-2.433271473285128,-0.7698515391420871
-2.397759065114578,-0.7568517810146436
-2.4450377337723617,-0.7784564807999231
-2.443055670512814,0.7009023824863587
-2.4142490493064392,-0.7650249353595185
-2.4483244998500395,-0.7460987902131131
-2.461561737077923,-0.7814632881832805
-2.4808878439025297,-0.7509484175192748
-2.5144865018655644,-0.7531220389985629
-2.5427800550592368,-0.8323888591784001
-2.5890127956480002,-0.7546101616501503
-2.6136428842835553,-0.7463321751087204
-2.64959019403979,-0.7600464559168042
-2.663046803353703,-0.7560189066899834
-2.692179028121145,-0.7548047477703109
-2.7072629184615273,-0.7611766877841402
-2.722993361535729,-0.7843844239842193
-2.6994412425948484,-0.7352622820705966
-2.6748303913253113,-0.7522882422015339
-2.6863247192962114,-0.7591555839393328
-2.697812112414445,-0.7883073627971153
-2.661474682011791,-0.7456615251225531
-2.6283409896704413,-0.7616921936200404
-2.6173062555368842,-0.7790787570296661
-2.6172683238497347,-0.7844736118508785
-2.597474239418124,-0.7727934641451449
-2.6238788301843052,-0.7618940888872091
-2.6107658062758463,-0.7839594815140355
-2.6064616808814467,-0.7443749704793482
-2.618187003139387,-0.7418473647806916
-2.6409809974334157,-0.7451317960841832
-2.660456101652976,-0.7861709732673691
-2.7059825413273195,0.66520851893465
-2.667426274264464,-0.7610429335851941
-2.680121302890783,-0.7645989933910369
-2.6673733636646157,-0.7554698815112836
-2.664391424973903,-0.7292729479531938
-2.672544038251432,-0.7579906329373196
